rank_global,rank_in_level,word,pos,cefr_level,cefr_source,confidence,n_sources,total_count,recent_share_2022plus,newest_share_2025_2026,wordfreq_zipf_2021_baseline
1,1,at,noun,A1,cefrj-v1.5,0.97,5,60736026,,,6.7
2,2,the,other,A1,cefrj-v1.5,0.97,5,691175993,,,7.73
3,3,from,other,A1,cefrj-v1.5,0.97,5,58099231,,,6.63
4,4,this,other,A1,cefrj-v1.5,0.97,5,70579542,,,6.82
5,5,be,noun,A1,cefrj-v1.5,0.97,5,64570372,,,6.79
6,6,by,adverb,A1,cefrj-v1.5,0.97,5,61304176,,,6.66
7,7,or,noun,A1,cefrj-v1.5,0.97,5,55013361,,,6.54
8,8,not,adverb,A1,cefrj-v1.5,0.97,5,44648955,,,6.69
9,9,an,noun,A1,cefrj-v1.5,0.97,5,45102346,,,6.53
10,10,are,noun,A1,cefrj-v1.5,0.97,5,71375123,,,6.74
11,11,have,noun,A1,cefrj-v1.5,0.97,5,53082663,,,6.71
12,12,can,noun,A1,cefrj-v1.5,0.97,5,48684732,,,6.46
13,13,will,noun,A1,cefrj-v1.5,0.97,5,40622999,,,6.45
14,14,he,noun,A1,cefrj-v1.5,0.97,5,48689377,,,6.69
15,15,we,other,A1,cefrj-v1.5,0.97,5,52695034,,,6.54
16,16,your,other,A1,cefrj-v1.5,0.97,5,56381364,,,6.53
17,17,time,noun,A1,cefrj-v1.5,0.97,5,23809658,,,6.29
18,18,and,other,A1,cefrj-v1.5,0.97,5,371421678,,,7.41
19,19,day,noun,A1,cefrj-v1.5,0.97,5,11201928,,,5.95
20,20,a,noun,A1,cefrj-v1.5,0.97,5,292682787,,,7.36
21,21,work,noun,A1,cefrj-v1.5,0.97,5,12545035,,,5.96
22,22,life,noun,A1,cefrj-v1.5,0.97,5,10116674,,,5.89
23,23,only,adjective,A1,cefrj-v1.5,0.97,5,14995373,,,6.12
24,24,other,adjective,A1,cefrj-v1.5,0.97,5,19298916,,,6.16
25,25,with,other,A1,cefrj-v1.5,0.97,5,99393633,,,6.85
26,26,before,adverb,A1,cefrj-v1.5,0.97,5,9968723,,,5.93
27,27,to,other,A1,cefrj-v1.5,0.97,5,343961273,,,7.43
28,28,may,noun,A1,cefrj-v1.5,0.97,5,17163779,,,5.98
29,29,play,noun,A1,cefrj-v1.5,0.97,5,4668956,,,5.61
30,30,same,noun,A1,cefrj-v1.5,0.97,5,6887793,,,5.8
31,31,number,noun,A1,cefrj-v1.5,0.97,5,6080612,,,5.62
32,32,end,noun,A1,cefrj-v1.5,0.97,5,5757666,,,5.68
33,33,long,verb,A1,cefrj-v1.5,0.97,5,8034684,,,5.81
34,34,when,other,A1,cefrj-v1.5,0.97,5,24958035,,,6.37
35,35,point,noun,A1,cefrj-v1.5,0.97,5,4178246,,,5.54
36,36,case,noun,A1,cefrj-v1.5,0.97,5,4428291,,,5.55
37,37,place,noun,A1,cefrj-v1.5,0.97,5,7169162,,,5.71
38,38,into,other,A1,cefrj-v1.5,0.97,5,16819217,,,6.11
39,39,open,noun,A1,cefrj-v1.5,0.97,5,4737181,,,5.48
40,40,new,adjective,A1,cefrj-v1.5,0.97,5,24059772,,,6.25
41,41,who,noun,A1,cefrj-v1.5,0.97,5,24127042,,,6.34
42,42,people,noun,A1,cefrj-v1.5,0.97,5,17994611,,,6.25
43,43,world,noun,A1,cefrj-v1.5,0.97,5,11105996,,,5.89
44,44,than,other,A1,cefrj-v1.5,0.97,5,14486005,,,6.13
45,45,own,verb,A1,cefrj-v1.5,0.97,5,6853037,,,5.74
46,46,start,noun,A1,cefrj-v1.5,0.97,5,4630514,,,5.56
47,47,order,noun,A1,cefrj-v1.5,0.97,5,5197655,,,5.49
48,48,one,noun,A1,cefrj-v1.5,0.97,5,32465527,,,6.47
49,49,book,noun,A1,cefrj-v1.5,0.97,5,5018286,,,5.43
50,50,change,noun,A1,cefrj-v1.5,0.97,5,4361989,,,5.54
51,51,family,noun,A1,cefrj-v1.5,0.97,5,6813532,,,5.66
52,52,child,noun,A1,cefrj-v1.5,0.97,5,2937048,,,5.3
53,53,any,adjective,A1,cefrj-v1.5,0.97,5,14774027,,,6.07
54,54,great,noun,A1,cefrj-v1.5,0.97,5,8123401,,,5.88
55,55,both,adjective,A1,cefrj-v1.5,0.97,5,7910837,,,5.79
56,56,side,noun,A1,cefrj-v1.5,0.97,5,3853184,,,5.5
57,57,story,noun,A1,cefrj-v1.5,0.97,5,3697769,,,5.45
58,58,another,adjective,A1,cefrj-v1.5,0.97,5,6338552,,,5.74
59,59,small,noun,A1,cefrj-v1.5,0.97,5,4991845,,,5.51
60,60,become,verb,A1,cefrj-v1.5,0.97,5,3828305,,,5.4
61,61,of,other,A1,cefrj-v1.5,0.97,5,342783261,,,7.4
62,62,week,noun,A1,cefrj-v1.5,0.97,5,4433335,,,5.56
63,63,write,verb,A1,cefrj-v1.5,0.97,5,1689609,,,5.03
64,64,some,adjective,A1,cefrj-v1.5,0.97,5,18648335,,,6.2
65,65,run,noun,A1,cefrj-v1.5,0.97,5,3542858,,,5.49
66,66,month,noun,A1,cefrj-v1.5,0.97,5,2690945,,,5.25
67,67,every,adjective,A1,cefrj-v1.5,0.97,5,7040349,,,5.79
68,68,high,noun,A1,cefrj-v1.5,0.97,5,8799310,,,5.75
69,69,each,adjective,A1,cefrj-v1.5,0.97,5,8194043,,,5.69
70,70,young,noun,A1,cefrj-v1.5,0.97,5,3351650,,,5.43
71,71,about,adjective,A1,cefrj-v1.5,0.97,5,28565975,,,6.4
72,72,under,adjective,A1,cefrj-v1.5,0.97,5,6871392,,,5.73
73,73,light,noun,A1,cefrj-v1.5,0.97,5,3393782,,,5.33
74,74,year,noun,A1,cefrj-v1.5,0.97,5,12654701,,,5.96
75,75,first,noun,A1,cefrj-v1.5,0.97,5,18066141,,,6.11
76,76,together,adjective,A1,cefrj-v1.5,0.97,5,4053163,,,5.46
77,77,hand,noun,A1,cefrj-v1.5,0.97,5,3267550,,,5.41
78,78,special,noun,A1,cefrj-v1.5,0.97,5,3263774,,,5.34
79,79,head,noun,A1,cefrj-v1.5,0.97,5,3520650,,,5.51
80,80,name,noun,A1,cefrj-v1.5,0.97,5,6047892,,,5.61
81,81,front,noun,A1,cefrj-v1.5,0.97,5,2543205,,,5.28
82,82,today,noun,A1,cefrj-v1.5,0.97,5,5268152,,,5.55
83,83,line,noun,A1,cefrj-v1.5,0.97,5,4318800,,,5.49
84,84,many,adjective,A1,cefrj-v1.5,0.97,5,11969952,,,5.91
85,85,because,other,A1,cefrj-v1.5,0.97,5,10396440,,,6.03
86,86,person,noun,A1,cefrj-v1.5,0.97,5,3719663,,,5.55
87,87,red,noun,A1,cefrj-v1.5,0.97,5,2764832,,,5.32
88,88,once,adverb,A1,cefrj-v1.5,0.97,5,4444055,,,5.53
89,89,heavy,noun,A1,cefrj-v1.5,0.97,5,1173487,,,4.96
90,90,best,noun,A1,cefrj-v1.5,0.97,5,10065676,,,5.84
91,91,office,noun,A1,cefrj-v1.5,0.97,5,3681430,,,5.4
92,92,business,noun,A1,cefrj-v1.5,0.97,5,8190418,,,5.56
93,93,white,noun,A1,cefrj-v1.5,0.97,5,3691941,,,5.51
94,94,where,other,A1,cefrj-v1.5,0.97,5,13026242,,,6.0
95,95,cover,noun,A1,cefrj-v1.5,0.97,5,1797923,,,5.08
96,96,begin,noun,A1,cefrj-v1.5,0.97,5,1297651,,,4.84
97,97,close,noun,A1,cefrj-v1.5,0.97,5,2878236,,,5.36
98,98,black,noun,A1,cefrj-v1.5,0.97,5,3725011,,,5.46
99,99,meeting,noun,A1,cefrj-v1.5,0.97,5,1897863,,,5.15
100,100,face,noun,A1,cefrj-v1.5,0.97,5,2831820,,,5.45
101,101,question,noun,A1,cefrj-v1.5,0.97,5,2300131,,,5.35
102,102,blue,noun,A1,cefrj-v1.5,0.97,5,1853261,,,5.13
103,103,real,noun,A1,cefrj-v1.5,0.97,5,4776563,,,5.6
104,104,short,noun,A1,cefrj-v1.5,0.97,5,3005405,,,5.33
105,105,fire,noun,A1,cefrj-v1.5,0.97,5,2221378,,,5.3
106,106,green,noun,A1,cefrj-v1.5,0.97,5,2348046,,,5.13
107,107,bank,noun,A1,cefrj-v1.5,0.97,5,2008097,,,5.16
108,108,hot,adjective,A1,cefrj-v1.5,0.97,5,1945003,,,5.16
109,109,wall,noun,A1,cefrj-v1.5,0.97,5,1479735,,,5.04
110,110,still,noun,A1,cefrj-v1.5,0.97,5,7107885,,,5.92
111,111,spot,noun,A1,cefrj-v1.5,0.97,5,1010592,,,4.89
112,112,middle,noun,A1,cefrj-v1.5,0.97,5,1764344,,,5.18
113,113,dr,other,A1,cefrj-v1.5,0.97,5,2581318,,,5.24
114,114,pay,noun,A1,cefrj-v1.5,0.97,5,2815432,,,5.4
115,115,plan,noun,A1,cefrj-v1.5,0.97,5,3301323,,,5.29
116,116,full,noun,A1,cefrj-v1.5,0.97,5,5018818,,,5.54
117,117,dark,noun,A1,cefrj-v1.5,0.97,5,1431212,,,5.04
118,118,floor,noun,A1,cefrj-v1.5,0.97,5,1401860,,,4.94
119,119,meet,noun,A1,cefrj-v1.5,0.97,5,2562153,,,5.27
120,120,paper,noun,A1,cefrj-v1.5,0.97,5,2074908,,,5.07
121,121,glass,noun,A1,cefrj-v1.5,0.97,5,1191070,,,4.85
122,122,peace,noun,A1,cefrj-v1.5,0.97,5,1190782,,,5.02
123,123,sun,noun,A1,cefrj-v1.5,0.97,5,1398662,,,4.97
124,124,farm,noun,A1,cefrj-v1.5,0.97,5,892546,,,4.75
125,125,piece,noun,A1,cefrj-v1.5,0.97,5,1493932,,,5.04
126,126,is,verb,A1,cefrj-v1.5,0.97,5,146519170,,,7.07
127,127,either,adverb,A1,cefrj-v1.5,0.97,5,2463624,,,5.33
128,128,word,noun,A1,cefrj-v1.5,0.97,5,2124035,,,5.26
129,129,strong,adjective,A1,cefrj-v1.5,0.97,5,2306154,,,5.22
130,130,fair,noun,A1,cefrj-v1.5,0.97,5,1066750,,,4.99
131,131,spring,noun,A1,cefrj-v1.5,0.97,5,1298140,,,4.92
132,132,hour,noun,A1,cefrj-v1.5,0.97,5,1652616,,,5.18
133,133,they,other,A1,cefrj-v1.5,0.97,5,38324254,,,6.5
134,134,letter,noun,A1,cefrj-v1.5,0.97,5,1209797,,,4.95
135,135,almost,adverb,A1,cefrj-v1.5,0.97,5,2437013,,,5.39
136,136,action,noun,A1,cefrj-v1.5,0.97,5,2579219,,,5.25
137,137,corner,noun,A1,cefrj-v1.5,0.97,5,764297,,,4.75
138,138,sky,noun,A1,cefrj-v1.5,0.97,5,629951,,,4.72
139,139,car,noun,A1,cefrj-v1.5,0.97,5,3492135,,,5.45
140,140,finish,noun,A1,cefrj-v1.5,0.97,5,1104974,,,4.91
141,141,find,noun,A1,cefrj-v1.5,0.97,5,7851431,,,5.76
142,142,already,adverb,A1,cefrj-v1.5,0.97,5,3363881,,,5.55
143,143,gold,noun,A1,cefrj-v1.5,0.97,5,1893080,,,5.17
144,144,closed,verb,A1,cefrj-v1.5,0.97,5,1117428,,,4.9
145,145,then,noun,A1,cefrj-v1.5,0.97,5,13009094,,,6.07
146,146,eye,noun,A1,cefrj-v1.5,0.97,5,1457603,,,5.02
147,147,along,adverb,A1,cefrj-v1.5,0.97,5,3811586,,,5.38
148,148,off,verb,A1,cefrj-v1.5,0.97,5,8128961,,,5.93
149,149,teacher,noun,A1,cefrj-v1.5,0.97,5,1021204,,,4.88
150,150,tree,noun,A1,cefrj-v1.5,0.97,5,1186882,,,4.85
151,151,big,adjective,A1,cefrj-v1.5,0.97,5,4697209,,,5.67
152,152,rule,noun,A1,cefrj-v1.5,0.97,5,1020569,,,4.94
153,153,ball,noun,A1,cefrj-v1.5,0.97,5,1182833,,,5.04
154,154,hospital,noun,A1,cefrj-v1.5,0.97,5,1562906,,,5.07
155,155,job,noun,A1,cefrj-v1.5,0.97,5,3313606,,,5.5
156,156,reading,noun,A1,cefrj-v1.5,0.97,5,2186390,,,5.14
157,157,water,noun,A1,cefrj-v1.5,0.97,5,6095748,,,5.52
158,158,memory,noun,A1,cefrj-v1.5,0.97,5,1067050,,,4.81
159,159,stone,noun,A1,cefrj-v1.5,0.97,5,1033796,,,4.8
160,160,subject,noun,A1,cefrj-v1.5,0.97,5,1622393,,,4.96
161,161,body,noun,A1,cefrj-v1.5,0.97,5,3993280,,,5.4
162,162,do,noun,A1,cefrj-v1.5,0.97,5,40058438,,,6.35
163,163,owner,noun,A1,cefrj-v1.5,0.97,5,1085185,,,4.83
164,164,table,noun,A1,cefrj-v1.5,0.97,5,1938604,,,5.05
165,165,rain,noun,A1,cefrj-v1.5,0.97,5,616218,,,4.71
166,166,pair,noun,A1,cefrj-v1.5,0.97,5,730001,,,4.72
167,167,famous,adjective,A1,cefrj-v1.5,0.97,5,968960,,,4.84
168,168,carry,noun,A1,cefrj-v1.5,0.97,5,988722,,,4.89
169,169,wind,noun,A1,cefrj-v1.5,0.97,5,892027,,,4.84
170,170,has,noun,A1,cefrj-v1.5,0.97,5,32469895,,,6.37
171,171,bright,adjective,A1,cefrj-v1.5,0.97,5,627387,,,4.61
172,172,between,adverb,A1,cefrj-v1.5,0.97,5,7948208,,,5.77
173,173,care,noun,A1,cefrj-v1.5,0.97,5,5126355,,,5.56
174,174,fast,noun,A1,cefrj-v1.5,0.97,5,1780785,,,5.13
175,175,broken,verb,A1,cefrj-v1.5,0.97,5,731144,,,4.88
176,176,turn,noun,A1,cefrj-v1.5,0.97,5,2390898,,,5.32
177,177,heart,noun,A1,cefrj-v1.5,0.97,5,2659282,,,5.31
178,178,would,other,A1,cefrj-v1.5,0.97,5,18283775,,,6.27
179,179,snow,noun,A1,cefrj-v1.5,0.97,5,641955,,,4.66
180,180,problem,noun,A1,cefrj-v1.5,0.97,5,2709355,,,5.4
181,181,old,noun,A1,cefrj-v1.5,0.97,5,5870684,,,5.75
182,182,picture,noun,A1,cefrj-v1.5,0.97,5,1343988,,,5.13
183,183,party,noun,A1,cefrj-v1.5,0.97,5,3685224,,,5.49
184,184,cook,noun,A1,cefrj-v1.5,0.97,5,678115,,,4.65
185,185,ten,noun,A1,cefrj-v1.5,0.97,5,1402794,,,5.05
186,186,school,noun,A1,cefrj-v1.5,0.97,5,8168111,,,5.71
187,187,street,noun,A1,cefrj-v1.5,0.97,5,2582950,,,5.28
188,188,bottom,noun,A1,cefrj-v1.5,0.97,5,1128389,,,4.84
189,189,form,noun,A1,cefrj-v1.5,0.97,5,3541357,,,5.31
190,190,slow,verb,A1,cefrj-v1.5,0.97,5,817537,,,4.85
191,191,sea,noun,A1,cefrj-v1.5,0.97,5,1545900,,,5.06
192,192,animal,noun,A1,cefrj-v1.5,0.97,5,978276,,,4.81
193,193,five,noun,A1,cefrj-v1.5,0.97,5,3663456,,,5.45
194,194,ice,noun,A1,cefrj-v1.5,0.97,5,1303236,,,5.0
195,195,quickly,adverb,A1,cefrj-v1.5,0.97,5,1766304,,,5.0
196,196,machine,noun,A1,cefrj-v1.5,0.97,5,1646748,,,4.9
197,197,trip,noun,A1,cefrj-v1.5,0.97,5,1259637,,,4.9
198,198,which,other,A1,cefrj-v1.5,0.97,5,26242246,,,6.3
199,199,speech,noun,A1,cefrj-v1.5,0.97,5,722657,,,4.85
200,200,interested,verb,A1,cefrj-v1.5,0.97,5,1285252,,,4.95
201,201,arm,noun,A1,cefrj-v1.5,0.97,5,620827,,,4.73
202,202,fishing,noun,A1,cefrj-v1.5,0.97,5,566035,,,4.47
203,203,two,noun,A1,cefrj-v1.5,0.97,5,14811541,,,6.1
204,204,garden,noun,A1,cefrj-v1.5,0.97,5,1257460,,,4.77
205,205,driver,noun,A1,cefrj-v1.5,0.97,5,1020231,,,4.75
206,206,train,noun,A1,cefrj-v1.5,0.97,5,1063315,,,4.96
207,207,but,adverb,A1,cefrj-v1.5,0.97,5,39631797,,,6.63
208,208,field,noun,A1,cefrj-v1.5,0.97,5,2850481,,,5.24
209,209,whose,other,A1,cefrj-v1.5,0.97,5,1281331,,,5.07
210,210,out,noun,A1,cefrj-v1.5,0.97,5,24594723,,,6.38
211,211,hard,adjective,A1,cefrj-v1.5,0.97,5,3186702,,,5.53
212,212,board,noun,A1,cefrj-v1.5,0.97,5,2813022,,,5.24
213,213,three,noun,A1,cefrj-v1.5,0.97,5,7816064,,,5.78
214,214,winter,noun,A1,cefrj-v1.5,0.97,5,1274129,,,4.89
215,215,wear,noun,A1,cefrj-v1.5,0.97,5,1047353,,,4.92
216,216,fish,noun,A1,cefrj-v1.5,0.97,5,1203100,,,4.9
217,217,different,adjective,A1,cefrj-v1.5,0.97,5,6373585,,,5.59
218,218,room,noun,A1,cefrj-v1.5,0.97,5,3585315,,,5.39
219,219,celebration,noun,A1,cefrj-v1.5,0.97,5,377329,,,4.29
220,220,circle,noun,A1,cefrj-v1.5,0.97,5,482456,,,4.55
221,221,bus,noun,A1,cefrj-v1.5,0.97,5,793927,,,4.83
222,222,game,noun,A1,cefrj-v1.5,0.97,5,6081178,,,5.72
223,223,leg,noun,A1,cefrj-v1.5,0.97,5,543462,,,4.66
224,224,student,noun,A1,cefrj-v1.5,0.97,5,2125283,,,5.02
225,225,yellow,noun,A1,cefrj-v1.5,0.97,5,727237,,,4.69
226,226,large,noun,A1,cefrj-v1.5,0.97,5,3869057,,,5.39
227,227,true,noun,A1,cefrj-v1.5,0.97,5,2467681,,,5.4
228,228,reason,noun,A1,cefrj-v1.5,0.97,5,1995516,,,5.32
229,229,star,noun,A1,cefrj-v1.5,0.97,5,1882918,,,5.19
230,230,rice,noun,A1,cefrj-v1.5,0.97,5,591631,,,4.55
231,231,building,noun,A1,cefrj-v1.5,0.97,5,3650526,,,5.29
232,232,fill,noun,A1,cefrj-v1.5,0.97,5,816856,,,4.64
233,233,medicine,noun,A1,cefrj-v1.5,0.97,5,1119811,,,4.73
234,234,course,noun,A1,cefrj-v1.5,0.97,5,4386316,,,5.44
235,235,partner,noun,A1,cefrj-v1.5,0.97,5,1268509,,,4.84
236,236,shoulder,noun,A1,cefrj-v1.5,0.97,5,401515,,,4.5
237,237,arrive,verb,A1,cefrj-v1.5,0.97,5,393602,,,4.38
238,238,bar,noun,A1,cefrj-v1.5,0.97,5,1370498,,,4.94
239,239,dry,noun,A1,cefrj-v1.5,0.97,5,1118632,,,4.74
240,240,pop,noun,A1,cefrj-v1.5,0.97,5,922360,,,4.87
241,241,factory,noun,A1,cefrj-v1.5,0.97,5,551397,,,4.55
242,242,personal,noun,A1,cefrj-v1.5,0.97,5,3605763,,,5.2
243,243,bear,noun,A1,cefrj-v1.5,0.97,5,626054,,,4.71
244,244,box,noun,A1,cefrj-v1.5,0.97,5,1707693,,,5.04
245,245,cold,noun,A1,cefrj-v1.5,0.97,5,1326431,,,5.02
246,246,food,noun,A1,cefrj-v1.5,0.97,5,4312087,,,5.4
247,247,move,noun,A1,cefrj-v1.5,0.97,5,2658131,,,5.35
248,248,much,noun,A1,cefrj-v1.5,0.97,5,9143822,,,6.0
249,249,camp,noun,A1,cefrj-v1.5,0.97,5,914557,,,4.79
250,250,music,noun,A1,cefrj-v1.5,0.97,5,5054817,,,5.52
251,251,celebrate,verb,A1,cefrj-v1.5,0.97,5,482229,,,4.49
252,252,way,noun,A1,cefrj-v1.5,0.97,5,11232137,,,6.01
253,253,flower,noun,A1,cefrj-v1.5,0.97,5,442410,,,4.42
254,254,sell,noun,A1,cefrj-v1.5,0.97,5,1190967,,,4.98
255,255,weather,noun,A1,cefrj-v1.5,0.97,5,1188833,,,4.87
256,256,those,other,A1,cefrj-v1.5,0.97,5,9017960,,,5.9
257,257,clock,noun,A1,cefrj-v1.5,0.97,5,380737,,,4.43
258,258,feed,noun,A1,cefrj-v1.5,0.97,5,696145,,,4.67
259,259,hair,noun,A1,cefrj-v1.5,0.97,5,1740255,,,5.08
260,260,late,adjective,A1,cefrj-v1.5,0.97,5,2364744,,,5.34
261,261,six,noun,A1,cefrj-v1.5,0.97,5,2532683,,,5.29
262,262,rose,noun,A1,cefrj-v1.5,0.97,5,836079,,,4.82
263,263,difference,noun,A1,cefrj-v1.5,0.97,5,1301976,,,5.01
264,264,seat,noun,A1,cefrj-v1.5,0.97,5,966871,,,4.82
265,265,warm,verb,A1,cefrj-v1.5,0.97,5,912000,,,4.71
266,266,build,noun,A1,cefrj-v1.5,0.97,5,2112255,,,5.04
267,267,sum,noun,A1,cefrj-v1.5,0.97,5,287442,,,4.34
268,268,save,noun,A1,cefrj-v1.5,0.97,5,1956304,,,5.14
269,269,foreign,adjective,A1,cefrj-v1.5,0.97,5,1282961,,,5.08
270,270,hole,noun,A1,cefrj-v1.5,0.97,5,521753,,,4.66
271,271,thin,verb,A1,cefrj-v1.5,0.97,5,437024,,,4.47
272,272,block,noun,A1,cefrj-v1.5,0.97,5,1008045,,,4.88
273,273,neck,noun,A1,cefrj-v1.5,0.97,5,540856,,,4.63
274,274,should,other,A1,cefrj-v1.5,0.97,5,10227874,,,5.99
275,275,painting,noun,A1,cefrj-v1.5,0.97,5,690338,,,4.6
276,276,note,noun,A1,cefrj-v1.5,0.97,5,2072015,,,5.04
277,277,dog,noun,A1,cefrj-v1.5,0.97,5,1622597,,,5.1
278,278,group,noun,A1,cefrj-v1.5,0.97,5,5606107,,,5.57
279,279,left,noun,A1,cefrj-v1.5,0.97,5,4634309,,,5.62
280,280,guest,noun,A1,cefrj-v1.5,0.97,5,777172,,,4.58
281,281,art,noun,A1,cefrj-v1.5,0.97,5,3746988,,,5.29
282,282,pen,noun,A1,cefrj-v1.5,0.97,5,311580,,,4.38
283,283,test,noun,A1,cefrj-v1.5,0.97,5,2440609,,,5.19
284,284,noise,noun,A1,cefrj-v1.5,0.97,5,537766,,,4.55
285,285,correct,verb,A1,cefrj-v1.5,0.97,5,816934,,,4.79
286,286,need,noun,A1,cefrj-v1.5,0.97,5,10253645,,,5.97
287,287,important,adjective,A1,cefrj-v1.5,0.97,5,5201346,,,5.44
288,288,orange,noun,A1,cefrj-v1.5,0.97,5,628517,,,4.62
289,289,join,noun,A1,cefrj-v1.5,0.97,5,1730253,,,5.0
290,290,chair,noun,A1,cefrj-v1.5,0.97,5,783899,,,4.69
291,291,swimming,noun,A1,cefrj-v1.5,0.97,5,457597,,,4.43
292,292,dollar,noun,A1,cefrj-v1.5,0.97,5,479157,,,4.59
293,293,tall,noun,A1,cefrj-v1.5,0.97,5,423881,,,4.52
294,294,mountain,noun,A1,cefrj-v1.5,0.97,5,1031585,,,4.73
295,295,milk,noun,A1,cefrj-v1.5,0.97,5,711445,,,4.66
296,296,dream,noun,A1,cefrj-v1.5,0.97,5,977593,,,4.91
297,297,yet,adverb,A1,cefrj-v1.5,0.97,5,3311860,,,5.54
298,298,clean,noun,A1,cefrj-v1.5,0.97,5,1643390,,,4.97
299,299,leader,noun,A1,cefrj-v1.5,0.97,5,1254398,,,4.95
300,300,paint,noun,A1,cefrj-v1.5,0.97,5,681875,,,4.52
301,301,worker,noun,A1,cefrj-v1.5,0.97,5,368882,,,4.43
302,302,stage,noun,A1,cefrj-v1.5,0.97,5,1800411,,,5.1
303,303,soon,adverb,A1,cefrj-v1.5,0.97,5,2307901,,,5.32
304,304,these,other,A1,cefrj-v1.5,0.97,5,16974709,,,6.04
305,305,brown,noun,A1,cefrj-v1.5,0.97,5,1362950,,,5.01
306,306,tea,noun,A1,cefrj-v1.5,0.97,5,866431,,,4.73
307,307,section,noun,A1,cefrj-v1.5,0.97,5,1997402,,,5.0
308,308,pool,noun,A1,cefrj-v1.5,0.97,5,890502,,,4.67
309,309,egg,noun,A1,cefrj-v1.5,0.97,5,422705,,,4.46
310,310,city,noun,A1,cefrj-v1.5,0.97,5,6996289,,,5.61
311,311,moon,noun,A1,cefrj-v1.5,0.97,5,621235,,,4.7
312,312,sin,noun,A1,model:multinomial-logit-v1,0.4633,5,399170,,,4.37
313,313,beach,noun,A1,cefrj-v1.5,0.97,5,1351426,,,4.92
314,314,grade,noun,A1,cefrj-v1.5,0.97,5,932625,,,4.8
315,315,meat,noun,A1,cefrj-v1.5,0.97,5,590593,,,4.63
316,316,interview,noun,A1,cefrj-v1.5,0.97,5,962355,,,4.86
317,317,usually,adverb,A1,cefrj-v1.5,0.97,5,2117980,,,5.15
318,318,self,noun,A1,cefrj-v1.5,0.97,5,2604251,,,5.25
319,319,movie,noun,A1,cefrj-v1.5,0.97,5,1513501,,,5.16
320,320,four,noun,A1,cefrj-v1.5,0.97,5,4506475,,,5.53
321,321,seven,noun,A1,cefrj-v1.5,0.97,5,1550998,,,5.08
322,322,spend,verb,A1,cefrj-v1.5,0.97,5,1182849,,,4.97
323,323,fruit,noun,A1,cefrj-v1.5,0.97,5,688954,,,4.57
324,324,thick,noun,A1,cefrj-v1.5,0.97,5,414703,,,4.46
325,325,camera,noun,A1,cefrj-v1.5,0.97,5,1100629,,,4.87
326,326,knee,noun,A1,cefrj-v1.5,0.97,5,317025,,,4.33
327,327,program,noun,A1,cefrj-v1.5,0.97,5,4298964,,,5.27
328,328,grow,verb,A1,cefrj-v1.5,0.97,5,1261653,,,4.9
329,329,hotel,noun,A1,cefrj-v1.5,0.97,5,1647460,,,4.95
330,330,grass,noun,A1,cefrj-v1.5,0.97,5,378783,,,4.38
331,331,tight,adjective,A1,cefrj-v1.5,0.97,5,456986,,,4.57
332,332,language,noun,A1,cefrj-v1.5,0.97,5,2511373,,,5.1
333,333,discuss,noun,A1,cefrj-v1.5,0.97,5,865183,,,4.66
334,334,repeat,noun,A1,cefrj-v1.5,0.97,5,359266,,,4.49
335,335,flag,noun,A1,cefrj-v1.5,0.97,5,419542,,,4.58
336,336,conversation,noun,A1,cefrj-v1.5,0.97,5,692646,,,4.75
337,337,sentence,noun,A1,cefrj-v1.5,0.97,5,370196,,,4.58
338,338,sweet,noun,A1,cefrj-v1.5,0.97,5,1011287,,,4.91
339,339,twenty,noun,A1,cefrj-v1.5,0.97,5,612577,,,4.65
340,340,result,noun,A1,cefrj-v1.5,0.97,5,2470163,,,5.18
341,341,practice,noun,A1,cefrj-v1.5,0.97,5,2163613,,,5.06
342,342,leaf,noun,A1,cefrj-v1.5,0.97,5,314004,,,4.22
343,343,bird,noun,A1,cefrj-v1.5,0.97,5,592005,,,4.63
344,344,cat,noun,A1,cefrj-v1.5,0.97,5,839333,,,4.78
345,345,touch,noun,A1,cefrj-v1.5,0.97,5,1323014,,,4.91
346,346,how,other,A1,cefrj-v1.5,0.97,5,19775477,,,6.24
347,347,had,verb,A1,cefrj-v1.5,0.97,5,20666686,,,6.33
348,348,truck,noun,A1,cefrj-v1.5,0.97,5,654057,,,4.64
349,349,fan,noun,A1,cefrj-v1.5,0.97,5,803150,,,4.92
350,350,them,other,A1,cefrj-v1.5,0.97,5,17265895,,,6.19
351,351,sunday,noun,A1,cefrj-v1.5,0.97,5,1327699,,,4.92
352,352,coffee,noun,A1,cefrj-v1.5,0.97,5,1191184,,,4.86
353,353,if,other,A1,cefrj-v1.5,0.97,5,30270605,,,6.47
354,354,excellent,adjective,A1,cefrj-v1.5,0.97,5,1297674,,,4.73
355,355,pocket,noun,A1,cefrj-v1.5,0.97,5,411524,,,4.48
356,356,restaurant,noun,A1,cefrj-v1.5,0.97,5,875678,,,4.68
357,357,visit,noun,A1,cefrj-v1.5,0.97,5,2603743,,,5.04
358,358,pink,noun,A1,cefrj-v1.5,0.97,5,523871,,,4.52
359,359,character,noun,A1,cefrj-v1.5,0.97,5,1489865,,,5.11
360,360,gray,noun,A1,cefrj-v1.5,0.97,5,410802,,,4.45
361,361,bread,noun,A1,cefrj-v1.5,0.97,5,467497,,,4.5
362,362,also,adverb,A1,cefrj-v1.5,0.97,5,25392750,,,6.19
363,363,date,noun,A1,cefrj-v1.5,0.97,5,2882808,,,5.22
364,364,vote,noun,A1,cefrj-v1.5,0.97,5,888424,,,5.11
365,365,dance,noun,A1,cefrj-v1.5,0.97,5,1098887,,,4.93
366,366,autumn,noun,A1,cefrj-v1.5,0.97,5,244659,,,4.26
367,367,sugar,noun,A1,cefrj-v1.5,0.97,5,967997,,,4.68
368,368,computer,noun,A1,cefrj-v1.5,0.97,5,1779816,,,4.97
369,369,bridge,noun,A1,cefrj-v1.5,0.97,5,952671,,,4.77
370,370,colour,noun,A1,cefrj-v1.5,0.97,5,554296,,,4.49
371,371,quarter,noun,A1,cefrj-v1.5,0.97,5,848062,,,4.72
372,372,introduce,verb,A1,cefrj-v1.5,0.97,5,372831,,,4.37
373,373,always,adverb,A1,cefrj-v1.5,0.97,5,5442187,,,5.76
374,374,money,noun,A1,cefrj-v1.5,0.97,5,4644233,,,5.64
375,375,age,noun,A1,cefrj-v1.5,0.97,5,3356659,,,5.32
376,376,easy,adjective,A1,cefrj-v1.5,0.97,5,3474294,,,5.29
377,377,cool,noun,A1,cefrj-v1.5,0.97,5,1102578,,,5.15
378,378,non,adverb,A1,model:multinomial-logit-v1,0.5591,5,3372386,,,5.29
379,379,collect,noun,A1,cefrj-v1.5,0.97,5,566083,,,4.37
380,380,were,verb,A1,cefrj-v1.5,0.97,5,22767806,,,6.34
381,381,difficult,adjective,A1,cefrj-v1.5,0.97,5,1632056,,,5.07
382,382,walk,noun,A1,cefrj-v1.5,0.97,5,1491253,,,5.08
383,383,idea,noun,A1,cefrj-v1.5,0.97,5,2444766,,,5.36
384,384,sunshine,noun,A1,cefrj-v1.5,0.97,5,176180,,,4.16
385,385,science,noun,A1,cefrj-v1.5,0.97,5,2519823,,,5.12
386,386,farmer,noun,A1,cefrj-v1.5,0.97,5,224888,,,4.15
387,387,below,adverb,A1,cefrj-v1.5,0.97,5,2765351,,,5.05
388,388,fun,noun,A1,cefrj-v1.5,0.97,5,2311861,,,5.3
389,389,cloth,noun,A1,cefrj-v1.5,0.97,5,223626,,,4.03
390,390,describe,verb,A1,cefrj-v1.5,0.97,5,484154,,,4.56
391,391,fly,noun,A1,cefrj-v1.5,0.97,5,633442,,,4.75
392,392,toy,noun,A1,cefrj-v1.5,0.97,5,286295,,,4.3
393,393,boat,noun,A1,cefrj-v1.5,0.97,5,776082,,,4.71
394,394,love,noun,A1,cefrj-v1.5,0.97,5,6758941,,,5.82
395,395,us,noun,A1,cefrj-v1.5,0.97,5,16324743,,,6.04
396,396,island,noun,A1,cefrj-v1.5,0.97,5,1824082,,,5.01
397,397,ticket,noun,A1,cefrj-v1.5,0.97,5,542914,,,4.61
398,398,does,noun,A1,cefrj-v1.5,0.97,5,9178487,,,5.74
399,399,mouse,noun,A1,cefrj-v1.5,0.97,5,340803,,,4.31
400,400,bicycle,noun,A1,cefrj-v1.5,0.97,5,179202,,,3.98
401,401,nine,noun,A1,cefrj-v1.5,0.97,5,919914,,,4.87
402,402,bath,noun,A1,cefrj-v1.5,0.97,5,453982,,,4.44
403,403,park,noun,A1,cefrj-v1.5,0.97,5,2835566,,,5.16
404,404,keep,noun,A1,cefrj-v1.5,0.97,5,5163460,,,5.66
405,405,holiday,noun,A1,cefrj-v1.5,0.97,5,870467,,,4.66
406,406,yard,noun,A1,cefrj-v1.5,0.97,5,617921,,,4.57
407,407,drum,noun,A1,cefrj-v1.5,0.97,5,220212,,,4.11
408,408,bell,noun,A1,cefrj-v1.5,0.97,5,510927,,,4.59
409,409,eight,noun,A1,cefrj-v1.5,0.97,5,1311138,,,5.02
410,410,successful,adjective,A1,cefrj-v1.5,0.97,5,1463202,,,4.94
411,411,ex,noun,A1,model:multinomial-logit-v1,0.4809,5,585591,,,4.81
412,412,there,noun,A1,cefrj-v1.5,0.97,5,27302444,,,6.31
413,413,fat,noun,A1,cefrj-v1.5,0.97,5,857485,,,4.85
414,414,bring,verb,A1,cefrj-v1.5,0.97,5,2521101,,,5.27
415,415,call,noun,A1,cefrj-v1.5,0.97,5,4253253,,,5.51
416,416,cap,noun,A1,cefrj-v1.5,0.97,5,462278,,,4.51
417,417,ear,noun,A1,cefrj-v1.5,0.97,5,346688,,,4.43
418,418,buy,noun,A1,cefrj-v1.5,0.97,5,2605310,,,5.32
419,419,could,other,A1,cefrj-v1.5,0.97,5,11932661,,,6.06
420,420,expensive,adjective,A1,cefrj-v1.5,0.97,5,701372,,,4.69
421,421,see,noun,A1,cefrj-v1.5,0.97,5,13703007,,,6.1
422,422,color,noun,A1,cefrj-v1.5,0.97,5,2074176,,,4.91
423,423,officer,noun,A1,cefrj-v1.5,0.97,5,1264333,,,5.03
424,424,answer,noun,A1,cefrj-v1.5,0.97,5,1616688,,,5.17
425,425,again,adverb,A1,cefrj-v1.5,0.97,5,5046390,,,5.7
426,426,nurse,noun,A1,cefrj-v1.5,0.97,5,352021,,,4.4
427,427,cheese,noun,A1,cefrj-v1.5,0.97,5,555032,,,4.57
428,428,wash,noun,A1,cefrj-v1.5,0.97,5,449837,,,4.46
429,429,second,noun,A1,cefrj-v1.5,0.97,5,5423898,,,5.63
430,430,interesting,verb,A1,cefrj-v1.5,0.97,5,1270424,,,5.0
431,431,try,noun,A1,cefrj-v1.5,0.97,5,3364075,,,5.5
432,432,sunny,adjective,A1,cefrj-v1.5,0.97,5,186302,,,4.07
433,433,row,noun,A1,cefrj-v1.5,0.97,5,552205,,,4.6
434,434,thirty,noun,A1,cefrj-v1.5,0.97,5,331894,,,4.38
435,435,bowl,noun,A1,cefrj-v1.5,0.97,5,670921,,,4.63
436,436,sheep,noun,A1,cefrj-v1.5,0.97,5,206991,,,4.19
437,437,hill,noun,A1,cefrj-v1.5,0.97,5,1058348,,,4.82
438,438,corn,noun,A1,cefrj-v1.5,0.97,5,295678,,,4.19
439,439,library,noun,A1,cefrj-v1.5,0.97,5,1478632,,,4.86
440,440,free,noun,A1,cefrj-v1.5,0.97,5,7952534,,,5.63
441,441,summer,noun,A1,cefrj-v1.5,0.97,5,2487809,,,5.23
442,442,smart,noun,A1,cefrj-v1.5,0.97,5,1197181,,,4.83
443,443,learn,verb,A1,cefrj-v1.5,0.97,5,3172606,,,5.17
444,444,climb,noun,A1,cefrj-v1.5,0.97,5,242131,,,4.22
445,445,their,other,A1,cefrj-v1.5,0.97,5,30591699,,,6.33
446,446,chicken,noun,A1,cefrj-v1.5,0.97,5,713650,,,4.63
447,447,everyone,other,A1,cefrj-v1.5,0.97,5,2477255,,,5.47
448,448,her,other,A1,cefrj-v1.5,0.97,5,20694513,,,6.3
449,449,birthday,noun,A1,cefrj-v1.5,0.97,5,657680,,,4.76
450,450,message,noun,A1,cefrj-v1.5,0.97,5,1493757,,,5.0
451,451,watch,noun,A1,cefrj-v1.5,0.97,5,2173285,,,5.34
452,452,collection,noun,A1,cefrj-v1.5,0.97,5,1901105,,,4.96
453,453,fairy,noun,A1,cefrj-v1.5,0.97,5,162303,,,4.08
454,454,its,noun,A1,cefrj-v1.5,0.97,5,17441544,,,6.14
455,455,key,noun,A1,cefrj-v1.5,0.97,5,3091901,,,5.12
456,456,brush,noun,A1,cefrj-v1.5,0.97,5,327556,,,4.23
457,457,bone,noun,A1,cefrj-v1.5,0.97,5,461786,,,4.47
458,458,reporter,noun,A1,cefrj-v1.5,0.97,5,277482,,,4.35
459,459,ship,noun,A1,cefrj-v1.5,0.97,5,1059746,,,4.93
460,460,our,other,A1,cefrj-v1.5,0.97,5,26475297,,,6.14
461,461,smoke,noun,A1,cefrj-v1.5,0.97,5,429669,,,4.67
462,462,dish,noun,A1,cefrj-v1.5,0.97,5,378935,,,4.21
463,463,read,noun,A1,cefrj-v1.5,0.97,5,4641482,,,5.54
464,464,solve,verb,A1,cefrj-v1.5,0.97,5,423137,,,4.42
465,465,lot,noun,A1,cefrj-v1.5,0.97,5,4617250,,,5.61
466,466,period,noun,A1,cefrj-v1.5,0.97,5,2280799,,,5.21
467,467,mouth,noun,A1,cefrj-v1.5,0.97,5,735776,,,4.83
468,468,turkey,noun,A1,cefrj-v1.5,0.97,5,559631,,,4.56
469,469,meal,noun,A1,cefrj-v1.5,0.97,5,572442,,,4.48
470,470,beef,noun,A1,cefrj-v1.5,0.97,5,302393,,,4.29
471,471,stand,noun,A1,cefrj-v1.5,0.97,5,1575621,,,5.14
472,472,due,noun,A1,cefrj-v1.5,0.97,5,3501987,,,5.35
473,473,culture,noun,A1,cefrj-v1.5,0.97,5,1825425,,,5.03
474,474,must,noun,A1,cefrj-v1.5,0.97,5,6265536,,,5.68
475,475,smoking,noun,A1,cefrj-v1.5,0.97,5,340426,,,4.52
476,476,teach,noun,A1,cefrj-v1.5,0.97,5,659841,,,4.67
477,477,juice,noun,A1,cefrj-v1.5,0.97,5,381823,,,4.36
478,478,exciting,verb,A1,cefrj-v1.5,0.97,5,665355,,,4.54
479,479,lion,noun,A1,cefrj-v1.5,0.97,5,232078,,,4.25
480,480,fifty,noun,A1,cefrj-v1.5,0.97,5,237917,,,4.29
481,481,tower,noun,A1,cefrj-v1.5,0.97,5,544092,,,4.5
482,482,shoe,noun,A1,cefrj-v1.5,0.97,5,232811,,,4.24
483,483,programme,noun,A1,cefrj-v1.5,0.97,5,621284,,,4.57
484,484,airport,noun,A1,cefrj-v1.5,0.97,5,934541,,,4.84
485,485,swim,noun,A1,cefrj-v1.5,0.97,5,242245,,,4.21
486,486,check,noun,A1,cefrj-v1.5,0.97,5,3411304,,,5.31
487,487,window,noun,A1,cefrj-v1.5,0.97,5,1187825,,,4.8
488,488,forty,noun,A1,cefrj-v1.5,0.97,5,213963,,,4.2
489,489,potato,noun,A1,cefrj-v1.5,0.97,5,183767,,,4.11
490,490,social,noun,A1,cefrj-v1.5,0.97,5,4521683,,,5.42
491,491,super,noun,A1,cefrj-v1.5,0.97,5,1347299,,,5.08
492,492,radio,noun,A1,cefrj-v1.5,0.97,5,1612780,,,5.01
493,493,zoo,noun,A1,cefrj-v1.5,0.97,5,174231,,,4.14
494,494,favorite,noun,A1,cefrj-v1.5,0.97,5,1357448,,,4.97
495,495,moment,noun,A1,cefrj-v1.5,0.97,5,1690977,,,5.24
496,496,agree,verb,A1,cefrj-v1.5,0.97,5,881929,,,4.97
497,497,carefully,adverb,A1,cefrj-v1.5,0.97,5,571713,,,4.46
498,498,chocolate,noun,A1,cefrj-v1.5,0.97,5,599311,,,4.49
499,499,ghost,noun,A1,cefrj-v1.5,0.97,5,298761,,,4.42
500,500,match,noun,A1,cefrj-v1.5,0.97,5,1709500,,,5.13
501,501,card,noun,A1,cefrj-v1.5,0.97,5,1995386,,,5.04
502,502,event,noun,A1,cefrj-v1.5,0.97,5,3201388,,,5.18
503,503,strict,adjective,A1,cefrj-v1.5,0.97,5,261102,,,4.23
504,504,dress,noun,A1,cefrj-v1.5,0.97,5,697958,,,4.76
505,505,suggestion,noun,A1,cefrj-v1.5,0.97,5,172944,,,4.23
506,506,living,noun,A1,cefrj-v1.5,0.97,5,3906573,,,5.3
507,507,coat,noun,A1,cefrj-v1.5,0.97,5,370019,,,4.36
508,508,fight,noun,A1,cefrj-v1.5,0.97,5,1398997,,,5.23
509,509,phone,noun,A1,cefrj-v1.5,0.97,5,2404425,,,5.3
510,510,ride,noun,A1,cefrj-v1.5,0.97,5,853965,,,4.85
511,511,feeling,noun,A1,cefrj-v1.5,0.97,5,1321825,,,5.13
512,512,tiger,noun,A1,cefrj-v1.5,0.97,5,245263,,,4.3
513,513,pencil,noun,A1,cefrj-v1.5,0.97,5,129690,,,3.95
514,514,enjoy,verb,A1,cefrj-v1.5,0.97,5,2007218,,,5.09
515,515,team,noun,A1,cefrj-v1.5,0.97,5,7279268,,,5.67
516,516,saturday,noun,A1,cefrj-v1.5,0.97,5,1269618,,,4.87
517,517,weekend,noun,A1,cefrj-v1.5,0.97,5,1011069,,,4.93
518,518,information,noun,A1,cefrj-v1.5,0.97,5,8551822,,,5.43
519,519,favourite,noun,A1,cefrj-v1.5,0.97,5,384040,,,4.57
520,520,she,other,A1,cefrj-v1.5,0.97,5,20289198,,,6.26
521,521,umbrella,noun,A1,cefrj-v1.5,0.97,5,118296,,,3.89
522,522,vacation,noun,A1,cefrj-v1.5,0.97,5,415488,,,4.4
523,523,bottle,noun,A1,cefrj-v1.5,0.97,5,514367,,,4.57
524,524,theater,noun,A1,cefrj-v1.5,0.97,5,500110,,,4.35
525,525,his,other,A1,cefrj-v1.5,0.97,5,33135450,,,6.51
526,526,size,noun,A1,cefrj-v1.5,0.97,5,2786052,,,5.13
527,527,goal,noun,A1,cefrj-v1.5,0.97,5,1706476,,,5.06
528,528,neighbor,noun,A1,cefrj-v1.5,0.97,5,170674,,,4.11
529,529,grey,noun,A1,cefrj-v1.5,0.97,5,409653,,,4.48
530,530,parent,noun,A1,cefrj-v1.5,0.97,5,611358,,,4.57
531,531,store,noun,A1,cefrj-v1.5,0.97,5,2303500,,,5.02
532,532,banana,noun,A1,cefrj-v1.5,0.97,5,148258,,,4.0
533,533,sport,noun,A1,cefrj-v1.5,0.97,5,928421,,,4.73
534,534,desk,noun,A1,cefrj-v1.5,0.97,5,438194,,,4.43
535,535,list,noun,A1,cefrj-v1.5,0.97,5,4216448,,,5.28
536,536,breakfast,noun,A1,cefrj-v1.5,0.97,5,606785,,,4.61
537,537,king,noun,A1,cefrj-v1.5,0.97,5,2139680,,,5.17
538,538,everyday,adjective,A1,cefrj-v1.5,0.97,5,518690,,,4.47
539,539,tv,noun,A1,cefrj-v1.5,0.97,5,2007425,,,5.2
540,540,bean,noun,A1,cefrj-v1.5,0.97,5,154855,,,3.98
541,541,poor,noun,A1,cefrj-v1.5,0.97,5,1293693,,,5.09
542,542,soup,noun,A1,cefrj-v1.5,0.97,5,279331,,,4.15
543,543,scientist,noun,A1,cefrj-v1.5,0.97,5,253337,,,4.21
544,544,kitchen,noun,A1,cefrj-v1.5,0.97,5,1159339,,,4.65
545,545,sight,noun,A1,cefrj-v1.5,0.97,5,429021,,,4.54
546,546,copy,noun,A1,cefrj-v1.5,0.97,5,899087,,,4.77
547,547,following,noun,A1,cefrj-v1.5,0.97,5,4442444,,,5.46
548,548,wheel,noun,A1,cefrj-v1.5,0.97,5,593846,,,4.5
549,549,brain,noun,A1,cefrj-v1.5,0.97,5,1122694,,,4.94
550,550,habit,noun,A1,cefrj-v1.5,0.97,5,218168,,,4.24
551,551,better,noun,A1,cefrj-v1.5,0.97,5,5921066,,,5.76
552,552,rainy,adjective,A1,cefrj-v1.5,0.97,5,87736,,,3.74
553,553,mid,adjective,A1,model:multinomial-logit-v1,0.3787,5,983206,,,4.82
554,554,jet,noun,A1,cefrj-v1.5,0.97,5,255070,,,4.29
555,555,article,noun,A1,cefrj-v1.5,0.97,5,2461581,,,5.09
556,556,bag,noun,A1,cefrj-v1.5,0.97,5,840150,,,4.79
557,557,lesson,noun,A1,cefrj-v1.5,0.97,5,431473,,,4.47
558,558,fever,noun,A1,cefrj-v1.5,0.97,5,211235,,,4.22
559,559,telephone,noun,A1,cefrj-v1.5,0.97,5,450251,,,4.41
560,560,smile,noun,A1,cefrj-v1.5,0.97,5,502876,,,4.64
561,561,hat,noun,A1,cefrj-v1.5,0.97,5,459592,,,4.53
562,562,shelf,noun,A1,cefrj-v1.5,0.97,5,215603,,,4.02
563,563,toilet,noun,A1,cefrj-v1.5,0.97,5,232663,,,4.31
564,564,ago,adjective,A1,cefrj-v1.5,0.97,5,2639463,,,5.42
565,565,bike,noun,A1,cefrj-v1.5,0.97,5,632387,,,4.53
566,566,kick,noun,A1,cefrj-v1.5,0.97,5,428122,,,4.72
567,567,hope,noun,A1,cefrj-v1.5,0.97,5,2354023,,,5.44
568,568,beside,other,A1,cefrj-v1.5,0.97,5,181684,,,4.19
569,569,palace,noun,A1,cefrj-v1.5,0.97,5,388872,,,4.45
570,570,candy,noun,A1,cefrj-v1.5,0.97,5,278740,,,4.29
571,571,history,noun,A1,cefrj-v1.5,0.97,5,4744622,,,5.39
572,572,town,noun,A1,cefrj-v1.5,0.97,5,2772508,,,5.24
573,573,no,noun,A1,cefrj-v1.5,0.97,5,24187251,,,6.35
574,574,ribbon,noun,A1,cefrj-v1.5,0.97,5,150206,,,3.81
575,575,hobby,noun,A1,cefrj-v1.5,0.97,5,142696,,,3.94
576,576,bee,noun,A1,cefrj-v1.5,0.97,5,173442,,,4.09
577,577,example,noun,A1,cefrj-v1.5,0.97,5,3872366,,,5.27
578,578,butter,noun,A1,cefrj-v1.5,0.97,5,458939,,,4.4
579,579,often,adverb,A1,cefrj-v1.5,0.97,5,4503442,,,5.41
580,580,reader,noun,A1,cefrj-v1.5,0.97,5,506225,,,4.34
581,581,ready,noun,A1,cefrj-v1.5,0.97,5,2263231,,,5.28
582,582,post,noun,A1,cefrj-v1.5,0.97,5,4158791,,,5.43
583,583,poem,noun,A1,cefrj-v1.5,0.97,5,255139,,,4.25
584,584,put,noun,A1,cefrj-v1.5,0.97,5,4528403,,,5.66
585,585,glasses,noun,A1,cefrj-v1.5,0.97,5,264924,,,4.34
586,586,temple,noun,A1,cefrj-v1.5,0.97,5,638385,,,4.45
587,587,away,adjective,A1,cefrj-v1.5,0.97,5,4696924,,,5.62
588,588,clay,noun,A1,model:multinomial-logit-v1,0.3322,5,290353,,,4.29
589,589,beautiful,adjective,A1,cefrj-v1.5,0.97,5,2118809,,,5.22
590,590,tube,noun,A1,cefrj-v1.5,0.97,5,388603,,,4.36
591,591,design,noun,A1,cefrj-v1.5,0.97,5,4572961,,,5.17
592,592,sixty,noun,A1,cefrj-v1.5,0.97,5,113243,,,3.93
593,593,horse,noun,A1,cefrj-v1.5,0.97,5,822411,,,4.76
594,594,sandwich,noun,A1,cefrj-v1.5,0.97,5,170170,,,4.13
595,595,bucket,noun,A1,cefrj-v1.5,0.97,5,156399,,,4.07
596,596,anyone,other,A1,cefrj-v1.5,0.97,5,1912678,,,5.38
597,597,fifteen,noun,A1,cefrj-v1.5,0.97,5,193290,,,4.14
598,598,bat,noun,A1,cefrj-v1.5,0.97,5,223413,,,4.3
599,599,pre,other,A1,model:multinomial-logit-v1,0.4182,5,1519793,,,4.95
600,600,cake,noun,A1,cefrj-v1.5,0.97,5,503627,,,4.53
601,601,picnic,noun,A1,cefrj-v1.5,0.97,5,133355,,,3.8
602,602,activity,noun,A1,cefrj-v1.5,0.97,5,1491963,,,4.86
603,603,smith,noun,A1,cefrj-v1.5,0.97,5,1024782,,,4.89
604,604,spell,noun,A1,cefrj-v1.5,0.97,5,217659,,,4.37
605,605,was,noun,A1,cefrj-v1.5,0.97,5,73609979,,,6.82
606,606,hall,noun,A1,cefrj-v1.5,0.97,5,1366883,,,4.87
607,607,dancing,noun,A1,cefrj-v1.5,0.97,5,358015,,,4.5
608,608,bed,noun,A1,cefrj-v1.5,0.97,5,1274672,,,5.07
609,609,apple,noun,A1,cefrj-v1.5,0.97,5,1130372,,,4.76
610,610,airplane,noun,A1,cefrj-v1.5,0.97,5,106474,,,3.92
611,611,everywhere,adverb,A1,cefrj-v1.5,0.97,5,410941,,,4.66
612,612,nest,noun,A1,model:multinomial-logit-v1,0.2347,5,170387,,,4.07
613,613,lazy,adjective,A1,cefrj-v1.5,0.97,5,131765,,,4.24
614,614,twelve,noun,A1,cefrj-v1.5,0.97,5,319245,,,4.35
615,615,monday,noun,A1,cefrj-v1.5,0.97,5,1168184,,,4.8
616,616,friday,noun,A1,cefrj-v1.5,0.97,5,1406928,,,4.96
617,617,newspaper,noun,A1,cefrj-v1.5,0.97,5,539164,,,4.6
618,618,address,noun,A1,cefrj-v1.5,0.97,5,2212260,,,4.91
619,619,choose,verb,A1,cefrj-v1.5,0.97,5,2196305,,,4.91
620,620,happy,adjective,A1,cefrj-v1.5,0.97,5,2137054,,,5.35
621,621,baby,noun,A1,cefrj-v1.5,0.97,5,1749753,,,5.26
622,622,vegetable,noun,A1,cefrj-v1.5,0.97,5,215739,,,3.94
623,623,map,noun,A1,cefrj-v1.5,0.97,5,1083207,,,4.76
624,624,surprise,noun,A1,cefrj-v1.5,0.97,5,596918,,,4.75
625,625,someone,noun,A1,cefrj-v1.5,0.97,5,2735371,,,5.63
626,626,seventy,noun,A1,cefrj-v1.5,0.97,5,76876,,,3.78
627,627,butterfly,noun,A1,cefrj-v1.5,0.97,5,151911,,,3.93
628,628,little,noun,A1,cefrj-v1.5,0.97,5,6729024,,,5.75
629,629,skill,noun,A1,cefrj-v1.5,0.97,5,516039,,,4.42
630,630,spy,noun,A1,cefrj-v1.5,0.97,5,169637,,,4.24
631,631,type,noun,A1,cefrj-v1.5,0.97,5,3640262,,,5.27
632,632,magazine,noun,A1,cefrj-v1.5,0.97,5,1075575,,,4.74
633,633,role,noun,A1,cefrj-v1.5,0.97,5,2743226,,,5.16
634,634,ninety,noun,A1,cefrj-v1.5,0.97,5,62182,,,3.71
635,635,now,noun,A1,cefrj-v1.5,0.97,5,15553638,,,6.18
636,636,son,noun,A1,cefrj-v1.5,0.97,5,2431493,,,5.28
637,637,hold,noun,A1,cefrj-v1.5,0.97,5,1989592,,,5.19
638,638,supermarket,noun,A1,cefrj-v1.5,0.97,5,90624,,,3.78
639,639,well,noun,A1,cefrj-v1.5,0.97,5,16838283,,,6.03
640,640,rabbit,noun,A1,cefrj-v1.5,0.97,5,161749,,,4.05
641,641,delicious,noun,A1,cefrj-v1.5,0.97,5,461230,,,4.34
642,642,jacket,noun,A1,cefrj-v1.5,0.97,5,255335,,,4.32
643,643,imagine,verb,A1,cefrj-v1.5,0.97,5,712901,,,4.92
644,644,woman,noun,A1,cefrj-v1.5,0.97,5,2327794,,,5.35
645,645,just,adjective,A1,cefrj-v1.5,0.97,5,18720505,,,6.43
646,646,friend,noun,A1,cefrj-v1.5,0.97,5,2049305,,,5.37
647,647,sad,adjective,A1,cefrj-v1.5,0.97,5,395623,,,4.84
648,648,dig,noun,A1,cefrj-v1.5,0.97,5,236650,,,4.22
649,649,video,noun,A1,cefrj-v1.5,0.97,5,3937909,,,5.43
650,650,subway,noun,A1,cefrj-v1.5,0.97,5,104096,,,4.05
651,651,tomato,noun,A1,cefrj-v1.5,0.97,5,162452,,,3.85
652,652,get,noun,A1,cefrj-v1.5,0.97,5,18809816,,,6.28
653,653,survey,noun,A1,cefrj-v1.5,0.97,5,885917,,,4.69
654,654,ask,verb,A1,cefrj-v1.5,0.97,5,2496033,,,5.34
655,655,excited,verb,A1,cefrj-v1.5,0.97,5,643489,,,4.74
656,656,photo,noun,A1,cefrj-v1.5,0.97,5,1419040,,,4.97
657,657,give,noun,A1,cefrj-v1.5,0.97,5,5505562,,,5.71
658,658,church,noun,A1,cefrj-v1.5,0.97,5,2834513,,,5.16
659,659,grape,noun,A1,cefrj-v1.5,0.97,5,91555,,,3.7
660,660,sub,noun,A1,model:multinomial-logit-v1,0.288,5,555044,,,4.66
661,661,health,noun,A1,cefrj-v1.5,0.97,5,6487178,,,5.44
662,662,college,noun,A1,cefrj-v1.5,0.97,5,3421490,,,5.27
663,663,good,noun,A1,cefrj-v1.5,0.97,5,11933091,,,6.12
664,664,bad,noun,A1,cefrj-v1.5,0.97,5,2379796,,,5.53
665,665,speak,verb,A1,cefrj-v1.5,0.97,5,1166766,,,5.03
666,666,gift,noun,A1,cefrj-v1.5,0.97,5,1183534,,,4.78
667,667,war,noun,A1,cefrj-v1.5,0.97,5,3896525,,,5.46
668,668,code,noun,A1,cefrj-v1.5,0.97,5,2156604,,,5.08
669,669,hide,noun,A1,cefrj-v1.5,0.97,5,425616,,,4.54
670,670,mind,noun,A1,cefrj-v1.5,0.97,5,2989954,,,5.41
671,671,am,noun,A1,cefrj-v1.5,0.97,5,6476512,,,5.78
672,672,saw,noun,A1,cefrj-v1.5,0.97,5,2077811,,,5.34
673,673,neighbour,noun,A1,cefrj-v1.5,0.97,5,52601,,,3.69
674,674,grandmother,noun,A1,cefrj-v1.5,0.97,5,184889,,,4.14
675,675,night,noun,A1,cefrj-v1.5,0.97,5,4181896,,,5.61
676,676,pet,noun,A1,cefrj-v1.5,0.97,5,756889,,,4.45
677,677,busy,verb,A1,cefrj-v1.5,0.97,5,679508,,,4.75
678,678,garbage,noun,A1,cefrj-v1.5,0.97,5,167991,,,4.18
679,679,matter,noun,A1,cefrj-v1.5,0.97,5,2410044,,,5.38
680,680,concert,noun,A1,cefrj-v1.5,0.97,5,483683,,,4.55
681,681,knife,noun,A1,cefrj-v1.5,0.97,5,299859,,,4.41
682,682,snake,noun,A1,cefrj-v1.5,0.97,5,192203,,,4.23
683,683,plane,noun,A1,cefrj-v1.5,0.97,5,466942,,,4.72
684,684,birth,noun,A1,cefrj-v1.5,0.97,5,1035788,,,4.77
685,685,shopping,noun,A1,cefrj-v1.5,0.97,5,953566,,,4.68
686,686,alien,noun,A1,model:multinomial-logit-v1,0.3097,5,189871,,,4.29
687,687,writer,noun,A1,cefrj-v1.5,0.97,5,997802,,,4.69
688,688,door,noun,A1,cefrj-v1.5,0.97,5,1885654,,,5.08
689,689,eighty,noun,A1,cefrj-v1.5,0.97,5,63387,,,3.75
690,690,lily,noun,A1,cefrj-v1.5,0.97,5,136304,,,3.95
691,691,cinema,noun,A1,cefrj-v1.5,0.97,5,321447,,,4.17
692,692,sign,noun,A1,cefrj-v1.5,0.97,5,2170064,,,5.08
693,693,salad,noun,A1,cefrj-v1.5,0.97,5,260152,,,4.15
694,694,too,adverb,A1,cefrj-v1.5,0.97,5,6950619,,,5.95
695,695,shirt,noun,A1,cefrj-v1.5,0.97,5,485112,,,4.63
696,696,ideal,noun,A1,cefrj-v1.5,0.97,5,928908,,,4.44
697,697,boring,noun,A1,cefrj-v1.5,0.97,5,190914,,,4.43
698,698,thursday,noun,A1,cefrj-v1.5,0.97,5,955544,,,4.62
699,699,really,adverb,A1,cefrj-v1.5,0.97,5,6822948,,,5.97
700,700,poster,noun,A1,cefrj-v1.5,0.97,5,202629,,,4.19
701,701,shower,noun,A1,cefrj-v1.5,0.97,5,407150,,,4.5
702,702,technology,noun,A1,cefrj-v1.5,0.97,5,3589845,,,5.09
703,703,site,noun,A1,cefrj-v1.5,0.97,5,4829883,,,5.22
704,704,dictionary,noun,A1,cefrj-v1.5,0.97,5,201865,,,4.02
705,705,wednesday,noun,A1,cefrj-v1.5,0.97,5,912988,,,4.59
706,706,button,noun,A1,cefrj-v1.5,0.97,5,874077,,,4.56
707,707,daughter,noun,A1,cefrj-v1.5,0.97,5,1367893,,,5.07
708,708,happen,verb,A1,cefrj-v1.5,0.97,5,1305197,,,5.19
709,709,piano,noun,A1,cefrj-v1.5,0.97,5,506759,,,4.31
710,710,never,adverb,A1,cefrj-v1.5,0.97,5,5910946,,,5.91
711,711,lunch,noun,A1,cefrj-v1.5,0.97,5,629633,,,4.66
712,712,catch,noun,A1,cefrj-v1.5,0.97,5,741047,,,4.87
713,713,princess,noun,A1,cefrj-v1.5,0.97,5,357112,,,4.53
714,714,bathroom,noun,A1,cefrj-v1.5,0.97,5,501365,,,4.54
715,715,clothes,noun,A1,cefrj-v1.5,0.97,5,595547,,,4.72
716,716,believe,verb,A1,cefrj-v1.5,0.97,5,2789606,,,5.51
717,717,file,noun,A1,cefrj-v1.5,0.97,5,1706908,,,4.75
718,718,towel,noun,A1,cefrj-v1.5,0.97,5,139055,,,3.94
719,719,monkey,noun,A1,cefrj-v1.5,0.97,5,146824,,,4.07
720,720,something,other,A1,cefrj-v1.5,0.97,5,6024323,,,5.81
721,721,cow,noun,A1,cefrj-v1.5,0.97,5,165068,,,4.14
722,722,shy,noun,A1,cefrj-v1.5,0.97,5,154736,,,4.16
723,723,look,noun,A1,cefrj-v1.5,0.97,5,7545076,,,5.81
724,724,tuesday,noun,A1,cefrj-v1.5,0.97,5,937171,,,4.63
725,725,river,noun,A1,cefrj-v1.5,0.97,5,2032240,,,5.03
726,726,nose,noun,A1,cefrj-v1.5,0.97,5,389197,,,4.51
727,727,cartoon,noun,A1,cefrj-v1.5,0.97,5,131360,,,4.08
728,728,news,noun,A1,cefrj-v1.5,0.97,5,4462525,,,5.44
729,729,evening,noun,A1,cefrj-v1.5,0.97,5,1043715,,,4.86
730,730,everything,other,A1,cefrj-v1.5,0.97,5,3252062,,,5.54
731,731,skirt,noun,A1,cefrj-v1.5,0.97,5,124264,,,3.96
732,732,grammar,noun,A1,cefrj-v1.5,0.97,5,175931,,,4.17
733,733,wake,noun,A1,cefrj-v1.5,0.97,5,487796,,,4.76
734,734,jewelry,noun,A1,cefrj-v1.5,0.97,5,354132,,,4.12
735,735,thing,noun,A1,cefrj-v1.5,0.97,5,4064867,,,5.72
736,736,mother,noun,A1,cefrj-v1.5,0.97,5,2437190,,,5.24
737,737,doctor,noun,A1,cefrj-v1.5,0.97,5,1488048,,,4.9
738,738,prince,noun,A1,cefrj-v1.5,0.97,5,631780,,,4.72
739,739,rat,noun,A1,cefrj-v1.5,0.97,5,170951,,,4.17
740,740,right,noun,A1,cefrj-v1.5,0.97,5,12332896,,,5.96
741,741,vase,noun,A1,cefrj-v1.5,0.97,5,52186,,,3.54
742,742,stop,noun,A1,cefrj-v1.5,0.97,5,2772641,,,5.52
743,743,wish,noun,A1,cefrj-v1.5,0.97,5,1368416,,,5.18
744,744,cafe,noun,A1,cefrj-v1.5,0.97,5,210015,,,4.09
745,745,festival,noun,A1,cefrj-v1.5,0.97,5,1227196,,,4.72
746,746,cloudy,adjective,A1,cefrj-v1.5,0.97,5,54866,,,3.55
747,747,cup,noun,A1,cefrj-v1.5,0.97,5,2079759,,,5.11
748,748,trans,other,A1,model:multinomial-logit-v1,0.2662,5,202687,,,4.41
749,749,burger,noun,A1,cefrj-v1.5,0.97,5,124260,,,4.07
750,750,cloud,noun,A1,cefrj-v1.5,0.97,5,1049083,,,4.46
751,751,what,other,A1,cefrj-v1.5,0.97,5,31767171,,,6.38
752,752,topic,noun,A1,cefrj-v1.5,0.97,5,753003,,,4.49
753,753,surf,noun,A1,cefrj-v1.5,0.97,5,134872,,,3.86
754,754,remember,verb,A1,cefrj-v1.5,0.97,5,2330955,,,5.38
755,755,tool,noun,A1,cefrj-v1.5,0.97,5,1324749,,,4.56
756,756,fine,noun,A1,cefrj-v1.5,0.97,5,1886169,,,5.23
757,757,march,noun,A1,cefrj-v1.5,0.97,5,3646766,,,5.26
758,758,why,noun,A1,cefrj-v1.5,0.97,5,7715794,,,5.93
759,759,think,noun,A1,cefrj-v1.5,0.97,5,8666836,,,6.08
760,760,wife,noun,A1,cefrj-v1.5,0.97,5,1915748,,,5.23
761,761,price,noun,A1,cefrj-v1.5,0.97,5,3499298,,,5.23
762,762,internet,noun,A1,cefrj-v1.5,0.97,5,2089399,,,5.06
763,763,here,noun,A1,cefrj-v1.5,0.97,5,14677616,,,5.97
764,764,homework,noun,A1,cefrj-v1.5,0.97,5,181647,,,4.13
765,765,page,noun,A1,cefrj-v1.5,0.97,5,3578858,,,5.12
766,766,blank,noun,A1,cefrj-v1.5,0.97,5,224198,,,4.14
767,767,yourself,other,A1,cefrj-v1.5,0.97,5,2397104,,,5.31
768,768,you,other,A1,cefrj-v1.5,0.97,5,134277608,,,6.98
769,769,i,noun,A1,cefrj-v1.5,0.97,5,122778494,,,7.09
770,770,pizza,noun,A1,cefrj-v1.5,0.97,5,333585,,,4.43
771,771,sure,adjective,A1,cefrj-v1.5,0.97,5,5136911,,,5.67
772,772,bedroom,noun,A1,cefrj-v1.5,0.97,5,544572,,,4.46
773,773,girlfriend,noun,A1,cefrj-v1.5,0.97,5,241742,,,4.68
774,774,eat,verb,A1,cefrj-v1.5,0.97,5,1350481,,,5.13
775,775,pleasure,noun,A1,cefrj-v1.5,0.97,5,497004,,,4.57
776,776,know,noun,A1,cefrj-v1.5,0.97,5,13901057,,,6.1
777,777,math,noun,A1,cefrj-v1.5,0.97,5,361663,,,4.45
778,778,station,noun,A1,cefrj-v1.5,0.97,5,1962431,,,5.01
779,779,elementary,adjective,A1,cefrj-v1.5,0.97,5,387254,,,4.33
780,780,couch,noun,A1,cefrj-v1.5,0.97,5,142191,,,4.17
781,781,tennis,noun,A1,cefrj-v1.5,0.97,5,455324,,,4.35
782,782,father,noun,A1,cefrj-v1.5,0.97,5,2731511,,,5.26
783,783,june,noun,A1,cefrj-v1.5,0.97,5,3461610,,,5.21
784,784,club,noun,A1,cefrj-v1.5,0.97,5,2968771,,,5.2
785,785,afternoon,noun,A1,cefrj-v1.5,0.97,5,679360,,,4.72
786,786,hometown,noun,A1,cefrj-v1.5,0.97,5,126315,,,3.91
787,787,husband,noun,A1,cefrj-v1.5,0.97,5,1275091,,,5.0
788,788,eleven,noun,A1,cefrj-v1.5,0.97,5,204454,,,4.12
789,789,pants,noun,A1,cefrj-v1.5,0.97,5,278039,,,4.48
790,790,pray,verb,A1,cefrj-v1.5,0.97,5,301976,,,4.4
791,791,come,noun,A1,cefrj-v1.5,0.97,5,9181015,,,5.78
792,792,player,noun,A1,cefrj-v1.5,0.97,5,2160826,,,5.19
793,793,sister,noun,A1,cefrj-v1.5,0.97,5,1033700,,,4.95
794,794,breathe,verb,A1,cefrj-v1.5,0.97,5,186805,,,4.26
795,795,healthy,adjective,A1,cefrj-v1.5,0.97,5,1437173,,,4.8
796,796,kite,noun,A1,cefrj-v1.5,0.97,5,52285,,,3.55
797,797,doing,verb,A1,cefrj-v1.5,0.97,5,3586728,,,5.6
798,798,else,other,A1,cefrj-v1.5,0.97,5,2024357,,,5.38
799,799,classroom,noun,A1,cefrj-v1.5,0.97,5,404462,,,4.15
800,800,dirty,verb,A1,cefrj-v1.5,0.97,5,336010,,,4.55
801,801,please,verb,A1,cefrj-v1.5,0.97,5,5510815,,,5.66
802,802,apron,noun,A1,cefrj-v1.5,0.97,5,38165,,,3.36
803,803,april,noun,A1,cefrj-v1.5,0.97,5,3384763,,,5.19
804,804,review,noun,A1,cefrj-v1.5,0.97,5,2996908,,,5.12
805,805,let,noun,A1,cefrj-v1.5,0.97,5,6843389,,,5.6
806,806,tooth,noun,A1,cefrj-v1.5,0.97,5,300459,,,4.08
807,807,practise,verb,A1,cefrj-v1.5,0.97,5,41511,,,3.52
808,808,thanks,noun,A1,cefrj-v1.5,0.97,5,2118006,,,5.43
809,809,morning,noun,A1,cefrj-v1.5,0.97,5,2195413,,,5.33
810,810,notebook,noun,A1,cefrj-v1.5,0.97,5,117938,,,3.74
811,811,july,noun,A1,cefrj-v1.5,0.97,5,3413791,,,5.17
812,812,throw,noun,A1,cefrj-v1.5,0.97,5,599176,,,4.83
813,813,shake,noun,A1,cefrj-v1.5,0.97,5,222798,,,4.33
814,814,pretty,adjective,A1,cefrj-v1.5,0.97,5,1981698,,,5.38
815,815,hear,verb,A1,cefrj-v1.5,0.97,5,1805581,,,5.23
816,816,song,noun,A1,cefrj-v1.5,0.97,5,2057058,,,5.26
817,817,angry,adjective,A1,cefrj-v1.5,0.97,5,332847,,,4.66
818,818,dinner,noun,A1,cefrj-v1.5,0.97,5,888794,,,4.78
819,819,cute,adjective,A1,cefrj-v1.5,0.97,5,391471,,,4.65
820,820,coach,noun,A1,cefrj-v1.5,0.97,5,1284156,,,4.96
821,821,greet,verb,A1,cefrj-v1.5,0.97,5,71136,,,3.73
822,822,september,noun,A1,cefrj-v1.5,0.97,5,3223998,,,5.15
823,823,opera,noun,A1,cefrj-v1.5,0.97,5,440727,,,4.27
824,824,hamburger,noun,A1,cefrj-v1.5,0.97,5,41727,,,3.45
825,825,band,noun,A1,cefrj-v1.5,0.97,5,1841829,,,4.92
826,826,december,noun,A1,cefrj-v1.5,0.97,5,2925804,,,5.07
827,827,wonderful,adjective,A1,cefrj-v1.5,0.97,5,1074126,,,4.85
828,828,biscuit,noun,A1,cefrj-v1.5,0.97,5,35167,,,3.45
829,829,october,noun,A1,cefrj-v1.5,0.97,5,3160412,,,5.11
830,830,november,noun,A1,cefrj-v1.5,0.97,5,3003347,,,5.1
831,831,add,noun,A1,cefrj-v1.5,0.97,5,3394853,,,5.09
832,832,tell,noun,A1,cefrj-v1.5,0.97,5,4131632,,,5.53
833,833,minute,noun,A1,cefrj-v1.5,0.97,5,1548273,,,4.98
834,834,did,verb,A1,cefrj-v1.5,0.97,5,12673443,,,5.96
835,835,frog,noun,A1,cefrj-v1.5,0.97,5,105773,,,3.89
836,836,january,noun,A1,cefrj-v1.5,0.97,5,3184952,,,5.09
837,837,headache,noun,A1,cefrj-v1.5,0.97,5,118457,,,3.97
838,838,bookstore,noun,A1,cefrj-v1.5,0.97,5,63875,,,3.42
839,839,brother,noun,A1,cefrj-v1.5,0.97,5,1450499,,,5.11
840,840,quiet,noun,A1,cefrj-v1.5,0.97,5,647807,,,4.65
841,841,february,noun,A1,cefrj-v1.5,0.97,5,2714971,,,5.03
842,842,careful,adjective,A1,cefrj-v1.5,0.97,5,546053,,,4.59
843,843,my,other,A1,cefrj-v1.5,0.97,5,29359733,,,6.57
844,844,girl,noun,A1,cefrj-v1.5,0.97,5,1977973,,,5.38
845,845,him,other,A1,cefrj-v1.5,0.97,5,12724442,,,6.11
846,846,grandfather,noun,A1,cefrj-v1.5,0.97,5,221658,,,4.24
847,847,boyfriend,noun,A1,cefrj-v1.5,0.97,5,211741,,,4.59
848,848,lucky,adjective,A1,cefrj-v1.5,0.97,5,586680,,,4.77
849,849,eighteen,noun,A1,cefrj-v1.5,0.97,5,91633,,,3.81
850,850,strange,adjective,A1,cefrj-v1.5,0.97,5,529776,,,4.64
851,851,august,noun,A1,cefrj-v1.5,0.97,5,3350801,,,5.1
852,852,drink,noun,A1,cefrj-v1.5,0.97,5,1040751,,,4.9
853,853,anything,other,A1,cefrj-v1.5,0.97,5,3052689,,,5.55
854,854,sale,noun,A1,cefrj-v1.5,0.97,5,1662736,,,4.99
855,855,paragraph,noun,A1,cefrj-v1.5,0.97,5,176094,,,4.03
856,856,wrong,noun,A1,cefrj-v1.5,0.97,5,1745677,,,5.39
857,857,mail,noun,A1,cefrj-v1.5,0.97,5,1264617,,,4.72
858,858,clever,adjective,A1,cefrj-v1.5,0.97,5,185728,,,4.21
859,859,lady,noun,A1,cefrj-v1.5,0.97,5,1044383,,,4.95
860,860,nothing,noun,A1,cefrj-v1.5,0.97,5,2979101,,,5.55
861,861,smell,noun,A1,cefrj-v1.5,0.97,5,324473,,,4.49
862,862,sit,verb,A1,cefrj-v1.5,0.97,5,1154873,,,4.9
863,863,ruler,noun,A1,cefrj-v1.5,0.97,5,115689,,,3.84
864,864,sixteen,noun,A1,cefrj-v1.5,0.97,5,111704,,,3.95
865,865,snowy,adjective,A1,cefrj-v1.5,0.97,5,47313,,,3.46
866,866,theatre,noun,A1,cefrj-v1.5,0.97,5,789511,,,4.52
867,867,seventeen,noun,A1,cefrj-v1.5,0.97,5,70702,,,3.87
868,868,thank,verb,A1,cefrj-v1.5,0.97,5,2672546,,,5.48
869,869,item,noun,A1,cefrj-v1.5,0.97,5,1151826,,,4.57
870,870,yes,noun,A1,cefrj-v1.5,0.97,5,5169428,,,5.5
871,871,fourteen,noun,A1,cefrj-v1.5,0.97,5,104421,,,3.88
872,872,nineteen,noun,A1,cefrj-v1.5,0.97,5,49223,,,3.59
873,873,sick,noun,A1,cefrj-v1.5,0.97,5,544257,,,4.88
874,874,doll,noun,A1,cefrj-v1.5,0.97,5,151138,,,4.06
875,875,shop,noun,A1,cefrj-v1.5,0.97,5,1871990,,,4.88
876,876,taxi,noun,A1,cefrj-v1.5,0.97,5,235029,,,4.19
877,877,nice,noun,A1,cefrj-v1.5,0.97,5,1979661,,,5.37
878,878,me,noun,A1,cefrj-v1.5,0.97,5,22550325,,,6.48
879,879,forget,verb,A1,cefrj-v1.5,0.97,5,1036897,,,5.06
880,880,yesterday,noun,A1,cefrj-v1.5,0.97,5,649512,,,4.91
881,881,borrow,verb,A1,cefrj-v1.5,0.97,5,127316,,,4.0
882,882,lovely,noun,A1,cefrj-v1.5,0.97,5,586584,,,4.74
883,883,miss,noun,A1,cefrj-v1.5,0.97,5,1648029,,,5.22
884,884,guitar,noun,A1,cefrj-v1.5,0.97,5,713384,,,4.48
885,885,sing,verb,A1,cefrj-v1.5,0.97,5,397013,,,4.54
886,886,boy,noun,A1,cefrj-v1.5,0.97,5,1573730,,,5.17
887,887,thirteen,noun,A1,cefrj-v1.5,0.97,5,114368,,,3.89
888,888,luck,noun,A1,cefrj-v1.5,0.97,5,555219,,,4.91
889,889,coke,noun,A1,cefrj-v1.5,0.97,5,70929,,,4.08
890,890,listen,verb,A1,cefrj-v1.5,0.97,5,1425892,,,5.06
891,891,maybe,adverb,A1,cefrj-v1.5,0.97,5,2281861,,,5.45
892,892,actor,noun,A1,cefrj-v1.5,0.97,5,655265,,,4.65
893,893,worry,noun,A1,cefrj-v1.5,0.97,5,936478,,,4.84
894,894,cry,noun,A1,cefrj-v1.5,0.97,5,302566,,,4.59
895,895,drama,noun,A1,cefrj-v1.5,0.97,5,683781,,,4.67
896,896,funny,noun,A1,cefrj-v1.5,0.97,5,636938,,,5.02
897,897,nationality,noun,A1,cefrj-v1.5,0.97,5,79434,,,3.72
898,898,soccer,noun,A1,cefrj-v1.5,0.97,5,508024,,,4.48
899,899,cousin,noun,A1,cefrj-v1.5,0.97,5,243501,,,4.41
900,900,television,noun,A1,cefrj-v1.5,0.97,5,1653636,,,4.79
901,901,tired,verb,A1,cefrj-v1.5,0.97,5,454224,,,4.71
902,902,kid,noun,A1,cefrj-v1.5,0.97,5,783091,,,4.99
903,903,pig,noun,A1,cefrj-v1.5,0.97,5,174892,,,4.14
904,904,kill,noun,A1,cefrj-v1.5,0.97,5,1123384,,,5.09
905,905,ok,noun,A1,cefrj-v1.5,0.97,5,1051356,,,5.14
906,906,lonely,adjective,A1,cefrj-v1.5,0.97,5,177705,,,4.25
907,907,baseball,noun,A1,cefrj-v1.5,0.97,5,784293,,,4.54
908,908,mr,noun,A1,cefrj-v1.5,0.97,5,3980750,,,5.69
909,909,trousers,noun,A1,cefrj-v1.5,0.97,5,73465,,,3.7
910,910,hi,noun,A1,cefrj-v1.5,0.97,5,1150203,,,5.0
911,911,terrible,adjective,A1,cefrj-v1.5,0.97,5,378374,,,4.71
912,912,ugly,adjective,A1,cefrj-v1.5,0.97,5,182987,,,4.42
913,913,singer,noun,A1,cefrj-v1.5,0.97,5,665852,,,4.52
914,914,football,noun,A1,cefrj-v1.5,0.97,5,2641525,,,5.11
915,915,tomorrow,noun,A1,cefrj-v1.5,0.97,5,917712,,,5.02
916,916,hungry,adjective,A1,cefrj-v1.5,0.97,5,285190,,,4.45
917,917,guy,noun,A1,cefrj-v1.5,0.97,5,1399237,,,5.4
918,918,foggy,adjective,A1,cefrj-v1.5,0.97,5,20830,,,3.19
919,919,gut,noun,A1,model:multinomial-logit-v1,0.3126,5,198458,,,4.02
920,920,sorry,adjective,A1,cefrj-v1.5,0.97,5,1450144,,,5.18
921,921,kiss,noun,A1,cefrj-v1.5,0.97,5,323926,,,4.58
922,922,everybody,other,A1,cefrj-v1.5,0.97,5,731715,,,4.84
923,923,mom,noun,A1,cefrj-v1.5,0.97,5,843183,,,5.12
924,924,hello,noun,A1,cefrj-v1.5,0.97,5,1056663,,,4.72
925,925,pm,noun,A1,cefrj-v1.5,0.97,5,1798572,,,4.69
926,926,yours,other,A1,cefrj-v1.5,0.97,5,545798,,,4.75
927,927,musician,noun,A1,cefrj-v1.5,0.97,5,266566,,,4.01
928,928,afraid,adjective,A1,cefrj-v1.5,0.97,5,730378,,,4.7
929,929,cd,noun,A1,cefrj-v1.5,0.97,5,553481,,,4.36
930,930,false,adjective,A1,cefrj-v1.5,0.97,5,783218,,,4.63
931,931,sir,noun,A1,cefrj-v1.5,0.97,5,2200127,,,5.06
932,932,basketball,noun,A1,cefrj-v1.5,0.97,5,879558,,,4.56
933,933,album,noun,A1,cefrj-v1.5,0.97,5,2002829,,,5.02
934,934,ours,other,A1,cefrj-v1.5,0.97,5,174470,,,4.16
935,935,pollution,noun,A1,cefrj-v1.5,0.97,5,274613,,,4.2
936,936,awake,verb,A1,cefrj-v1.5,0.97,5,119845,,,4.14
937,937,uncle,noun,A1,cefrj-v1.5,0.97,5,481173,,,4.45
938,938,yogurt,noun,A1,cefrj-v1.5,0.97,5,109686,,,3.63
939,939,mrs,noun,A1,cefrj-v1.5,0.97,5,1041681,,,4.89
940,940,tonight,noun,A1,cefrj-v1.5,0.97,5,848867,,,5.03
941,941,jewellery,noun,A1,cefrj-v1.5,0.97,5,133224,,,3.74
942,942,glad,noun,A1,cefrj-v1.5,0.97,5,535868,,,4.9
943,943,jeans,noun,A1,cefrj-v1.5,0.97,5,170782,,,4.09
944,944,dvd,noun,A1,cefrj-v1.5,0.97,5,396481,,,4.25
945,945,foreigner,noun,A1,cefrj-v1.5,0.97,5,31888,,,3.48
946,946,cookie,noun,A1,cefrj-v1.5,0.97,5,746612,,,4.07
947,947,rude,adjective,A1,cefrj-v1.5,0.97,5,89513,,,4.25
948,948,anybody,other,A1,cefrj-v1.5,0.97,5,460463,,,4.56
949,949,sofa,noun,A1,cefrj-v1.5,0.97,5,149717,,,3.81
950,950,dear,noun,A1,cefrj-v1.5,0.97,5,794629,,,4.77
951,951,sailor,noun,A1,cefrj-v1.5,0.97,5,86336,,,3.78
952,952,dad,noun,A1,cefrj-v1.5,0.97,5,788551,,,4.95
953,953,okay,noun,A1,cefrj-v1.5,0.97,5,1638962,,,5.06
954,954,hers,other,A1,cefrj-v1.5,0.97,5,80667,,,3.97
955,955,excuse,noun,A1,cefrj-v1.5,0.97,5,553611,,,4.56
956,956,classmate,noun,A1,cefrj-v1.5,0.97,5,28637,,,3.34
957,957,handsome,adjective,A1,cefrj-v1.5,0.97,5,131910,,,4.22
958,958,mum,noun,A1,cefrj-v1.5,0.97,5,151175,,,4.41
959,959,aunt,noun,A1,cefrj-v1.5,0.97,5,233633,,,4.16
960,960,maths,noun,A1,cefrj-v1.5,0.97,5,74944,,,3.75
961,961,merry,adjective,A1,cefrj-v1.5,0.97,5,123292,,,3.83
962,962,interviewer,noun,A1,cefrj-v1.5,0.97,5,38419,,,3.51
963,963,hurry,noun,A1,cefrj-v1.5,0.97,5,388464,,,4.14
964,964,cop,noun,A1,cefrj-v1.5,0.97,5,183066,,,4.37
965,965,bye,noun,A1,cefrj-v1.5,0.97,5,443279,,,4.39
966,966,daddy,noun,A1,cefrj-v1.5,0.97,5,319188,,,4.36
967,967,haircut,noun,A1,cefrj-v1.5,0.97,5,39692,,,3.7
968,968,volleyball,noun,A1,cefrj-v1.5,0.97,5,179001,,,3.85
969,969,born,noun,A1,model:multinomial-logit-v1,0.4493,5,3538775,,,5.09
970,970,olympics,noun,A1,cefrj-v1.5,0.97,5,627102,,,4.45
971,971,grandma,noun,A1,cefrj-v1.5,0.97,5,117535,,,4.11
972,972,years,noun,A1,model:multinomial-logit-v1,0.7854,5,11662225,,,5.96
973,973,months,noun,A1,model:multinomial-logit-v1,0.6538,5,2973092,,,5.35
974,974,days,noun,A1,model:multinomial-logit-v1,0.8084,5,4967153,,,5.61
975,975,mommy,noun,A1,cefrj-v1.5,0.97,5,116036,,,3.89
976,976,made,verb,A1,model:multinomial-logit-v1,0.8313,5,9464950,,,5.92
977,977,pardon,noun,A1,cefrj-v1.5,0.97,5,142202,,,3.82
978,978,started,verb,A1,model:multinomial-logit-v1,0.6086,5,3147275,,,5.39
979,979,weeks,noun,A1,model:multinomial-logit-v1,0.6622,5,1916900,,,5.19
980,980,giving,noun,A1,model:multinomial-logit-v1,0.5974,5,1540593,,,5.15
981,981,starting,noun,A1,model:multinomial-logit-v1,0.4313,5,1613805,,,5.07
982,982,hours,noun,A1,model:multinomial-logit-v1,0.7281,5,3066978,,,5.4
983,983,takes,noun,A1,model:multinomial-logit-v1,0.651,5,1958270,,,5.18
984,984,starts,noun,A1,model:multinomial-logit-v1,0.4625,5,832271,,,4.83
985,985,calls,noun,A1,model:multinomial-logit-v1,0.564,5,974154,,,4.91
986,986,breaking,noun,A1,model:multinomial-logit-v1,0.3162,5,574041,,,4.74
987,987,longer,noun,A1,model:multinomial-logit-v1,0.5854,5,1955908,,,5.16
988,988,sent,noun,A1,model:multinomial-logit-v1,0.719,5,1594161,,,5.16
989,989,cars,noun,A1,model:multinomial-logit-v1,0.6162,5,972079,,,4.89
990,990,having,verb,A1,model:multinomial-logit-v1,0.7246,5,4135200,,,5.59
991,991,others,other,A1,model:multinomial-logit-v1,0.6551,5,3569663,,,5.42
992,992,names,noun,A1,model:multinomial-logit-v1,0.5586,5,1102677,,,4.91
993,993,changed,verb,A1,model:multinomial-logit-v1,0.518,5,1269602,,,5.07
994,994,plans,noun,A1,model:multinomial-logit-v1,0.589,5,1682359,,,5.01
995,995,taken,verb,A1,model:multinomial-logit-v1,0.7144,5,2329647,,,5.33
996,996,holding,noun,A1,model:multinomial-logit-v1,0.4404,5,779632,,,4.89
997,997,pieces,noun,A1,model:multinomial-logit-v1,0.4068,5,968870,,,4.72
998,998,standing,noun,A1,model:multinomial-logit-v1,0.3701,5,850516,,,4.86
999,999,minutes,noun,A1,model:multinomial-logit-v1,0.6073,5,2644613,,,5.31
1000,1000,rules,noun,A1,model:multinomial-logit-v1,0.6202,5,1434661,,,5.06
1001,1,for,other,A2,cefrj-v1.5,0.97,5,136902574,,,7.01
1002,2,on,adjective,A2,cefrj-v1.5,0.97,5,99994001,,,6.91
1003,3,show,noun,A2,cefrj-v1.5,0.97,5,5397006,,,5.68
1004,4,over,noun,A2,cefrj-v1.5,0.97,5,14722988,,,6.08
1005,5,next,adjective,A2,cefrj-v1.5,0.97,5,5900431,,,5.7
1006,6,country,noun,A2,cefrj-v1.5,0.97,5,4133432,,,5.48
1007,7,set,noun,A2,cefrj-v1.5,0.97,5,5981179,,,5.59
1008,8,without,other,A2,cefrj-v1.5,0.97,5,6068755,,,5.69
1009,9,in,noun,A2,cefrj-v1.5,0.97,5,256000106,,,7.27
1010,10,report,noun,A2,cefrj-v1.5,0.97,5,3050135,,,5.32
1011,11,company,noun,A2,cefrj-v1.5,0.97,5,6964776,,,5.6
1012,12,part,noun,A2,cefrj-v1.5,0.97,5,7738729,,,5.78
1013,13,most,adjective,A2,cefrj-v1.5,0.97,5,13749886,,,6.0
1014,14,after,adjective,A2,cefrj-v1.5,0.97,5,15781162,,,6.11
1015,15,around,adverb,A2,cefrj-v1.5,0.97,5,7493978,,,5.77
1016,16,return,noun,A2,cefrj-v1.5,0.97,5,2317159,,,5.19
1017,17,while,noun,A2,cefrj-v1.5,0.97,5,10835265,,,5.86
1018,18,interest,noun,A2,cefrj-v1.5,0.97,5,2185297,,,5.17
1019,19,as,noun,A2,cefrj-v1.5,0.97,5,80606949,,,6.77
1020,20,running,noun,A2,cefrj-v1.5,0.97,5,2088021,,,5.23
1021,21,law,noun,A2,cefrj-v1.5,0.97,5,4158037,,,5.46
1022,22,double,noun,A2,cefrj-v1.5,0.97,5,1379375,,,5.01
1023,23,up,verb,A2,cefrj-v1.5,0.97,5,25803278,,,6.39
1024,24,rather,adverb,A2,cefrj-v1.5,0.97,5,2417100,,,5.32
1025,25,few,noun,A2,cefrj-v1.5,0.97,5,5453707,,,5.6
1026,26,such,adjective,A2,cefrj-v1.5,0.97,5,10832269,,,5.84
1027,27,private,noun,A2,cefrj-v1.5,0.97,5,2315456,,,5.19
1028,28,used,verb,A2,cefrj-v1.5,0.97,5,8802560,,,5.8
1029,29,air,noun,A2,cefrj-v1.5,0.97,5,3722440,,,5.37
1030,30,power,noun,A2,cefrj-v1.5,0.97,5,4763760,,,5.52
1031,31,cross,noun,A2,cefrj-v1.5,0.97,5,1530559,,,5.0
1032,32,pass,noun,A2,cefrj-v1.5,0.97,5,1289318,,,5.05
1033,33,use,noun,A2,cefrj-v1.5,0.97,5,12924598,,,5.81
1034,34,figure,noun,A2,cefrj-v1.5,0.97,5,1324671,,,5.07
1035,35,act,noun,A2,cefrj-v1.5,0.97,5,2617937,,,5.3
1036,36,all,adjective,A2,cefrj-v1.5,0.97,5,38803209,,,6.52
1037,37,being,noun,A2,cefrj-v1.5,0.97,5,9496011,,,5.95
1038,38,serve,noun,A2,cefrj-v1.5,0.97,5,1328320,,,4.85
1039,39,mark,noun,A2,cefrj-v1.5,0.97,5,1533774,,,5.05
1040,40,deal,noun,A2,cefrj-v1.5,0.97,5,2071429,,,5.32
1041,41,home,noun,A2,cefrj-v1.5,0.97,5,10670275,,,5.81
1042,42,wild,noun,A2,cefrj-v1.5,0.97,5,858574,,,4.8
1043,43,crime,noun,A2,cefrj-v1.5,0.97,5,855801,,,4.89
1044,44,freedom,noun,A2,cefrj-v1.5,0.97,5,925587,,,4.86
1045,45,follow,verb,A2,cefrj-v1.5,0.97,5,2349575,,,5.14
1046,46,forward,noun,A2,cefrj-v1.5,0.97,5,1923833,,,5.12
1047,47,control,noun,A2,cefrj-v1.5,0.97,5,3899215,,,5.4
1048,48,opinion,noun,A2,cefrj-v1.5,0.97,5,806759,,,4.94
1049,49,been,verb,A2,cefrj-v1.5,0.97,5,19549535,,,6.27
1050,50,position,noun,A2,cefrj-v1.5,0.97,5,2209677,,,5.21
1051,51,base,noun,A2,cefrj-v1.5,0.97,5,1623235,,,5.05
1052,52,against,other,A2,cefrj-v1.5,0.97,5,5502406,,,5.68
1053,53,scene,noun,A2,cefrj-v1.5,0.97,5,964056,,,4.97
1054,54,help,noun,A2,cefrj-v1.5,0.97,5,10240914,,,5.75
1055,55,wood,noun,A2,cefrj-v1.5,0.97,5,1128334,,,4.78
1056,56,beginning,noun,A2,cefrj-v1.5,0.97,5,1414005,,,5.0
1057,57,flight,noun,A2,cefrj-v1.5,0.97,5,913540,,,4.86
1058,58,clear,noun,A2,cefrj-v1.5,0.97,5,2393882,,,5.25
1059,59,possible,noun,A2,cefrj-v1.5,0.97,5,3300486,,,5.36
1060,60,finally,adverb,A2,cefrj-v1.5,0.97,5,1721801,,,5.17
1061,61,million,noun,A2,cefrj-v1.5,0.97,5,3285689,,,5.33
1062,62,instead,adverb,A2,cefrj-v1.5,0.97,5,2292485,,,5.24
1063,63,upon,other,A2,cefrj-v1.5,0.97,5,2224698,,,5.12
1064,64,given,noun,A2,cefrj-v1.5,0.97,5,3060141,,,5.41
1065,65,pride,noun,A2,cefrj-v1.5,0.97,5,428311,,,4.49
1066,66,apart,adjective,A2,cefrj-v1.5,0.97,5,686944,,,4.78
1067,67,across,adverb,A2,cefrj-v1.5,0.97,5,3448377,,,5.25
1068,68,walking,noun,A2,cefrj-v1.5,0.97,5,844205,,,4.86
1069,69,evidence,noun,A2,cefrj-v1.5,0.97,5,1480553,,,5.14
1070,70,writing,noun,A2,cefrj-v1.5,0.97,5,2339391,,,5.07
1071,71,less,adjective,A2,cefrj-v1.5,0.97,5,3594837,,,5.49
1072,72,direction,noun,A2,cefrj-v1.5,0.97,5,906048,,,4.93
1073,73,gas,noun,A2,cefrj-v1.5,0.97,5,1407116,,,5.01
1074,74,split,noun,A2,cefrj-v1.5,0.97,5,583714,,,4.65
1075,75,bill,noun,A2,cefrj-v1.5,0.97,5,1699010,,,5.15
1076,76,magic,noun,A2,cefrj-v1.5,0.97,5,706729,,,4.76
1077,77,speed,noun,A2,cefrj-v1.5,0.97,5,1600325,,,5.0
1078,78,fact,noun,A2,cefrj-v1.5,0.97,5,2834352,,,5.41
1079,79,normal,noun,A2,cefrj-v1.5,0.97,5,1181643,,,5.01
1080,80,soft,adjective,A2,cefrj-v1.5,0.97,5,944422,,,4.68
1081,81,choice,noun,A2,cefrj-v1.5,0.97,5,1783727,,,5.08
1082,82,permission,noun,A2,cefrj-v1.5,0.97,5,453035,,,4.5
1083,83,appear,verb,A2,cefrj-v1.5,0.97,5,977260,,,4.85
1084,84,talent,noun,A2,cefrj-v1.5,0.97,5,595029,,,4.64
1085,85,road,noun,A2,cefrj-v1.5,0.97,5,2953580,,,5.24
1086,86,square,noun,A2,cefrj-v1.5,0.97,5,1080415,,,4.84
1087,87,low,noun,A2,cefrj-v1.5,0.97,5,3072140,,,5.33
1088,88,complete,verb,A2,cefrj-v1.5,0.97,5,2403687,,,5.1
1089,89,trade,noun,A2,cefrj-v1.5,0.97,5,1702479,,,5.12
1090,90,human,noun,A2,cefrj-v1.5,0.97,5,3281520,,,5.35
1091,91,continue,verb,A2,cefrj-v1.5,0.97,5,2329150,,,5.08
1092,92,wave,noun,A2,cefrj-v1.5,0.97,5,498358,,,4.62
1093,93,exchange,noun,A2,cefrj-v1.5,0.97,5,1062119,,,4.85
1094,94,emergency,noun,A2,cefrj-v1.5,0.97,5,993672,,,4.72
1095,95,remain,verb,A2,cefrj-v1.5,0.97,5,1090817,,,4.83
1096,96,citizen,noun,A2,cefrj-v1.5,0.97,5,310212,,,4.39
1097,97,mystery,noun,A2,cefrj-v1.5,0.97,5,368518,,,4.45
1098,98,golden,adjective,A2,cefrj-v1.5,0.97,5,793703,,,4.67
1099,99,attention,noun,A2,cefrj-v1.5,0.97,5,1700065,,,5.11
1100,100,plate,noun,A2,cefrj-v1.5,0.97,5,553148,,,4.55
1101,101,lost,noun,A2,cefrj-v1.5,0.97,5,2338414,,,5.39
1102,102,force,noun,A2,cefrj-v1.5,0.97,5,1903944,,,5.23
1103,103,gate,noun,A2,cefrj-v1.5,0.97,5,412427,,,4.47
1104,104,beauty,noun,A2,cefrj-v1.5,0.97,5,1069947,,,4.75
1105,105,allow,verb,A2,cefrj-v1.5,0.97,5,1974697,,,5.01
1106,106,attack,noun,A2,cefrj-v1.5,0.97,5,1205350,,,5.09
1107,107,joy,noun,A2,cefrj-v1.5,0.97,5,578008,,,4.55
1108,108,purpose,noun,A2,cefrj-v1.5,0.97,5,1404108,,,4.88
1109,109,shock,noun,A2,cefrj-v1.5,0.97,5,336552,,,4.46
1110,110,exist,verb,A2,cefrj-v1.5,0.97,5,575440,,,4.73
1111,111,appointment,noun,A2,cefrj-v1.5,0.97,5,578301,,,4.49
1112,112,manager,noun,A2,cefrj-v1.5,0.97,5,1525032,,,4.97
1113,113,earth,noun,A2,cefrj-v1.5,0.97,5,1502524,,,5.06
1114,114,raise,noun,A2,cefrj-v1.5,0.97,5,716904,,,4.75
1115,115,grace,noun,A2,cefrj-v1.5,0.97,5,506412,,,4.56
1116,116,wet,noun,A2,cefrj-v1.5,0.97,5,450875,,,4.54
1117,117,twice,adverb,A2,cefrj-v1.5,0.97,5,683628,,,4.84
1118,118,straight,noun,A2,cefrj-v1.5,0.97,5,1057379,,,5.04
1119,119,unusual,adjective,A2,cefrj-v1.5,0.97,5,368829,,,4.45
1120,120,strike,noun,A2,cefrj-v1.5,0.97,5,494173,,,4.66
1121,121,area,noun,A2,cefrj-v1.5,0.97,5,5180956,,,5.46
1122,122,certain,adjective,A2,cefrj-v1.5,0.97,5,2125320,,,5.16
1123,123,salt,noun,A2,cefrj-v1.5,0.97,5,769961,,,4.6
1124,124,wine,noun,A2,cefrj-v1.5,0.97,5,1015689,,,4.74
1125,125,storm,noun,A2,cefrj-v1.5,0.97,5,563380,,,4.66
1126,126,traffic,noun,A2,cefrj-v1.5,0.97,5,1089171,,,4.85
1127,127,suit,noun,A2,cefrj-v1.5,0.97,5,613390,,,4.7
1128,128,agent,noun,A2,cefrj-v1.5,0.97,5,895961,,,4.81
1129,129,court,noun,A2,cefrj-v1.5,0.97,5,3079054,,,5.41
1130,130,roll,noun,A2,cefrj-v1.5,0.97,5,704170,,,4.75
1131,131,express,noun,A2,cefrj-v1.5,0.97,5,801489,,,4.68
1132,132,meaning,noun,A2,cefrj-v1.5,0.97,5,1046709,,,4.87
1133,133,nearly,adverb,A2,cefrj-v1.5,0.97,5,1260007,,,5.0
1134,134,concern,noun,A2,cefrj-v1.5,0.97,5,631779,,,4.66
1135,135,space,noun,A2,cefrj-v1.5,0.97,5,3176346,,,5.23
1136,136,rush,noun,A2,cefrj-v1.5,0.97,5,339715,,,4.48
1137,137,suggest,verb,A2,cefrj-v1.5,0.97,5,672738,,,4.75
1138,138,escape,noun,A2,cefrj-v1.5,0.97,5,551372,,,4.64
1139,139,fresh,adjective,A2,cefrj-v1.5,0.97,5,1292975,,,4.83
1140,140,ring,noun,A2,cefrj-v1.5,0.97,5,836368,,,4.81
1141,141,tip,noun,A2,cefrj-v1.5,0.97,5,572958,,,4.55
1142,142,extra,noun,A2,cefrj-v1.5,0.97,5,1552839,,,4.98
1143,143,drawing,noun,A2,cefrj-v1.5,0.97,5,515292,,,4.58
1144,144,roof,noun,A2,cefrj-v1.5,0.97,5,673682,,,4.55
1145,145,possibly,adverb,A2,cefrj-v1.5,0.97,5,696249,,,4.77
1146,146,separate,noun,A2,cefrj-v1.5,0.97,5,892120,,,4.83
1147,147,direct,verb,A2,cefrj-v1.5,0.97,5,1385231,,,4.91
1148,148,accident,noun,A2,cefrj-v1.5,0.97,5,672333,,,4.71
1149,149,delay,noun,A2,cefrj-v1.5,0.97,5,345557,,,4.4
1150,150,personality,noun,A2,cefrj-v1.5,0.97,5,443671,,,4.55
1151,151,illegal,adjective,A2,cefrj-v1.5,0.97,5,443049,,,4.68
1152,152,hero,noun,A2,cefrj-v1.5,0.97,5,436256,,,4.68
1153,153,within,adverb,A2,cefrj-v1.5,0.97,5,4971559,,,5.44
1154,154,wide,adjective,A2,cefrj-v1.5,0.97,5,1844957,,,4.96
1155,155,mirror,noun,A2,cefrj-v1.5,0.97,5,389169,,,4.47
1156,156,oil,noun,A2,cefrj-v1.5,0.97,5,2403967,,,5.1
1157,157,major,noun,A2,cefrj-v1.5,0.97,5,3139979,,,5.3
1158,158,shape,noun,A2,cefrj-v1.5,0.97,5,955573,,,4.72
1159,159,situation,noun,A2,cefrj-v1.5,0.97,5,1403097,,,5.09
1160,160,staff,noun,A2,cefrj-v1.5,0.97,5,2345588,,,5.08
1161,161,decide,verb,A2,cefrj-v1.5,0.97,5,781798,,,4.78
1162,162,belt,noun,A2,cefrj-v1.5,0.97,5,384120,,,4.42
1163,163,drop,noun,A2,cefrj-v1.5,0.97,5,1026193,,,4.99
1164,164,break,noun,A2,cefrj-v1.5,0.97,5,1487662,,,5.18
1165,165,intelligent,adjective,A2,cefrj-v1.5,0.97,5,302393,,,4.29
1166,166,unit,noun,A2,cefrj-v1.5,0.97,5,1422502,,,4.95
1167,167,simple,noun,A2,cefrj-v1.5,0.97,5,2360827,,,5.08
1168,168,beyond,adverb,A2,cefrj-v1.5,0.97,5,1507940,,,4.98
1169,169,earn,verb,A2,cefrj-v1.5,0.97,5,580416,,,4.48
1170,170,uniform,noun,A2,cefrj-v1.5,0.97,5,282767,,,4.33
1171,171,itself,other,A2,cefrj-v1.5,0.97,5,1646558,,,5.1
1172,172,replace,verb,A2,cefrj-v1.5,0.97,5,592847,,,4.58
1173,173,strength,noun,A2,cefrj-v1.5,0.97,5,1031684,,,4.8
1174,174,single,noun,A2,cefrj-v1.5,0.97,5,3377876,,,5.41
1175,175,friendship,noun,A2,cefrj-v1.5,0.97,5,277551,,,4.39
1176,176,back,noun,A2,cefrj-v1.5,0.97,5,11383537,,,6.04
1177,177,audience,noun,A2,cefrj-v1.5,0.97,5,1101385,,,4.73
1178,178,liberty,noun,A2,cefrj-v1.5,0.97,5,309698,,,4.34
1179,179,mention,noun,A2,cefrj-v1.5,0.97,5,599891,,,4.73
1180,180,issue,noun,A2,cefrj-v1.5,0.97,5,2241702,,,5.23
1181,181,worst,noun,A2,cefrj-v1.5,0.97,5,528273,,,4.93
1182,182,study,noun,A2,cefrj-v1.5,0.97,5,3155908,,,5.26
1183,183,nation,noun,A2,cefrj-v1.5,0.97,5,1108949,,,4.88
1184,184,soap,noun,A2,cefrj-v1.5,0.97,5,265428,,,4.18
1185,185,wise,noun,A2,cefrj-v1.5,0.97,5,401012,,,4.51
1186,186,agency,noun,A2,cefrj-v1.5,0.97,5,1228592,,,4.87
1187,187,further,verb,A2,cefrj-v1.5,0.97,5,2960032,,,5.31
1188,188,childhood,noun,A2,cefrj-v1.5,0.97,5,435093,,,4.51
1189,189,chest,noun,A2,cefrj-v1.5,0.97,5,356573,,,4.52
1190,190,local,noun,A2,cefrj-v1.5,0.97,5,4756974,,,5.43
1191,191,romantic,noun,A2,cefrj-v1.5,0.97,5,372793,,,4.43
1192,192,dust,noun,A2,cefrj-v1.5,0.97,5,402772,,,4.41
1193,193,abroad,adjective,A2,cefrj-v1.5,0.97,5,351180,,,4.39
1194,194,except,verb,A2,cefrj-v1.5,0.97,5,905016,,,5.02
1195,195,regular,noun,A2,cefrj-v1.5,0.97,5,1738868,,,4.95
1196,196,success,noun,A2,cefrj-v1.5,0.97,5,1960371,,,5.06
1197,197,weak,adjective,A2,cefrj-v1.5,0.97,5,365935,,,4.66
1198,198,fear,noun,A2,cefrj-v1.5,0.97,5,930145,,,4.95
1199,199,system,noun,A2,cefrj-v1.5,0.97,5,6621461,,,5.56
1200,200,pilot,noun,A2,cefrj-v1.5,0.97,5,487106,,,4.52
1201,201,draw,noun,A2,cefrj-v1.5,0.97,5,831030,,,4.81
1202,202,entrance,noun,A2,cefrj-v1.5,0.97,5,408180,,,4.39
1203,203,third,noun,A2,cefrj-v1.5,0.97,5,3015696,,,5.32
1204,204,advice,noun,A2,cefrj-v1.5,0.97,5,1205747,,,4.88
1205,205,guard,noun,A2,cefrj-v1.5,0.97,5,666366,,,4.73
1206,206,attitude,noun,A2,cefrj-v1.5,0.97,5,340404,,,4.58
1207,207,violent,adjective,A2,cefrj-v1.5,0.97,5,295706,,,4.46
1208,208,operate,verb,A2,cefrj-v1.5,0.97,5,546255,,,4.5
1209,209,path,noun,A2,cefrj-v1.5,0.97,5,977241,,,4.71
1210,210,climbing,noun,A2,cefrj-v1.5,0.97,5,226474,,,4.12
1211,211,advantage,noun,A2,cefrj-v1.5,0.97,5,930151,,,4.78
1212,212,chain,noun,A2,cefrj-v1.5,0.97,5,803752,,,4.65
1213,213,target,noun,A2,cefrj-v1.5,0.97,5,1103138,,,4.82
1214,214,empty,noun,A2,cefrj-v1.5,0.97,5,525044,,,4.59
1215,215,statement,noun,A2,cefrj-v1.5,0.97,5,1235717,,,4.97
1216,216,actually,adverb,A2,cefrj-v1.5,0.97,5,2848134,,,5.49
1217,217,handle,noun,A2,cefrj-v1.5,0.97,5,937963,,,4.79
1218,218,lawyer,noun,A2,cefrj-v1.5,0.97,5,581972,,,4.67
1219,219,tie,noun,A2,cefrj-v1.5,0.97,5,423928,,,4.51
1220,220,government,noun,A2,cefrj-v1.5,0.97,5,4715861,,,5.57
1221,221,explanation,noun,A2,cefrj-v1.5,0.97,5,294780,,,4.44
1222,222,cost,noun,A2,cefrj-v1.5,0.97,5,2968945,,,5.24
1223,223,fail,verb,A2,cefrj-v1.5,0.97,5,417559,,,4.61
1224,224,instrument,noun,A2,cefrj-v1.5,0.97,5,337355,,,4.26
1225,225,safe,noun,A2,cefrj-v1.5,0.97,5,1945719,,,5.07
1226,226,challenge,noun,A2,cefrj-v1.5,0.97,5,1347647,,,4.88
1227,227,reveal,verb,A2,cefrj-v1.5,0.97,5,354962,,,4.43
1228,228,death,noun,A2,cefrj-v1.5,0.97,5,2743905,,,5.4
1229,229,survive,verb,A2,cefrj-v1.5,0.97,5,357038,,,4.52
1230,230,peaceful,adjective,A2,cefrj-v1.5,0.97,5,237524,,,4.28
1231,231,metal,noun,A2,cefrj-v1.5,0.97,5,1087071,,,4.82
1232,232,photograph,noun,A2,cefrj-v1.5,0.97,5,227681,,,4.23
1233,233,screen,noun,A2,cefrj-v1.5,0.97,5,1314436,,,4.85
1234,234,frame,noun,A2,cefrj-v1.5,0.97,5,726353,,,4.58
1235,235,host,noun,A2,cefrj-v1.5,0.97,5,1042518,,,4.77
1236,236,anniversary,noun,A2,cefrj-v1.5,0.97,5,446123,,,4.53
1237,237,adventure,noun,A2,cefrj-v1.5,0.97,5,608239,,,4.46
1238,238,drug,noun,A2,cefrj-v1.5,0.97,5,1148976,,,4.87
1239,239,release,noun,A2,cefrj-v1.5,0.97,5,2050724,,,5.09
1240,240,effect,noun,A2,cefrj-v1.5,0.97,5,1544737,,,5.02
1241,241,rate,noun,A2,cefrj-v1.5,0.97,5,2040676,,,5.14
1242,242,youth,noun,A2,cefrj-v1.5,0.97,5,1100066,,,4.75
1243,243,wealth,noun,A2,cefrj-v1.5,0.97,5,491442,,,4.51
1244,244,silver,noun,A2,cefrj-v1.5,0.97,5,1007287,,,4.81
1245,245,elsewhere,adverb,A2,cefrj-v1.5,0.97,5,311455,,,4.46
1246,246,represent,verb,A2,cefrj-v1.5,0.97,5,596147,,,4.58
1247,247,sense,noun,A2,cefrj-v1.5,0.97,5,1818784,,,5.19
1248,248,familiar,noun,A2,cefrj-v1.5,0.97,5,563302,,,4.61
1249,249,it,noun,A2,cefrj-v1.5,0.97,5,111526668,,,6.95
1250,250,medical,noun,A2,cefrj-v1.5,0.97,5,2886306,,,5.16
1251,251,opposite,noun,A2,cefrj-v1.5,0.97,5,431517,,,4.62
1252,252,prepare,verb,A2,cefrj-v1.5,0.97,5,726151,,,4.55
1253,253,perform,verb,A2,cefrj-v1.5,0.97,5,879334,,,4.66
1254,254,popular,adjective,A2,cefrj-v1.5,0.97,5,2194515,,,5.07
1255,255,rock,noun,A2,cefrj-v1.5,0.97,5,1596320,,,5.03
1256,256,spread,noun,A2,cefrj-v1.5,0.97,5,879348,,,4.81
1257,257,succeed,verb,A2,cefrj-v1.5,0.97,5,285102,,,4.29
1258,258,purple,noun,A2,cefrj-v1.5,0.97,5,301156,,,4.32
1259,259,labor,noun,A2,cefrj-v1.5,0.97,5,762774,,,4.77
1260,260,attempt,noun,A2,cefrj-v1.5,0.97,5,787693,,,4.85
1261,261,argument,noun,A2,cefrj-v1.5,0.97,5,401208,,,4.64
1262,262,modern,noun,A2,cefrj-v1.5,0.97,5,2075957,,,5.07
1263,263,capital,noun,A2,cefrj-v1.5,0.97,5,1399828,,,5.01
1264,264,seriously,adverb,A2,cefrj-v1.5,0.97,5,513041,,,4.94
1265,265,cash,noun,A2,cefrj-v1.5,0.97,5,1265134,,,4.92
1266,266,shine,noun,A2,cefrj-v1.5,0.97,5,226744,,,4.17
1267,267,cream,noun,A2,cefrj-v1.5,0.97,5,724400,,,4.62
1268,268,inner,adjective,A2,cefrj-v1.5,0.97,5,511039,,,4.5
1269,269,usual,adjective,A2,cefrj-v1.5,0.97,5,523074,,,4.62
1270,270,whole,noun,A2,cefrj-v1.5,0.97,5,2674833,,,5.46
1271,271,might,noun,A2,cefrj-v1.5,0.97,5,5008185,,,5.66
1272,272,whom,other,A2,cefrj-v1.5,0.97,5,923172,,,4.85
1273,273,early,adjective,A2,cefrj-v1.5,0.97,5,4241537,,,5.43
1274,274,blood,noun,A2,cefrj-v1.5,0.97,5,1872813,,,5.1
1275,275,intelligence,noun,A2,cefrj-v1.5,0.97,5,865302,,,4.7
1276,276,attractive,adjective,A2,cefrj-v1.5,0.97,5,387304,,,4.53
1277,277,generation,noun,A2,cefrj-v1.5,0.97,5,1014343,,,4.82
1278,278,confused,verb,A2,cefrj-v1.5,0.97,5,242562,,,4.47
1279,279,accept,verb,A2,cefrj-v1.5,0.97,5,910085,,,4.85
1280,280,slowly,adverb,A2,cefrj-v1.5,0.97,5,495568,,,4.63
1281,281,romance,noun,A2,cefrj-v1.5,0.97,5,305297,,,4.32
1282,282,cooking,noun,A2,cefrj-v1.5,0.97,5,636572,,,4.45
1283,283,fully,adverb,A2,cefrj-v1.5,0.97,5,1310418,,,4.89
1284,284,so,noun,A2,cefrj-v1.5,0.97,5,25927082,,,6.52
1285,285,manner,noun,A2,cefrj-v1.5,0.97,5,623972,,,4.55
1286,286,shell,noun,A2,cefrj-v1.5,0.97,5,349181,,,4.39
1287,287,coin,noun,A2,cefrj-v1.5,0.97,5,227686,,,4.19
1288,288,diamond,noun,A2,cefrj-v1.5,0.97,5,421978,,,4.42
1289,289,enter,verb,A2,cefrj-v1.5,0.97,5,1227851,,,4.81
1290,290,powerful,adjective,A2,cefrj-v1.5,0.97,5,1158979,,,4.85
1291,291,shore,noun,A2,cefrj-v1.5,0.97,5,290792,,,4.33
1292,292,themselves,other,A2,cefrj-v1.5,0.97,5,1686615,,,5.16
1293,293,heat,noun,A2,cefrj-v1.5,0.97,5,1409001,,,4.86
1294,294,publish,verb,A2,cefrj-v1.5,0.97,5,279730,,,4.1
1295,295,forest,noun,A2,cefrj-v1.5,0.97,5,873442,,,4.7
1296,296,tape,noun,A2,cefrj-v1.5,0.97,5,409494,,,4.44
1297,297,crown,noun,A2,cefrj-v1.5,0.97,5,420670,,,4.56
1298,298,shadow,noun,A2,cefrj-v1.5,0.97,5,336349,,,4.44
1299,299,toward,other,A2,cefrj-v1.5,0.97,5,934997,,,4.72
1300,300,towards,other,A2,cefrj-v1.5,0.97,5,1530938,,,5.06
1301,301,unknown,noun,A2,cefrj-v1.5,0.97,5,588099,,,4.53
1302,302,ray,noun,A2,cefrj-v1.5,0.97,5,611983,,,4.69
1303,303,bench,noun,A2,cefrj-v1.5,0.97,5,262382,,,4.39
1304,304,electric,noun,A2,cefrj-v1.5,0.97,5,1051252,,,4.72
1305,305,necessary,noun,A2,cefrj-v1.5,0.97,5,1840674,,,4.91
1306,306,planet,noun,A2,cefrj-v1.5,0.97,5,634060,,,4.68
1307,307,range,noun,A2,cefrj-v1.5,0.97,5,2820792,,,5.12
1308,308,pleasant,adjective,A2,cefrj-v1.5,0.97,5,293192,,,4.22
1309,309,panic,noun,A2,cefrj-v1.5,0.97,5,197677,,,4.26
1310,310,gather,noun,A2,cefrj-v1.5,0.97,5,315316,,,4.24
1311,311,deeply,adverb,A2,cefrj-v1.5,0.97,5,395692,,,4.44
1312,312,among,other,A2,cefrj-v1.5,0.97,5,2998363,,,5.31
1313,313,loose,verb,A2,cefrj-v1.5,0.97,5,358804,,,4.46
1314,314,complaint,noun,A2,cefrj-v1.5,0.97,5,293276,,,4.32
1315,315,step,noun,A2,cefrj-v1.5,0.97,5,2530600,,,5.13
1316,316,expression,noun,A2,cefrj-v1.5,0.97,5,591738,,,4.55
1317,317,treasure,noun,A2,cefrj-v1.5,0.97,5,232743,,,4.17
1318,318,tradition,noun,A2,cefrj-v1.5,0.97,5,510125,,,4.5
1319,319,prefer,verb,A2,cefrj-v1.5,0.97,5,555084,,,4.57
1320,320,professional,noun,A2,cefrj-v1.5,0.97,5,3122943,,,5.05
1321,321,load,noun,A2,cefrj-v1.5,0.97,5,665824,,,4.58
1322,322,himself,other,A2,cefrj-v1.5,0.97,5,1668441,,,5.25
1323,323,receive,verb,A2,cefrj-v1.5,0.97,5,1838524,,,4.85
1324,324,training,noun,A2,cefrj-v1.5,0.97,5,3195736,,,5.18
1325,325,sink,noun,A2,cefrj-v1.5,0.97,5,210332,,,4.21
1326,326,extremely,adverb,A2,cefrj-v1.5,0.97,5,914186,,,4.79
1327,327,honor,noun,A2,cefrj-v1.5,0.97,5,732784,,,4.69
1328,328,mysterious,adjective,A2,cefrj-v1.5,0.97,5,202615,,,4.17
1329,329,probably,adverb,A2,cefrj-v1.5,0.97,5,2088069,,,5.37
1330,330,heavily,adverb,A2,cefrj-v1.5,0.97,5,374894,,,4.54
1331,331,offer,noun,A2,cefrj-v1.5,0.97,5,3394440,,,5.05
1332,332,smooth,noun,A2,cefrj-v1.5,0.97,5,619247,,,4.4
1333,333,brilliant,adjective,A2,cefrj-v1.5,0.97,5,324778,,,4.55
1334,334,especially,adverb,A2,cefrj-v1.5,0.97,5,2560825,,,5.21
1335,335,valley,noun,A2,cefrj-v1.5,0.97,5,1085832,,,4.72
1336,336,passage,noun,A2,cefrj-v1.5,0.97,5,288978,,,4.27
1337,337,speaker,noun,A2,cefrj-v1.5,0.97,5,510844,,,4.49
1338,338,natural,noun,A2,cefrj-v1.5,0.97,5,2696499,,,5.11
1339,339,jam,noun,A2,cefrj-v1.5,0.97,5,204234,,,4.17
1340,340,fashion,noun,A2,cefrj-v1.5,0.97,5,991477,,,4.82
1341,341,task,noun,A2,cefrj-v1.5,0.97,5,880801,,,4.65
1342,342,hundred,noun,A2,cefrj-v1.5,0.97,5,584912,,,4.71
1343,343,principal,noun,A2,cefrj-v1.5,0.97,5,524349,,,4.52
1344,344,ill,noun,A2,cefrj-v1.5,0.97,5,415255,,,4.72
1345,345,seed,noun,A2,cefrj-v1.5,0.97,5,450847,,,4.37
1346,346,script,noun,A2,cefrj-v1.5,0.97,5,398603,,,4.36
1347,347,fortune,noun,A2,cefrj-v1.5,0.97,5,295839,,,4.3
1348,348,feel,noun,A2,cefrj-v1.5,0.97,5,4280291,,,5.67
1349,349,herself,other,A2,cefrj-v1.5,0.97,5,607737,,,4.78
1350,350,notice,noun,A2,cefrj-v1.5,0.97,5,1153422,,,4.9
1351,351,society,noun,A2,cefrj-v1.5,0.97,5,2203780,,,5.17
1352,352,simply,adverb,A2,cefrj-v1.5,0.97,5,2111207,,,5.08
1353,353,degree,noun,A2,cefrj-v1.5,0.97,5,1448552,,,4.94
1354,354,strongly,adverb,A2,cefrj-v1.5,0.97,5,359399,,,4.47
1355,355,missing,verb,A2,cefrj-v1.5,0.97,5,1028552,,,5.05
1356,356,column,noun,A2,cefrj-v1.5,0.97,5,412533,,,4.33
1357,357,angel,noun,A2,cefrj-v1.5,0.97,5,339793,,,4.45
1358,358,beer,noun,A2,cefrj-v1.5,0.97,5,581015,,,4.7
1359,359,detail,noun,A2,cefrj-v1.5,0.97,5,716258,,,4.57
1360,360,material,noun,A2,cefrj-v1.5,0.97,5,1910645,,,4.95
1361,361,maker,noun,A2,cefrj-v1.5,0.97,5,294922,,,4.23
1362,362,zone,noun,A2,cefrj-v1.5,0.97,5,746117,,,4.72
1363,363,similar,adjective,A2,cefrj-v1.5,0.97,5,2065694,,,5.21
1364,364,effort,noun,A2,cefrj-v1.5,0.97,5,1102840,,,4.92
1365,365,clearly,adverb,A2,cefrj-v1.5,0.97,5,844778,,,4.92
1366,366,recently,adverb,A2,cefrj-v1.5,0.97,5,1655997,,,5.02
1367,367,organize,verb,A2,cefrj-v1.5,0.97,5,218817,,,3.98
1368,368,pack,noun,A2,cefrj-v1.5,0.97,5,697366,,,4.66
1369,369,fork,noun,A2,cefrj-v1.5,0.97,5,152327,,,4.03
1370,370,rhythm,noun,A2,cefrj-v1.5,0.97,5,215424,,,4.05
1371,371,pressure,noun,A2,cefrj-v1.5,0.97,5,1506496,,,5.01
1372,372,police,noun,A2,cefrj-v1.5,0.97,5,2516504,,,5.33
1373,373,original,noun,A2,cefrj-v1.5,0.97,5,2431715,,,5.16
1374,374,lively,adjective,A2,cefrj-v1.5,0.97,5,130359,,,3.86
1375,375,imagination,noun,A2,cefrj-v1.5,0.97,5,248038,,,4.22
1376,376,flood,noun,A2,cefrj-v1.5,0.97,5,282278,,,4.34
1377,377,mood,noun,A2,cefrj-v1.5,0.97,5,376906,,,4.44
1378,378,education,noun,A2,cefrj-v1.5,0.97,5,3720196,,,5.28
1379,379,lock,noun,A2,cefrj-v1.5,0.97,5,474071,,,4.51
1380,380,track,noun,A2,cefrj-v1.5,0.97,5,2212710,,,5.02
1381,381,photographer,noun,A2,cefrj-v1.5,0.97,5,287686,,,4.28
1382,382,meter,noun,A2,cefrj-v1.5,0.97,5,243866,,,4.09
1383,383,queen,noun,A2,cefrj-v1.5,0.97,5,781384,,,4.86
1384,384,inspiration,noun,A2,cefrj-v1.5,0.97,5,470744,,,4.41
1385,385,symbol,noun,A2,cefrj-v1.5,0.97,5,326959,,,4.31
1386,386,performance,noun,A2,cefrj-v1.5,0.97,5,3054026,,,5.16
1387,387,fence,noun,A2,cefrj-v1.5,0.97,5,224146,,,4.21
1388,388,pile,noun,A2,cefrj-v1.5,0.97,5,157175,,,4.14
1389,389,send,verb,A2,cefrj-v1.5,0.97,5,1732177,,,5.11
1390,390,dangerous,adjective,A2,cefrj-v1.5,0.97,5,650457,,,4.79
1391,391,lane,noun,A2,cefrj-v1.5,0.97,5,443242,,,4.57
1392,392,argue,verb,A2,cefrj-v1.5,0.97,5,275390,,,4.46
1393,393,countryside,noun,A2,cefrj-v1.5,0.97,5,120055,,,3.92
1394,394,however,adverb,A2,cefrj-v1.5,0.97,5,6073317,,,5.58
1395,395,armed,verb,A2,cefrj-v1.5,0.97,5,440826,,,4.59
1396,396,raw,noun,A2,cefrj-v1.5,0.97,5,523737,,,4.53
1397,397,daily,noun,A2,cefrj-v1.5,0.97,5,1992562,,,5.07
1398,398,gentle,verb,A2,cefrj-v1.5,0.97,5,303087,,,4.17
1399,399,feature,noun,A2,cefrj-v1.5,0.97,5,1501698,,,4.82
1400,400,scientific,adjective,A2,cefrj-v1.5,0.97,5,833847,,,4.67
1401,401,plant,noun,A2,cefrj-v1.5,0.97,5,1556564,,,4.89
1402,402,source,noun,A2,cefrj-v1.5,0.97,5,2088697,,,5.15
1403,403,apartment,noun,A2,cefrj-v1.5,0.97,5,554868,,,4.65
1404,404,inch,noun,A2,cefrj-v1.5,0.97,5,657676,,,4.49
1405,405,globe,noun,A2,cefrj-v1.5,0.97,5,365860,,,4.28
1406,406,unfortunately,adverb,A2,cefrj-v1.5,0.97,5,608631,,,4.62
1407,407,ending,noun,A2,cefrj-v1.5,0.97,5,475174,,,4.68
1408,408,ms,noun,A2,cefrj-v1.5,0.97,5,751428,,,4.67
1409,409,appearance,noun,A2,cefrj-v1.5,0.97,5,841704,,,4.69
1410,410,assistant,noun,A2,cefrj-v1.5,0.97,5,839109,,,4.72
1411,411,mostly,adverb,A2,cefrj-v1.5,0.97,5,871380,,,4.83
1412,412,invite,noun,A2,cefrj-v1.5,0.97,5,292549,,,4.3
1413,413,harmony,noun,A2,cefrj-v1.5,0.97,5,194871,,,4.11
1414,414,market,noun,A2,cefrj-v1.5,0.97,5,4174603,,,5.29
1415,415,comfortable,adjective,A2,cefrj-v1.5,0.97,5,902757,,,4.66
1416,416,weight,noun,A2,cefrj-v1.5,0.97,5,1916463,,,5.02
1417,417,crowded,verb,A2,cefrj-v1.5,0.97,5,126879,,,3.98
1418,418,organized,verb,A2,cefrj-v1.5,0.97,5,600084,,,4.51
1419,419,ankle,noun,A2,cefrj-v1.5,0.97,5,141188,,,3.97
1420,420,downtown,noun,A2,cefrj-v1.5,0.97,5,449903,,,4.4
1421,421,discussion,noun,A2,cefrj-v1.5,0.97,5,792552,,,4.71
1422,422,successfully,adverb,A2,cefrj-v1.5,0.97,5,566940,,,4.45
1423,423,satisfy,verb,A2,cefrj-v1.5,0.97,5,180778,,,3.98
1424,424,sudden,adjective,A2,cefrj-v1.5,0.97,5,282591,,,4.4
1425,425,lake,noun,A2,cefrj-v1.5,0.97,5,1421641,,,4.83
1426,426,license,noun,A2,cefrj-v1.5,0.97,5,769951,,,4.52
1427,427,tourist,noun,A2,cefrj-v1.5,0.97,5,284579,,,4.2
1428,428,support,noun,A2,cefrj-v1.5,0.97,5,6083346,,,5.53
1429,429,scale,noun,A2,cefrj-v1.5,0.97,5,1100213,,,4.83
1430,430,couple,noun,A2,cefrj-v1.5,0.97,5,1745438,,,5.19
1431,431,diary,noun,A2,cefrj-v1.5,0.97,5,145386,,,4.09
1432,432,adult,noun,A2,cefrj-v1.5,0.97,5,877134,,,4.8
1433,433,ambition,noun,A2,cefrj-v1.5,0.97,5,103782,,,3.91
1434,434,common,noun,A2,cefrj-v1.5,0.97,5,2696629,,,5.2
1435,435,concentrate,noun,A2,cefrj-v1.5,0.97,5,172898,,,4.07
1436,436,trap,noun,A2,cefrj-v1.5,0.97,5,220215,,,4.33
1437,437,fantastic,adjective,A2,cefrj-v1.5,0.97,5,577793,,,4.71
1438,438,hunter,noun,A2,cefrj-v1.5,0.97,5,329243,,,4.37
1439,439,include,verb,A2,cefrj-v1.5,0.97,5,3916068,,,5.21
1440,440,anywhere,adverb,A2,cefrj-v1.5,0.97,5,641423,,,4.71
1441,441,elephant,noun,A2,cefrj-v1.5,0.97,5,141497,,,4.08
1442,442,basic,noun,A2,cefrj-v1.5,0.97,5,1315438,,,4.89
1443,443,advise,verb,A2,cefrj-v1.5,0.97,5,200266,,,4.09
1444,444,response,noun,A2,cefrj-v1.5,0.97,5,1556318,,,5.03
1445,445,therefore,adverb,A2,cefrj-v1.5,0.97,5,1500881,,,4.87
1446,446,apparently,adverb,A2,cefrj-v1.5,0.97,5,477671,,,4.8
1447,447,ham,noun,A2,cefrj-v1.5,0.97,5,147452,,,4.12
1448,448,production,noun,A2,cefrj-v1.5,0.97,5,2500140,,,5.14
1449,449,perfectly,adverb,A2,cefrj-v1.5,0.97,5,529122,,,4.61
1450,450,opportunity,noun,A2,cefrj-v1.5,0.97,5,1784206,,,4.95
1451,451,coast,noun,A2,cefrj-v1.5,0.97,5,987955,,,4.87
1452,452,bush,noun,A2,cefrj-v1.5,0.97,5,443888,,,4.49
1453,453,shade,noun,A2,cefrj-v1.5,0.97,5,233984,,,4.16
1454,454,during,other,A2,cefrj-v1.5,0.97,5,8517110,,,5.72
1455,455,seem,verb,A2,cefrj-v1.5,0.97,5,1271203,,,5.08
1456,456,logical,adjective,A2,cefrj-v1.5,0.97,5,177194,,,4.14
1457,457,research,noun,A2,cefrj-v1.5,0.97,5,5136536,,,5.39
1458,458,author,noun,A2,cefrj-v1.5,0.97,5,1624795,,,4.95
1459,459,stamp,noun,A2,cefrj-v1.5,0.97,5,187254,,,4.11
1460,460,truly,adverb,A2,cefrj-v1.5,0.97,5,995581,,,4.87
1461,461,useful,adjective,A2,cefrj-v1.5,0.97,5,958867,,,4.72
1462,462,negative,noun,A2,cefrj-v1.5,0.97,5,835399,,,4.79
1463,463,done,verb,A2,cefrj-v1.5,0.97,5,3417204,,,5.58
1464,464,danger,noun,A2,cefrj-v1.5,0.97,5,396017,,,4.59
1465,465,behaviour,noun,A2,cefrj-v1.5,0.97,5,289326,,,4.36
1466,466,expect,verb,A2,cefrj-v1.5,0.97,5,1178503,,,5.01
1467,467,ahead,adjective,A2,cefrj-v1.5,0.97,5,1289417,,,5.01
1468,468,tear,noun,A2,cefrj-v1.5,0.97,5,232271,,,4.35
1469,469,indeed,adverb,A2,cefrj-v1.5,0.97,5,745784,,,4.79
1470,470,happiness,noun,A2,cefrj-v1.5,0.97,5,361251,,,4.44
1471,471,sandy,adjective,A2,cefrj-v1.5,0.97,5,219878,,,4.19
1472,472,travel,noun,A2,cefrj-v1.5,0.97,5,1984539,,,5.0
1473,473,easily,adverb,A2,cefrj-v1.5,0.97,5,1528175,,,4.91
1474,474,center,noun,A2,cefrj-v1.5,0.97,5,4224169,,,5.19
1475,475,rent,noun,A2,cefrj-v1.5,0.97,5,546477,,,4.58
1476,476,sample,noun,A2,cefrj-v1.5,0.97,5,652859,,,4.53
1477,477,burn,noun,A2,cefrj-v1.5,0.97,5,380377,,,4.53
1478,478,favor,noun,A2,cefrj-v1.5,0.97,5,441873,,,4.58
1479,479,editor,noun,A2,cefrj-v1.5,0.97,5,883042,,,4.62
1480,480,additional,adjective,A2,cefrj-v1.5,0.97,5,2147179,,,4.98
1481,481,debate,noun,A2,cefrj-v1.5,0.97,5,494575,,,4.64
1482,482,toe,noun,A2,cefrj-v1.5,0.97,5,149303,,,4.07
1483,483,oak,noun,A2,cefrj-v1.5,0.97,5,308720,,,4.18
1484,484,shot,noun,A2,cefrj-v1.5,0.97,5,1371982,,,5.22
1485,485,bay,noun,A2,cefrj-v1.5,0.97,5,1103675,,,4.73
1486,486,recent,noun,A2,cefrj-v1.5,0.97,5,2080712,,,5.04
1487,487,slide,noun,A2,cefrj-v1.5,0.97,5,280635,,,4.3
1488,488,fix,noun,A2,cefrj-v1.5,0.97,5,661113,,,4.75
1489,489,fried,verb,A2,cefrj-v1.5,0.97,5,184869,,,4.06
1490,490,wedding,noun,A2,cefrj-v1.5,0.97,5,1023429,,,4.83
1491,491,chapter,noun,A2,cefrj-v1.5,0.97,5,915001,,,4.65
1492,492,impress,noun,A2,cefrj-v1.5,0.97,5,95472,,,3.93
1493,493,tap,noun,A2,cefrj-v1.5,0.97,5,344295,,,4.28
1494,494,journey,noun,A2,cefrj-v1.5,0.97,5,1215096,,,4.65
1495,495,seek,noun,A2,cefrj-v1.5,0.97,5,751612,,,4.61
1496,496,unfair,adjective,A2,cefrj-v1.5,0.97,5,119355,,,4.17
1497,497,wool,noun,A2,cefrj-v1.5,0.97,5,160906,,,3.91
1498,498,nowadays,noun,A2,cefrj-v1.5,0.97,5,162865,,,4.11
1499,499,ancient,noun,A2,cefrj-v1.5,0.97,5,789757,,,4.68
1500,500,enormous,adjective,A2,cefrj-v1.5,0.97,5,226296,,,4.25
1501,501,fog,noun,A2,cefrj-v1.5,0.97,5,128762,,,3.9
1502,502,unlike,adjective,A2,cefrj-v1.5,0.97,5,589883,,,4.57
1503,503,depend,verb,A2,cefrj-v1.5,0.97,5,285250,,,4.2
1504,504,silence,noun,A2,cefrj-v1.5,0.97,5,278205,,,4.46
1505,505,photography,noun,A2,cefrj-v1.5,0.97,5,588357,,,4.45
1506,506,cheap,adjective,A2,cefrj-v1.5,0.97,5,601694,,,4.71
1507,507,several,adjective,A2,cefrj-v1.5,0.97,5,4153010,,,5.39
1508,508,although,other,A2,cefrj-v1.5,0.97,5,2623568,,,5.3
1509,509,entertainment,noun,A2,cefrj-v1.5,0.97,5,924958,,,4.6
1510,510,classic,noun,A2,cefrj-v1.5,0.97,5,1020491,,,4.72
1511,511,difficulty,noun,A2,cefrj-v1.5,0.97,5,339193,,,4.33
1512,512,structure,noun,A2,cefrj-v1.5,0.97,5,1313020,,,4.84
1513,513,chance,noun,A2,cefrj-v1.5,0.97,5,1666527,,,5.26
1514,514,developed,verb,A2,cefrj-v1.5,0.97,5,1597599,,,4.95
1515,515,bit,noun,A2,cefrj-v1.5,0.97,5,2613660,,,5.37
1516,516,senior,noun,A2,cefrj-v1.5,0.97,5,1427448,,,4.92
1517,517,wooden,adjective,A2,cefrj-v1.5,0.97,5,400632,,,4.33
1518,518,committee,noun,A2,cefrj-v1.5,0.97,5,1529345,,,5.01
1519,519,lemon,noun,A2,cefrj-v1.5,0.97,5,293413,,,4.1
1520,520,horror,noun,A2,cefrj-v1.5,0.97,5,331548,,,4.43
1521,521,crowd,noun,A2,cefrj-v1.5,0.97,5,530498,,,4.7
1522,522,blanket,noun,A2,cefrj-v1.5,0.97,5,141909,,,4.07
1523,523,lack,noun,A2,cefrj-v1.5,0.97,5,1084188,,,4.92
1524,524,impossible,noun,A2,cefrj-v1.5,0.97,5,567467,,,4.78
1525,525,alarm,noun,A2,cefrj-v1.5,0.97,5,261395,,,4.28
1526,526,sailing,noun,A2,cefrj-v1.5,0.97,5,181697,,,3.99
1527,527,fry,noun,A2,cefrj-v1.5,0.97,5,113288,,,3.89
1528,528,manage,verb,A2,cefrj-v1.5,0.97,5,1134745,,,4.54
1529,529,traveler,noun,A2,cefrj-v1.5,0.97,5,85678,,,3.57
1530,530,visitor,noun,A2,cefrj-v1.5,0.97,5,255183,,,4.01
1531,531,portrait,noun,A2,cefrj-v1.5,0.97,5,258867,,,4.22
1532,532,underwater,adjective,A2,cefrj-v1.5,0.97,5,120987,,,3.92
1533,533,soda,noun,A2,cefrj-v1.5,0.97,5,166485,,,4.04
1534,534,image,noun,A2,cefrj-v1.5,0.97,5,1932347,,,4.94
1535,535,truth,noun,A2,cefrj-v1.5,0.97,5,1164636,,,5.05
1536,536,weigh,verb,A2,cefrj-v1.5,0.97,5,131327,,,3.99
1537,537,lamp,noun,A2,cefrj-v1.5,0.97,5,184209,,,4.05
1538,538,knowledge,noun,A2,cefrj-v1.5,0.97,5,1981875,,,4.96
1539,539,breeze,noun,A2,cefrj-v1.5,0.97,5,128440,,,3.86
1540,540,wisdom,noun,A2,cefrj-v1.5,0.97,5,351175,,,4.3
1541,541,relaxed,verb,A2,cefrj-v1.5,0.97,5,199080,,,4.01
1542,542,favour,noun,A2,cefrj-v1.5,0.97,5,167498,,,4.31
1543,543,rob,verb,A2,cefrj-v1.5,0.97,5,268759,,,4.35
1544,544,balloon,noun,A2,cefrj-v1.5,0.97,5,118679,,,3.9
1545,545,fare,noun,A2,cefrj-v1.5,0.97,5,144288,,,3.94
1546,546,daylight,noun,A2,cefrj-v1.5,0.97,5,100318,,,3.84
1547,547,influence,noun,A2,cefrj-v1.5,0.97,5,934078,,,4.78
1548,548,average,noun,A2,cefrj-v1.5,0.97,5,1797042,,,5.16
1549,549,belly,noun,A2,cefrj-v1.5,0.97,5,169552,,,4.1
1550,550,spill,noun,A2,cefrj-v1.5,0.97,5,92920,,,3.84
1551,551,pepper,noun,A2,cefrj-v1.5,0.97,5,334510,,,4.14
1552,552,progressive,noun,A2,cefrj-v1.5,0.97,5,314079,,,4.34
1553,553,pursue,verb,A2,cefrj-v1.5,0.97,5,312550,,,4.26
1554,554,envelope,noun,A2,cefrj-v1.5,0.97,5,116531,,,3.86
1555,555,chemical,noun,A2,cefrj-v1.5,0.97,5,653637,,,4.57
1556,556,fairly,adverb,A2,cefrj-v1.5,0.97,5,411784,,,4.5
1557,557,centre,noun,A2,cefrj-v1.5,0.97,5,1424676,,,4.95
1558,558,brand,noun,A2,cefrj-v1.5,0.97,5,1901708,,,4.83
1559,559,continent,noun,A2,cefrj-v1.5,0.97,5,149144,,,4.07
1560,560,ever,adverb,A2,cefrj-v1.5,0.97,5,3768926,,,5.66
1561,561,style,noun,A2,cefrj-v1.5,0.97,5,2914303,,,5.11
1562,562,elderly,noun,A2,cefrj-v1.5,0.97,5,207611,,,4.15
1563,563,explain,verb,A2,cefrj-v1.5,0.97,5,765541,,,4.89
1564,564,advanced,verb,A2,cefrj-v1.5,0.97,5,1341894,,,4.71
1565,565,midnight,noun,A2,cefrj-v1.5,0.97,5,234260,,,4.31
1566,566,kind,noun,A2,cefrj-v1.5,0.97,5,2907374,,,5.45
1567,567,schedule,noun,A2,cefrj-v1.5,0.97,5,1139543,,,4.67
1568,568,establish,verb,A2,cefrj-v1.5,0.97,5,558235,,,4.46
1569,569,aged,noun,A2,cefrj-v1.5,0.97,5,446302,,,4.5
1570,570,scenery,noun,A2,cefrj-v1.5,0.97,5,104074,,,3.68
1571,571,lose,verb,A2,cefrj-v1.5,0.97,5,979620,,,5.08
1572,572,garage,noun,A2,cefrj-v1.5,0.97,5,426390,,,4.25
1573,573,enough,noun,A2,cefrj-v1.5,0.97,5,3556608,,,5.54
1574,574,indicate,verb,A2,cefrj-v1.5,0.97,5,409091,,,4.35
1575,575,experience,noun,A2,cefrj-v1.5,0.97,5,5353918,,,5.27
1576,576,retire,verb,A2,cefrj-v1.5,0.97,5,115273,,,4.05
1577,577,chef,noun,A2,cefrj-v1.5,0.97,5,289965,,,4.23
1578,578,differently,adverb,A2,cefrj-v1.5,0.97,5,237043,,,4.23
1579,579,thousand,noun,A2,cefrj-v1.5,0.97,5,480786,,,4.64
1580,580,director,noun,A2,cefrj-v1.5,0.97,5,2457531,,,5.15
1581,581,plenty,noun,A2,cefrj-v1.5,0.97,5,777885,,,4.72
1582,582,forever,adverb,A2,cefrj-v1.5,0.97,5,523540,,,4.74
1583,583,credit,noun,A2,cefrj-v1.5,0.97,5,1982544,,,5.0
1584,584,political,adjective,A2,cefrj-v1.5,0.97,5,2218608,,,5.29
1585,585,produce,noun,A2,cefrj-v1.5,0.97,5,1093753,,,4.78
1586,586,weekly,noun,A2,cefrj-v1.5,0.97,5,705451,,,4.57
1587,587,pan,noun,A2,cefrj-v1.5,0.97,5,577005,,,4.39
1588,588,bite,noun,A2,cefrj-v1.5,0.97,5,260033,,,4.31
1589,589,method,noun,A2,cefrj-v1.5,0.97,5,1448705,,,4.8
1590,590,creative,adjective,A2,cefrj-v1.5,0.97,5,1223607,,,4.6
1591,591,physically,adverb,A2,cefrj-v1.5,0.97,5,271574,,,4.3
1592,592,slice,noun,A2,cefrj-v1.5,0.97,5,155200,,,4.0
1593,593,batch,noun,A2,cefrj-v1.5,0.97,5,181253,,,3.91
1594,594,acceptable,adjective,A2,cefrj-v1.5,0.97,5,218607,,,4.27
1595,595,addition,noun,A2,cefrj-v1.5,0.97,5,2226932,,,5.01
1596,596,appreciate,verb,A2,cefrj-v1.5,0.97,5,530734,,,4.74
1597,597,understand,verb,A2,cefrj-v1.5,0.97,5,2992369,,,5.37
1598,598,energetic,adjective,A2,cefrj-v1.5,0.97,5,116617,,,3.71
1599,599,lip,noun,A2,cefrj-v1.5,0.97,5,190295,,,4.13
1600,600,international,noun,A2,cefrj-v1.5,0.97,5,4405432,,,5.36
1601,601,doubt,noun,A2,cefrj-v1.5,0.97,5,638903,,,4.9
1602,602,surprising,verb,A2,cefrj-v1.5,0.97,5,226094,,,4.28
1603,603,quite,adverb,A2,cefrj-v1.5,0.97,5,2207938,,,5.29
1604,604,bug,noun,A2,cefrj-v1.5,0.97,5,268506,,,4.2
1605,605,branch,noun,A2,cefrj-v1.5,0.97,5,582272,,,4.58
1606,606,playground,noun,A2,cefrj-v1.5,0.97,5,122937,,,3.79
1607,607,clerk,noun,A2,cefrj-v1.5,0.97,5,170429,,,4.0
1608,608,display,noun,A2,cefrj-v1.5,0.97,5,1130101,,,4.63
1609,609,roughly,adverb,A2,cefrj-v1.5,0.97,5,316831,,,4.36
1610,610,fee,noun,A2,cefrj-v1.5,0.97,5,770134,,,4.51
1611,611,member,noun,A2,cefrj-v1.5,0.97,5,3117099,,,5.18
1612,612,solution,noun,A2,cefrj-v1.5,0.97,5,1474927,,,4.84
1613,613,campus,noun,A2,cefrj-v1.5,0.97,5,797474,,,4.51
1614,614,die,noun,A2,cefrj-v1.5,0.97,5,1327457,,,5.07
1615,615,jelly,noun,A2,cefrj-v1.5,0.97,5,84030,,,3.77
1616,616,tour,noun,A2,cefrj-v1.5,0.97,5,1592400,,,4.99
1617,617,rap,noun,A2,cefrj-v1.5,0.97,5,130594,,,4.12
1618,618,plastic,noun,A2,cefrj-v1.5,0.97,5,796761,,,4.51
1619,619,snack,noun,A2,cefrj-v1.5,0.97,5,162356,,,3.9
1620,620,provide,verb,A2,cefrj-v1.5,0.97,5,4621477,,,5.15
1621,621,oppose,verb,A2,cefrj-v1.5,0.97,5,87433,,,3.94
1622,622,proper,adjective,A2,cefrj-v1.5,0.97,5,958072,,,4.72
1623,623,lover,noun,A2,cefrj-v1.5,0.97,5,241025,,,4.26
1624,624,educational,adjective,A2,cefrj-v1.5,0.97,5,945323,,,4.6
1625,625,cent,noun,A2,cefrj-v1.5,0.97,5,488000,,,4.83
1626,626,military,noun,A2,cefrj-v1.5,0.97,5,1962043,,,5.2
1627,627,flour,noun,A2,cefrj-v1.5,0.97,5,281600,,,4.0
1628,628,freeze,noun,A2,cefrj-v1.5,0.97,5,182553,,,4.11
1629,629,psychologist,noun,A2,cefrj-v1.5,0.97,5,90934,,,3.8
1630,630,spoon,noun,A2,cefrj-v1.5,0.97,5,108279,,,3.88
1631,631,final,noun,A2,cefrj-v1.5,0.97,5,2807442,,,5.28
1632,632,competition,noun,A2,cefrj-v1.5,0.97,5,1230009,,,4.91
1633,633,remote,noun,A2,cefrj-v1.5,0.97,5,696453,,,4.41
1634,634,share,noun,A2,cefrj-v1.5,0.97,5,3196000,,,5.2
1635,635,suitable,adjective,A2,cefrj-v1.5,0.97,5,661521,,,4.38
1636,636,teenage,adjective,A2,cefrj-v1.5,0.97,5,144679,,,4.14
1637,637,greatly,adverb,A2,cefrj-v1.5,0.97,5,361164,,,4.33
1638,638,uncertain,adjective,A2,cefrj-v1.5,0.97,5,148516,,,3.99
1639,639,stove,noun,A2,cefrj-v1.5,0.97,5,116908,,,3.71
1640,640,amusement,noun,A2,cefrj-v1.5,0.97,5,74994,,,3.74
1641,641,behavior,noun,A2,cefrj-v1.5,0.97,5,842943,,,4.69
1642,642,quietly,adverb,A2,cefrj-v1.5,0.97,5,156015,,,4.15
1643,643,organise,verb,A2,cefrj-v1.5,0.97,5,56169,,,3.5
1644,644,confident,adjective,A2,cefrj-v1.5,0.97,5,377169,,,4.43
1645,645,colorful,adjective,A2,cefrj-v1.5,0.97,5,188106,,,3.8
1646,646,passenger,noun,A2,cefrj-v1.5,0.97,5,367151,,,4.38
1647,647,secretary,noun,A2,cefrj-v1.5,0.97,5,851130,,,4.95
1648,648,root,noun,A2,cefrj-v1.5,0.97,5,505834,,,4.41
1649,649,golf,noun,A2,cefrj-v1.5,0.97,5,701143,,,4.56
1650,650,physical,adjective,A2,cefrj-v1.5,0.97,5,1756611,,,4.94
1651,651,dessert,noun,A2,cefrj-v1.5,0.97,5,155786,,,3.83
1652,652,noisy,adjective,A2,cefrj-v1.5,0.97,5,67422,,,3.67
1653,653,slave,noun,A2,cefrj-v1.5,0.97,5,212160,,,4.31
1654,654,traditional,adjective,A2,cefrj-v1.5,0.97,5,1693148,,,4.84
1655,655,likely,adjective,A2,cefrj-v1.5,0.97,5,2103592,,,5.2
1656,656,pacific,noun,A2,cefrj-v1.5,0.97,5,689832,,,4.59
1657,657,leisure,noun,A2,cefrj-v1.5,0.97,5,174746,,,3.92
1658,658,official,noun,A2,cefrj-v1.5,0.97,5,1841514,,,5.14
1659,659,screw,noun,A2,cefrj-v1.5,0.97,5,176700,,,4.25
1660,660,feather,noun,A2,cefrj-v1.5,0.97,5,72580,,,3.69
1661,661,cola,noun,A2,cefrj-v1.5,0.97,5,84450,,,3.74
1662,662,quick,noun,A2,cefrj-v1.5,0.97,5,1679848,,,4.98
1663,663,balcony,noun,A2,cefrj-v1.5,0.97,5,111549,,,3.78
1664,664,perhaps,adverb,A2,cefrj-v1.5,0.97,5,1496983,,,5.09
1665,665,accord,noun,A2,model:multinomial-logit-v1,0.3474,5,71516,,,3.81
1666,666,convenient,adjective,A2,cefrj-v1.5,0.97,5,383410,,,4.15
1667,667,create,verb,A2,cefrj-v1.5,0.97,5,3722552,,,5.02
1668,668,consequence,noun,A2,cefrj-v1.5,0.97,5,154945,,,4.07
1669,669,realize,verb,A2,cefrj-v1.5,0.97,5,603902,,,4.83
1670,670,insect,noun,A2,cefrj-v1.5,0.97,5,108238,,,3.76
1671,671,native,noun,A2,cefrj-v1.5,0.97,5,993203,,,4.69
1672,672,temperature,noun,A2,cefrj-v1.5,0.97,5,979384,,,4.64
1673,673,trick,noun,A2,cefrj-v1.5,0.97,5,293703,,,4.48
1674,674,grateful,adjective,A2,cefrj-v1.5,0.97,5,296436,,,4.35
1675,675,playful,adjective,A2,cefrj-v1.5,0.97,5,90076,,,3.53
1676,676,sauce,noun,A2,cefrj-v1.5,0.97,5,416397,,,4.3
1677,677,correctly,adverb,A2,cefrj-v1.5,0.97,5,327673,,,4.21
1678,678,female,noun,A2,cefrj-v1.5,0.97,5,1218806,,,5.0
1679,679,impact,noun,A2,cefrj-v1.5,0.97,5,2236619,,,4.92
1680,680,affair,noun,A2,cefrj-v1.5,0.97,5,214478,,,4.3
1681,681,partly,adverb,A2,cefrj-v1.5,0.97,5,201113,,,4.3
1682,682,receipt,noun,A2,cefrj-v1.5,0.97,5,159433,,,3.92
1683,683,wheelchair,noun,A2,cefrj-v1.5,0.97,5,114954,,,3.86
1684,684,rope,noun,A2,cefrj-v1.5,0.97,5,186735,,,4.06
1685,685,boiled,verb,A2,cefrj-v1.5,0.97,5,69327,,,3.68
1686,686,statue,noun,A2,cefrj-v1.5,0.97,5,190392,,,4.09
1687,687,independence,noun,A2,cefrj-v1.5,0.97,5,463138,,,4.58
1688,688,ourselves,other,A2,cefrj-v1.5,0.97,5,645731,,,4.62
1689,689,exercise,noun,A2,cefrj-v1.5,0.97,5,982617,,,4.68
1690,690,earthquake,noun,A2,cefrj-v1.5,0.97,5,176487,,,4.15
1691,691,contrast,noun,A2,cefrj-v1.5,0.97,5,485315,,,4.46
1692,692,exactly,adverb,A2,cefrj-v1.5,0.97,5,1314639,,,5.15
1693,693,unnecessary,adjective,A2,cefrj-v1.5,0.97,5,200466,,,4.18
1694,694,summary,noun,A2,cefrj-v1.5,0.97,5,521856,,,4.37
1695,695,aisle,noun,A2,cefrj-v1.5,0.97,5,65624,,,3.72
1696,696,float,noun,A2,cefrj-v1.5,0.97,5,118376,,,3.94
1697,697,chili,noun,A2,cefrj-v1.5,0.97,5,103444,,,3.73
1698,698,comparative,noun,A2,cefrj-v1.5,0.97,5,118921,,,3.77
1699,699,happily,adverb,A2,cefrj-v1.5,0.97,5,133513,,,4.11
1700,700,west,noun,A2,cefrj-v1.5,0.97,5,3037497,,,5.29
1701,701,singular,noun,A2,cefrj-v1.5,0.97,5,80140,,,3.74
1702,702,curry,noun,A2,cefrj-v1.5,0.97,5,121631,,,3.96
1703,703,consider,verb,A2,cefrj-v1.5,0.97,5,1881235,,,4.99
1704,704,banking,noun,A2,cefrj-v1.5,0.97,5,427431,,,4.35
1705,705,stomach,noun,A2,cefrj-v1.5,0.97,5,298208,,,4.42
1706,706,strategy,noun,A2,cefrj-v1.5,0.97,5,1313041,,,4.74
1707,707,furniture,noun,A2,cefrj-v1.5,0.97,5,696496,,,4.29
1708,708,petrol,noun,A2,cefrj-v1.5,0.97,5,87080,,,3.72
1709,709,advertising,noun,A2,cefrj-v1.5,0.97,5,785224,,,4.54
1710,710,barber,noun,A2,cefrj-v1.5,0.97,5,80994,,,3.81
1711,711,slim,verb,A2,cefrj-v1.5,0.97,5,161166,,,4.05
1712,712,instant,noun,A2,cefrj-v1.5,0.97,5,422441,,,4.34
1713,713,glove,noun,A2,cefrj-v1.5,0.97,5,81085,,,3.73
1714,714,avoid,verb,A2,cefrj-v1.5,0.97,5,1446384,,,4.87
1715,715,teenager,noun,A2,cefrj-v1.5,0.97,5,119507,,,4.09
1716,716,disagree,verb,A2,cefrj-v1.5,0.97,5,107596,,,4.09
1717,717,uncomfortable,adjective,A2,cefrj-v1.5,0.97,5,176540,,,4.19
1718,718,duck,noun,A2,cefrj-v1.5,0.97,5,182195,,,4.21
1719,719,exhibition,noun,A2,cefrj-v1.5,0.97,5,536043,,,4.37
1720,720,occupation,noun,A2,cefrj-v1.5,0.97,5,220480,,,4.2
1721,721,worse,noun,A2,cefrj-v1.5,0.97,5,629303,,,4.89
1722,722,labour,noun,A2,cefrj-v1.5,0.97,5,463979,,,4.7
1723,723,communication,noun,A2,cefrj-v1.5,0.97,5,1314141,,,4.68
1724,724,pull,noun,A2,cefrj-v1.5,0.97,5,700785,,,4.82
1725,725,novel,noun,A2,cefrj-v1.5,0.97,5,901183,,,4.63
1726,726,pill,noun,A2,cefrj-v1.5,0.97,5,152479,,,4.03
1727,727,windy,adjective,A2,cefrj-v1.5,0.97,5,52823,,,3.57
1728,728,prediction,noun,A2,cefrj-v1.5,0.97,5,149776,,,3.96
1729,729,east,noun,A2,cefrj-v1.5,0.97,5,2488615,,,5.16
1730,730,cheek,noun,A2,cefrj-v1.5,0.97,5,83546,,,3.96
1731,731,seaside,noun,A2,cefrj-v1.5,0.97,5,55429,,,3.58
1732,732,north,noun,A2,cefrj-v1.5,0.97,5,3826176,,,5.34
1733,733,mushroom,noun,A2,cefrj-v1.5,0.97,5,90508,,,3.63
1734,734,licence,noun,A2,cefrj-v1.5,0.97,5,145045,,,3.97
1735,735,flea,noun,A2,cefrj-v1.5,0.97,5,57308,,,3.42
1736,736,ability,noun,A2,cefrj-v1.5,0.97,5,1768223,,,4.96
1737,737,wander,verb,A2,cefrj-v1.5,0.97,5,69126,,,3.67
1738,738,max,noun,A2,cefrj-v1.5,0.97,5,752059,,,4.66
1739,739,cooler,noun,A2,cefrj-v1.5,0.97,5,164057,,,3.96
1740,740,clue,noun,A2,cefrj-v1.5,0.97,5,125546,,,4.18
1741,741,castle,noun,A2,cefrj-v1.5,0.97,5,554766,,,4.45
1742,742,architecture,noun,A2,cefrj-v1.5,0.97,5,766359,,,4.42
1743,743,account,noun,A2,cefrj-v1.5,0.97,5,2686109,,,5.21
1744,744,athlete,noun,A2,cefrj-v1.5,0.97,5,213965,,,4.11
1745,745,specific,noun,A2,cefrj-v1.5,0.97,5,2511302,,,5.03
1746,746,museum,noun,A2,cefrj-v1.5,0.97,5,1405000,,,4.71
1747,747,belong,verb,A2,cefrj-v1.5,0.97,5,270068,,,4.38
1748,748,besides,adverb,A2,cefrj-v1.5,0.97,5,523538,,,4.63
1749,749,noon,noun,A2,cefrj-v1.5,0.97,5,180938,,,4.11
1750,750,cruise,noun,A2,cefrj-v1.5,0.97,5,329030,,,4.22
1751,751,singing,noun,A2,cefrj-v1.5,0.97,5,449777,,,4.59
1752,752,junk,noun,A2,cefrj-v1.5,0.97,5,162290,,,4.03
1753,753,discover,verb,A2,cefrj-v1.5,0.97,5,911989,,,4.39
1754,754,south,noun,A2,cefrj-v1.5,0.97,5,4444131,,,5.4
1755,755,gradually,adverb,A2,cefrj-v1.5,0.97,5,278575,,,4.21
1756,756,dislike,noun,A2,cefrj-v1.5,0.97,5,67567,,,3.89
1757,757,kingdom,noun,A2,cefrj-v1.5,0.97,5,1050374,,,4.62
1758,758,bulb,noun,A2,cefrj-v1.5,0.97,5,88943,,,3.66
1759,759,develop,verb,A2,cefrj-v1.5,0.97,5,1455256,,,4.75
1760,760,bride,noun,A2,cefrj-v1.5,0.97,5,238699,,,4.08
1761,761,destroy,verb,A2,cefrj-v1.5,0.97,5,315703,,,4.52
1762,762,sausage,noun,A2,cefrj-v1.5,0.97,5,87251,,,3.8
1763,763,reunion,noun,A2,cefrj-v1.5,0.97,5,109296,,,3.93
1764,764,regularly,adverb,A2,cefrj-v1.5,0.97,5,655194,,,4.52
1765,765,skiing,noun,A2,cefrj-v1.5,0.97,5,121584,,,3.84
1766,766,pleased,verb,A2,cefrj-v1.5,0.97,5,386058,,,4.44
1767,767,silently,adverb,A2,cefrj-v1.5,0.97,5,45665,,,3.58
1768,768,crisp,noun,A2,cefrj-v1.5,0.97,5,128455,,,3.7
1769,769,surprised,verb,A2,cefrj-v1.5,0.97,5,441007,,,4.68
1770,770,fascinating,verb,A2,cefrj-v1.5,0.97,5,262218,,,4.13
1771,771,reflect,verb,A2,cefrj-v1.5,0.97,5,506593,,,4.39
1772,772,pea,noun,A2,cefrj-v1.5,0.97,5,49774,,,3.54
1773,773,appropriate,verb,A2,cefrj-v1.5,0.97,5,990411,,,4.67
1774,774,timetable,noun,A2,cefrj-v1.5,0.97,5,48464,,,3.44
1775,775,camping,noun,A2,cefrj-v1.5,0.97,5,221762,,,4.0
1776,776,exam,noun,A2,cefrj-v1.5,0.97,5,488113,,,4.26
1777,777,fisherman,noun,A2,cefrj-v1.5,0.97,5,47883,,,3.49
1778,778,winner,noun,A2,cefrj-v1.5,0.97,5,758399,,,4.8
1779,779,gender,noun,A2,cefrj-v1.5,0.97,5,625548,,,4.59
1780,780,helpful,adjective,A2,cefrj-v1.5,0.97,5,695957,,,4.43
1781,781,disappointed,verb,A2,cefrj-v1.5,0.97,5,200435,,,4.42
1782,782,apply,verb,A2,cefrj-v1.5,0.97,5,1502242,,,4.81
1783,783,national,noun,A2,cefrj-v1.5,0.97,5,5944181,,,5.51
1784,784,achieve,verb,A2,cefrj-v1.5,0.97,5,982756,,,4.57
1785,785,title,noun,A2,cefrj-v1.5,0.97,5,2163905,,,5.1
1786,786,indoor,adjective,A2,cefrj-v1.5,0.97,5,402934,,,4.09
1787,787,alone,adjective,A2,cefrj-v1.5,0.97,5,1617997,,,5.16
1788,788,error,noun,A2,cefrj-v1.5,0.97,5,731947,,,4.55
1789,789,text,noun,A2,cefrj-v1.5,0.97,5,2015685,,,5.01
1790,790,precise,adjective,A2,cefrj-v1.5,0.97,5,292596,,,4.13
1791,791,honour,noun,A2,cefrj-v1.5,0.97,5,231429,,,4.37
1792,792,comic,noun,A2,cefrj-v1.5,0.97,5,356218,,,4.42
1793,793,elevator,noun,A2,cefrj-v1.5,0.97,5,125270,,,3.95
1794,794,colourful,adjective,A2,cefrj-v1.5,0.97,5,66698,,,3.55
1795,795,hiking,noun,A2,cefrj-v1.5,0.97,5,219332,,,3.87
1796,796,mainly,adverb,A2,cefrj-v1.5,0.97,5,586530,,,4.6
1797,797,whatever,adjective,A2,cefrj-v1.5,0.97,5,1099085,,,5.14
1798,798,chin,noun,A2,cefrj-v1.5,0.97,5,127280,,,4.0
1799,799,comb,noun,A2,cefrj-v1.5,0.97,5,52727,,,3.52
1800,800,disappear,verb,A2,cefrj-v1.5,0.97,5,130650,,,4.09
1801,801,commitment,noun,A2,cefrj-v1.5,0.97,5,704437,,,4.43
1802,802,cycling,noun,A2,cefrj-v1.5,0.97,5,246659,,,4.1
1803,803,robin,noun,A2,cefrj-v1.5,0.97,5,259431,,,4.33
1804,804,prevent,verb,A2,cefrj-v1.5,0.97,5,1251644,,,4.79
1805,805,value,noun,A2,cefrj-v1.5,0.97,5,3147535,,,5.15
1806,806,certainly,adverb,A2,cefrj-v1.5,0.97,5,1242305,,,5.0
1807,807,invention,noun,A2,cefrj-v1.5,0.97,5,262202,,,4.04
1808,808,improve,verb,A2,cefrj-v1.5,0.97,5,1834009,,,4.79
1809,809,nervous,adjective,A2,cefrj-v1.5,0.97,5,322570,,,4.42
1810,810,cleaner,noun,A2,cefrj-v1.5,0.97,5,216694,,,3.9
1811,811,promise,noun,A2,cefrj-v1.5,0.97,5,616305,,,4.71
1812,812,textbook,noun,A2,cefrj-v1.5,0.97,5,80002,,,3.77
1813,813,artificial,adjective,A2,cefrj-v1.5,0.97,5,465165,,,4.24
1814,814,latest,noun,A2,cefrj-v1.5,0.97,5,1780188,,,4.92
1815,815,communicate,verb,A2,cefrj-v1.5,0.97,5,402686,,,4.2
1816,816,fortunately,adverb,A2,cefrj-v1.5,0.97,5,184657,,,3.97
1817,817,tidy,noun,A2,cefrj-v1.5,0.97,5,65778,,,3.53
1818,818,remind,verb,A2,cefrj-v1.5,0.97,5,237627,,,4.37
1819,819,scissors,noun,A2,cefrj-v1.5,0.97,5,66983,,,3.58
1820,820,request,noun,A2,cefrj-v1.5,0.97,5,1394452,,,4.76
1821,821,criticize,verb,A2,cefrj-v1.5,0.97,5,38160,,,3.63
1822,822,university,noun,A2,cefrj-v1.5,0.97,5,6316922,,,5.39
1823,823,leather,noun,A2,cefrj-v1.5,0.97,5,464764,,,4.35
1824,824,hike,noun,A2,cefrj-v1.5,0.97,5,169251,,,3.95
1825,825,thought,noun,A2,cefrj-v1.5,0.97,5,3250012,,,5.59
1826,826,mobile,noun,A2,cefrj-v1.5,0.97,5,1974990,,,4.85
1827,827,background,noun,A2,cefrj-v1.5,0.97,5,1457103,,,4.77
1828,828,cereal,noun,A2,cefrj-v1.5,0.97,5,65456,,,3.74
1829,829,wallet,noun,A2,cefrj-v1.5,0.97,5,225027,,,4.15
1830,830,product,noun,A2,cefrj-v1.5,0.97,5,3745804,,,4.95
1831,831,killer,noun,A2,cefrj-v1.5,0.97,5,287061,,,4.47
1832,832,carrot,noun,A2,cefrj-v1.5,0.97,5,65090,,,3.62
1833,833,terrorist,noun,A2,cefrj-v1.5,0.97,5,192203,,,4.35
1834,834,invade,verb,A2,cefrj-v1.5,0.97,5,40008,,,3.61
1835,835,significant,adjective,A2,cefrj-v1.5,0.97,5,1912272,,,4.98
1836,836,badly,adverb,A2,cefrj-v1.5,0.97,5,203508,,,4.44
1837,837,invent,verb,A2,cefrj-v1.5,0.97,5,41763,,,3.57
1838,838,pour,verb,A2,cefrj-v1.5,0.97,5,335206,,,4.1
1839,839,organised,verb,A2,cefrj-v1.5,0.97,5,183651,,,4.08
1840,840,fiction,noun,A2,cefrj-v1.5,0.97,5,628946,,,4.44
1841,841,junior,noun,A2,cefrj-v1.5,0.97,5,676552,,,4.49
1842,842,audio,noun,A2,cefrj-v1.5,0.97,5,884262,,,4.47
1843,843,heating,noun,A2,cefrj-v1.5,0.97,5,418933,,,4.18
1844,844,midday,noun,A2,cefrj-v1.5,0.97,5,32869,,,3.37
1845,845,unpleasant,adjective,A2,cefrj-v1.5,0.97,5,85779,,,3.8
1846,846,fancy,noun,A2,cefrj-v1.5,0.97,5,242667,,,4.35
1847,847,oven,noun,A2,cefrj-v1.5,0.97,5,351695,,,4.05
1848,848,importance,noun,A2,cefrj-v1.5,0.97,5,935578,,,4.56
1849,849,dentist,noun,A2,cefrj-v1.5,0.97,5,187855,,,3.86
1850,850,confuse,verb,A2,cefrj-v1.5,0.97,5,48581,,,3.67
1851,851,garlic,noun,A2,cefrj-v1.5,0.97,5,270488,,,3.92
1852,852,creature,noun,A2,cefrj-v1.5,0.97,5,171556,,,4.16
1853,853,context,noun,A2,cefrj-v1.5,0.97,5,737287,,,4.63
1854,854,widely,adverb,A2,cefrj-v1.5,0.97,5,541776,,,4.54
1855,855,cafeteria,noun,A2,cefrj-v1.5,0.97,5,39102,,,3.44
1856,856,convenience,noun,A2,cefrj-v1.5,0.97,5,313426,,,4.02
1857,857,anxious,adjective,A2,cefrj-v1.5,0.97,5,146844,,,4.09
1858,858,annoying,noun,A2,cefrj-v1.5,0.97,5,122777,,,4.4
1859,859,association,noun,A2,cefrj-v1.5,0.97,5,2139773,,,5.01
1860,860,curse,noun,A2,cefrj-v1.5,0.97,5,114118,,,4.07
1861,861,customer,noun,A2,cefrj-v1.5,0.97,5,2180352,,,4.61
1862,862,pear,noun,A2,cefrj-v1.5,0.97,5,56014,,,3.47
1863,863,encourage,verb,A2,cefrj-v1.5,0.97,5,659115,,,4.45
1864,864,onion,noun,A2,cefrj-v1.5,0.97,5,187587,,,3.89
1865,865,musical,noun,A2,cefrj-v1.5,0.97,5,798705,,,4.51
1866,866,brave,noun,A2,cefrj-v1.5,0.97,5,205466,,,4.33
1867,867,gun,noun,A2,cefrj-v1.5,0.97,5,909311,,,4.96
1868,868,swallow,noun,A2,cefrj-v1.5,0.97,5,80603,,,3.87
1869,869,traveller,noun,A2,cefrj-v1.5,0.97,5,49380,,,3.49
1870,870,pleasing,noun,A2,cefrj-v1.5,0.97,5,87223,,,3.75
1871,871,murder,noun,A2,cefrj-v1.5,0.97,5,635441,,,4.86
1872,872,theirs,other,A2,cefrj-v1.5,0.97,5,76265,,,3.96
1873,873,gram,noun,A2,cefrj-v1.5,0.97,5,89707,,,3.76
1874,874,blonde,noun,A2,cefrj-v1.5,0.97,5,135986,,,4.04
1875,875,view,noun,A2,cefrj-v1.5,0.97,5,3670273,,,5.19
1876,876,disappointing,verb,A2,cefrj-v1.5,0.97,5,95528,,,4.02
1877,877,mean,noun,A2,cefrj-v1.5,0.97,5,2974372,,,5.53
1878,878,surfing,noun,A2,cefrj-v1.5,0.97,5,91301,,,3.72
1879,879,stuff,noun,A2,cefrj-v1.5,0.97,5,1152484,,,5.14
1880,880,refer,verb,A2,cefrj-v1.5,0.97,5,689270,,,4.45
1881,881,basically,adverb,A2,cefrj-v1.5,0.97,5,461619,,,4.63
1882,882,dead,noun,A2,cefrj-v1.5,0.97,5,1553609,,,5.19
1883,883,barbecue,noun,A2,cefrj-v1.5,0.97,5,72222,,,3.62
1884,884,consist,verb,A2,cefrj-v1.5,0.97,5,164080,,,3.94
1885,885,stranger,noun,A2,cefrj-v1.5,0.97,5,178512,,,4.28
1886,886,frank,noun,A2,cefrj-v1.5,0.97,5,692054,,,4.75
1887,887,container,noun,A2,cefrj-v1.5,0.97,5,342010,,,4.03
1888,888,gallery,noun,A2,cefrj-v1.5,0.97,5,943645,,,4.49
1889,889,software,noun,A2,cefrj-v1.5,0.97,5,2463502,,,4.77
1890,890,basket,noun,A2,cefrj-v1.5,0.97,5,261169,,,4.07
1891,891,dinosaur,noun,A2,cefrj-v1.5,0.97,5,69995,,,3.77
1892,892,realise,verb,A2,cefrj-v1.5,0.97,5,124277,,,4.26
1893,893,highway,noun,A2,cefrj-v1.5,0.97,5,571562,,,4.49
1894,894,scarf,noun,A2,cefrj-v1.5,0.97,5,65597,,,3.68
1895,895,repair,noun,A2,cefrj-v1.5,0.97,5,965791,,,4.41
1896,896,smoothly,adverb,A2,cefrj-v1.5,0.97,5,148776,,,3.68
1897,897,printer,noun,A2,cefrj-v1.5,0.97,5,234157,,,3.93
1898,898,skate,noun,A2,cefrj-v1.5,0.97,5,72075,,,3.74
1899,899,shall,other,A2,cefrj-v1.5,0.97,5,1666381,,,5.03
1900,900,married,noun,A2,cefrj-v1.5,0.97,5,1461927,,,5.03
1901,901,ski,noun,A2,cefrj-v1.5,0.97,5,321603,,,4.13
1902,902,sew,verb,A2,cefrj-v1.5,0.97,5,71532,,,3.45
1903,903,soldier,noun,A2,cefrj-v1.5,0.97,5,286853,,,4.46
1904,904,boil,noun,A2,cefrj-v1.5,0.97,5,114282,,,3.83
1905,905,royal,noun,A2,cefrj-v1.5,0.97,5,1284897,,,4.85
1906,906,seafood,noun,A2,cefrj-v1.5,0.97,5,138958,,,3.65
1907,907,vocabulary,noun,A2,cefrj-v1.5,0.97,5,131445,,,3.82
1908,908,adjust,verb,A2,cefrj-v1.5,0.97,5,348540,,,4.07
1909,909,explore,verb,A2,cefrj-v1.5,0.97,5,1228298,,,4.31
1910,910,lifestyle,noun,A2,cefrj-v1.5,0.97,5,639312,,,4.29
1911,911,mall,noun,A2,cefrj-v1.5,0.97,5,245233,,,4.29
1912,912,kindly,adjective,A2,cefrj-v1.5,0.97,5,111156,,,4.0
1913,913,web,noun,A2,cefrj-v1.5,0.97,5,2871737,,,4.74
1914,914,film,noun,A2,cefrj-v1.5,0.97,5,4162688,,,5.2
1915,915,alive,adjective,A2,cefrj-v1.5,0.97,5,613507,,,4.76
1916,916,net,noun,A2,cefrj-v1.5,0.97,5,1343893,,,4.76
1917,917,semester,noun,A2,cefrj-v1.5,0.97,5,190240,,,4.03
1918,918,relax,verb,A2,cefrj-v1.5,0.97,5,367694,,,4.29
1919,919,description,noun,A2,cefrj-v1.5,0.97,5,1152603,,,4.73
1920,920,dressed,verb,A2,cefrj-v1.5,0.97,5,270228,,,4.42
1921,921,rating,noun,A2,cefrj-v1.5,0.97,5,652963,,,4.45
1922,922,award,noun,A2,cefrj-v1.5,0.97,5,1988168,,,4.88
1923,923,steak,noun,A2,cefrj-v1.5,0.97,5,113951,,,3.97
1924,924,snowboarding,noun,A2,cefrj-v1.5,0.97,4,23713,,,3.15
1925,925,polite,adjective,A2,cefrj-v1.5,0.97,5,81720,,,3.92
1926,926,spaghetti,noun,A2,cefrj-v1.5,0.97,5,56280,,,3.65
1927,927,custom,noun,A2,cefrj-v1.5,0.97,5,1109653,,,4.43
1928,928,drawer,noun,A2,cefrj-v1.5,0.97,5,96695,,,3.78
1929,929,diet,noun,A2,cefrj-v1.5,0.97,5,874315,,,4.57
1930,930,lend,verb,A2,cefrj-v1.5,0.97,5,107980,,,3.92
1931,931,essay,noun,A2,cefrj-v1.5,0.97,5,727040,,,4.23
1932,932,mistake,noun,A2,cefrj-v1.5,0.97,5,424782,,,4.67
1933,933,kit,noun,A2,cefrj-v1.5,0.97,5,596415,,,4.42
1934,934,chairman,noun,A2,cefrj-v1.5,0.97,5,615328,,,4.8
1935,935,pro,noun,A2,cefrj-v1.5,0.97,5,1527623,,,4.94
1936,936,predict,verb,A2,cefrj-v1.5,0.97,5,196258,,,4.08
1937,937,disadvantage,noun,A2,cefrj-v1.5,0.97,5,61823,,,3.71
1938,938,complain,verb,A2,cefrj-v1.5,0.97,5,121344,,,4.23
1939,939,admit,verb,A2,cefrj-v1.5,0.97,5,334439,,,4.58
1940,940,search,noun,A2,cefrj-v1.5,0.97,5,3579405,,,4.96
1941,941,village,noun,A2,cefrj-v1.5,0.97,5,1655730,,,4.82
1942,942,luckily,adverb,A2,cefrj-v1.5,0.97,5,135736,,,3.92
1943,943,bake,verb,A2,cefrj-v1.5,0.97,5,176684,,,3.91
1944,944,fault,noun,A2,cefrj-v1.5,0.97,5,392631,,,4.64
1945,945,episode,noun,A2,cefrj-v1.5,0.97,5,1053420,,,4.97
1946,946,calendar,noun,A2,cefrj-v1.5,0.97,5,578968,,,4.3
1947,947,contact,noun,A2,cefrj-v1.5,0.97,5,4590089,,,4.99
1948,948,importantly,adverb,A2,cefrj-v1.5,0.97,5,265920,,,4.09
1949,949,fridge,noun,A2,cefrj-v1.5,0.97,5,143393,,,4.02
1950,950,superstar,noun,A2,cefrj-v1.5,0.97,5,65381,,,3.83
1951,951,pasta,noun,A2,cefrj-v1.5,0.97,5,183465,,,3.92
1952,952,somewhere,noun,A2,cefrj-v1.5,0.97,5,512529,,,4.74
1953,953,melon,noun,A2,cefrj-v1.5,0.97,5,30480,,,3.32
1954,954,myself,other,A2,cefrj-v1.5,0.97,5,1627567,,,5.31
1955,955,pilgrim,noun,A2,cefrj-v1.5,0.97,5,37493,,,3.38
1956,956,dancer,noun,A2,cefrj-v1.5,0.97,5,138821,,,3.99
1957,957,fighter,noun,A2,cefrj-v1.5,0.97,5,264415,,,4.32
1958,958,dam,noun,A2,cefrj-v1.5,0.97,5,225378,,,4.17
1959,959,blow,noun,A2,cefrj-v1.5,0.97,5,350820,,,4.59
1960,960,refrigerator,noun,A2,cefrj-v1.5,0.97,5,145634,,,3.61
1961,961,website,noun,A2,cefrj-v1.5,0.97,5,4469591,,,5.09
1962,962,upset,noun,A2,cefrj-v1.5,0.97,5,286442,,,4.61
1963,963,astronaut,noun,A2,cefrj-v1.5,0.97,5,43926,,,3.6
1964,964,brake,noun,A2,cefrj-v1.5,0.97,5,211898,,,3.95
1965,965,runner,noun,A2,cefrj-v1.5,0.97,5,277976,,,4.18
1966,966,admire,verb,A2,cefrj-v1.5,0.97,5,99491,,,3.97
1967,967,bored,verb,A2,cefrj-v1.5,0.97,5,126586,,,4.2
1968,968,disco,noun,A2,cefrj-v1.5,0.97,5,82329,,,3.78
1969,969,trouble,noun,A2,cefrj-v1.5,0.97,5,874896,,,4.79
1970,970,hardly,adverb,A2,cefrj-v1.5,0.97,5,308768,,,4.53
1971,971,steal,noun,A2,cefrj-v1.5,0.97,5,215932,,,4.41
1972,972,sadly,adverb,A2,cefrj-v1.5,0.97,5,161825,,,4.18
1973,973,sunflower,noun,A2,cefrj-v1.5,0.97,5,52986,,,3.36
1974,974,bargain,noun,A2,cefrj-v1.5,0.97,5,102369,,,3.95
1975,975,beginner,noun,A2,cefrj-v1.5,0.97,5,132070,,,3.52
1976,976,symphony,noun,A2,cefrj-v1.5,0.97,5,174411,,,3.77
1977,977,unforgettable,adjective,A2,cefrj-v1.5,0.97,5,101250,,,3.49
1978,978,uneasy,adjective,A2,cefrj-v1.5,0.97,5,31155,,,3.45
1979,979,shoot,noun,A2,cefrj-v1.5,0.97,5,550334,,,4.73
1980,980,compare,noun,A2,cefrj-v1.5,0.97,5,633922,,,4.45
1981,981,frightening,noun,A2,cefrj-v1.5,0.97,5,56814,,,3.67
1982,982,kilometer,noun,A2,cefrj-v1.5,0.97,5,30029,,,3.19
1983,983,unhappy,adjective,A2,cefrj-v1.5,0.97,5,110299,,,4.06
1984,984,worried,verb,A2,cefrj-v1.5,0.97,5,373966,,,4.63
1985,985,creativity,noun,A2,cefrj-v1.5,0.97,5,378265,,,4.01
1986,986,envy,noun,A2,cefrj-v1.5,0.97,5,70673,,,3.84
1987,987,mad,adjective,A2,cefrj-v1.5,0.97,5,382769,,,4.74
1988,988,lemonade,noun,A2,cefrj-v1.5,0.97,5,41657,,,3.44
1989,989,retired,verb,A2,cefrj-v1.5,0.97,5,484109,,,4.44
1990,990,century,noun,A2,cefrj-v1.5,0.97,5,3217537,,,5.02
1991,991,boss,noun,A2,cefrj-v1.5,0.97,5,517178,,,4.76
1992,992,chess,noun,A2,cefrj-v1.5,0.97,5,189351,,,3.94
1993,993,captain,noun,A2,cefrj-v1.5,0.97,5,992635,,,4.89
1994,994,online,adjective,A2,cefrj-v1.5,0.97,5,6552487,,,5.19
1995,995,sock,noun,A2,cefrj-v1.5,0.97,5,50908,,,3.61
1996,996,cheer,noun,A2,cefrj-v1.5,0.97,5,107871,,,4.06
1997,997,handicapped,noun,A2,cefrj-v1.5,0.97,5,27840,,,3.42
1998,998,sightseeing,noun,A2,cefrj-v1.5,0.97,5,48480,,,3.14
1999,999,quiz,noun,A2,cefrj-v1.5,0.97,5,136885,,,3.82
2000,1000,pc,noun,A2,cefrj-v1.5,0.97,5,643830,,,4.53
2001,1,through,adjective,B1,cefrj-v1.5,0.97,5,11656694,,,5.87
2002,2,live,verb,B1,cefrj-v1.5,0.97,5,4371660,,,5.54
2003,3,last,noun,B1,cefrj-v1.5,0.97,5,7841724,,,5.86
2004,4,bound,noun,B1,cefrj-v1.5,0.97,5,370298,,,4.46
2005,5,authority,noun,B1,cefrj-v1.5,0.97,5,936930,,,4.81
2006,6,more,noun,B1,cefrj-v1.5,0.97,5,30260828,,,6.36
2007,7,fall,noun,B1,cefrj-v1.5,0.97,5,1727543,,,5.13
2008,8,least,noun,B1,cefrj-v1.5,0.97,5,2981280,,,5.44
2009,9,charge,noun,B1,cefrj-v1.5,0.97,5,1260358,,,5.02
2010,10,working,noun,B1,cefrj-v1.5,0.97,5,4452410,,,5.45
2011,11,past,noun,B1,cefrj-v1.5,0.97,5,2957276,,,5.36
2012,12,present,noun,B1,cefrj-v1.5,0.97,5,2526898,,,5.18
2013,13,immediately,adverb,B1,cefrj-v1.5,0.97,5,1219969,,,4.98
2014,14,paid,verb,B1,cefrj-v1.5,0.97,5,1317161,,,5.12
2015,15,foot,noun,B1,cefrj-v1.5,0.97,5,993662,,,4.87
2016,16,superior,noun,B1,cefrj-v1.5,0.97,5,459938,,,4.46
2017,17,responsible,adjective,B1,cefrj-v1.5,0.97,5,1261591,,,4.88
2018,18,mission,noun,B1,cefrj-v1.5,0.97,5,1270441,,,4.87
2019,19,flat,noun,B1,cefrj-v1.5,0.97,5,762416,,,4.72
2020,20,near,verb,B1,cefrj-v1.5,0.97,5,2497486,,,5.29
2021,21,entire,noun,B1,cefrj-v1.5,0.97,5,1676230,,,5.09
2022,22,distance,noun,B1,cefrj-v1.5,0.97,5,937775,,,4.85
2023,23,reach,noun,B1,cefrj-v1.5,0.97,5,1545264,,,4.94
2024,24,otherwise,adjective,B1,cefrj-v1.5,0.97,5,941849,,,4.88
2025,25,half,noun,B1,cefrj-v1.5,0.97,5,2752883,,,5.41
2026,26,lead,noun,B1,cefrj-v1.5,0.97,5,2768789,,,5.2
2027,27,engine,noun,B1,cefrj-v1.5,0.97,5,1294862,,,4.84
2028,28,spirit,noun,B1,cefrj-v1.5,0.97,5,1008600,,,4.79
2029,29,turning,noun,B1,cefrj-v1.5,0.97,5,603598,,,4.71
2030,30,land,noun,B1,cefrj-v1.5,0.97,5,2360017,,,5.22
2031,31,involved,verb,B1,cefrj-v1.5,0.97,5,1761362,,,5.1
2032,32,pure,adjective,B1,cefrj-v1.5,0.97,5,527015,,,4.64
2033,33,respect,noun,B1,cefrj-v1.5,0.97,5,936448,,,5.03
2034,34,justice,noun,B1,cefrj-v1.5,0.97,5,1183079,,,4.97
2035,35,duty,noun,B1,cefrj-v1.5,0.97,5,713642,,,4.71
2036,36,able,adjective,B1,cefrj-v1.5,0.97,5,4199314,,,5.43
2037,37,sometimes,adverb,B1,cefrj-v1.5,0.97,5,2054882,,,5.28
2038,38,defense,noun,B1,cefrj-v1.5,0.97,5,1054772,,,4.93
2039,39,sharp,noun,B1,cefrj-v1.5,0.97,5,420773,,,4.48
2040,40,general,noun,B1,cefrj-v1.5,0.97,5,4059601,,,5.47
2041,41,even,noun,B1,cefrj-v1.5,0.97,5,10546507,,,5.99
2042,42,opening,noun,B1,cefrj-v1.5,0.97,5,1215980,,,4.94
2043,43,operation,noun,B1,cefrj-v1.5,0.97,5,1125966,,,4.92
2044,44,responsibility,noun,B1,cefrj-v1.5,0.97,5,821322,,,4.75
2045,45,grant,noun,B1,cefrj-v1.5,0.97,5,766014,,,4.67
2046,46,worth,noun,B1,cefrj-v1.5,0.97,5,1604188,,,5.16
2047,47,occasion,noun,B1,cefrj-v1.5,0.97,5,363246,,,4.38
2048,48,above,noun,B1,cefrj-v1.5,0.97,5,2512551,,,5.2
2049,49,completely,adverb,B1,cefrj-v1.5,0.97,5,1356077,,,5.0
2050,50,rare,adjective,B1,cefrj-v1.5,0.97,5,659993,,,4.77
2051,51,proof,noun,B1,cefrj-v1.5,0.97,5,543853,,,4.7
2052,52,nor,other,B1,cefrj-v1.5,0.97,5,793669,,,4.78
2053,53,cut,noun,B1,cefrj-v1.5,0.97,5,1948318,,,5.24
2054,54,reputation,noun,B1,cefrj-v1.5,0.97,5,489802,,,4.47
2055,55,public,noun,B1,cefrj-v1.5,0.97,5,5398846,,,5.57
2056,56,holy,noun,B1,cefrj-v1.5,0.97,5,725569,,,4.88
2057,57,joint,noun,B1,cefrj-v1.5,0.97,5,782573,,,4.71
2058,58,until,other,B1,cefrj-v1.5,0.97,5,4798014,,,5.61
2059,59,rolling,noun,B1,cefrj-v1.5,0.97,5,374977,,,4.47
2060,60,soul,noun,B1,cefrj-v1.5,0.97,5,721928,,,4.81
2061,61,entirely,adverb,B1,cefrj-v1.5,0.97,5,579952,,,4.72
2062,62,behalf,noun,B1,cefrj-v1.5,0.97,5,378935,,,4.42
2063,63,exact,verb,B1,cefrj-v1.5,0.97,5,474366,,,4.51
2064,64,secret,noun,B1,cefrj-v1.5,0.97,5,878560,,,4.92
2065,65,claim,noun,B1,cefrj-v1.5,0.97,5,1045721,,,4.95
2066,66,ordinary,noun,B1,cefrj-v1.5,0.97,5,347715,,,4.42
2067,67,arrival,noun,B1,cefrj-v1.5,0.97,5,369600,,,4.44
2068,68,crash,noun,B1,cefrj-v1.5,0.97,5,383235,,,4.55
2069,69,charity,noun,B1,cefrj-v1.5,0.97,5,393404,,,4.45
2070,70,hunt,noun,B1,cefrj-v1.5,0.97,5,351378,,,4.49
2071,71,sand,noun,B1,cefrj-v1.5,0.97,5,424664,,,4.44
2072,72,prepared,verb,B1,cefrj-v1.5,0.97,5,832833,,,4.74
2073,73,hearing,noun,B1,cefrj-v1.5,0.97,5,792730,,,4.82
2074,74,tank,noun,B1,cefrj-v1.5,0.97,5,560478,,,4.57
2075,75,push,noun,B1,cefrj-v1.5,0.97,5,698313,,,4.82
2076,76,decision,noun,B1,cefrj-v1.5,0.97,5,1947604,,,5.09
2077,77,onto,other,B1,cefrj-v1.5,0.97,5,868662,,,4.77
2078,78,engaged,verb,B1,cefrj-v1.5,0.97,5,504971,,,4.52
2079,79,marriage,noun,B1,cefrj-v1.5,0.97,5,950551,,,4.91
2080,80,plain,noun,B1,cefrj-v1.5,0.97,5,393240,,,4.43
2081,81,neighborhood,noun,B1,cefrj-v1.5,0.97,5,518730,,,4.5
2082,82,ocean,noun,B1,cefrj-v1.5,0.97,5,690770,,,4.7
2083,83,solid,noun,B1,cefrj-v1.5,0.97,5,847251,,,4.73
2084,84,lift,noun,B1,cefrj-v1.5,0.97,5,439198,,,4.5
2085,85,equal,noun,B1,cefrj-v1.5,0.97,5,596281,,,4.65
2086,86,disaster,noun,B1,cefrj-v1.5,0.97,5,376904,,,4.39
2087,87,extraordinary,adjective,B1,cefrj-v1.5,0.97,5,291026,,,4.36
2088,88,hidden,verb,B1,cefrj-v1.5,0.97,5,599529,,,4.53
2089,89,rescue,noun,B1,cefrj-v1.5,0.97,5,402076,,,4.48
2090,90,edge,noun,B1,cefrj-v1.5,0.97,5,1003959,,,4.74
2091,91,incident,noun,B1,cefrj-v1.5,0.97,5,508845,,,4.54
2092,92,broad,noun,B1,cefrj-v1.5,0.97,5,515841,,,4.53
2093,93,iron,noun,B1,cefrj-v1.5,0.97,5,733940,,,4.74
2094,94,capable,adjective,B1,cefrj-v1.5,0.97,5,527069,,,4.61
2095,95,rest,noun,B1,cefrj-v1.5,0.97,5,1941908,,,5.23
2096,96,rise,noun,B1,cefrj-v1.5,0.97,5,930276,,,4.81
2097,97,giant,noun,B1,cefrj-v1.5,0.97,5,453949,,,4.62
2098,98,hip,noun,B1,cefrj-v1.5,0.97,5,411444,,,4.46
2099,99,companion,noun,B1,cefrj-v1.5,0.97,5,240916,,,4.13
2100,100,goods,noun,B1,cefrj-v1.5,0.97,5,746384,,,4.6
2101,101,investigation,noun,B1,cefrj-v1.5,0.97,5,664499,,,4.75
2102,102,attend,verb,B1,cefrj-v1.5,0.97,5,591328,,,4.55
2103,103,assume,verb,B1,cefrj-v1.5,0.97,5,364089,,,4.57
2104,104,agreement,noun,B1,cefrj-v1.5,0.97,5,1100444,,,4.88
2105,105,presence,noun,B1,cefrj-v1.5,0.97,5,929359,,,4.73
2106,106,stretch,noun,B1,cefrj-v1.5,0.97,5,359872,,,4.35
2107,107,fake,noun,B1,cefrj-v1.5,0.97,5,317243,,,4.65
2108,108,press,noun,B1,cefrj-v1.5,0.97,5,2133820,,,5.16
2109,109,defend,verb,B1,cefrj-v1.5,0.97,5,273867,,,4.47
2110,110,unable,adjective,B1,cefrj-v1.5,0.97,5,558588,,,4.61
2111,111,level,noun,B1,cefrj-v1.5,0.97,5,3901820,,,5.41
2112,112,desire,noun,B1,cefrj-v1.5,0.97,5,652216,,,4.61
2113,113,drag,noun,B1,cefrj-v1.5,0.97,5,259180,,,4.29
2114,114,burning,noun,B1,cefrj-v1.5,0.97,5,381640,,,4.5
2115,115,intention,noun,B1,cefrj-v1.5,0.97,5,269069,,,4.33
2116,116,prayer,noun,B1,cefrj-v1.5,0.97,5,423564,,,4.42
2117,117,marked,verb,B1,cefrj-v1.5,0.97,5,502306,,,4.5
2118,118,capture,noun,B1,cefrj-v1.5,0.97,5,530349,,,4.42
2119,119,serious,adjective,B1,cefrj-v1.5,0.97,5,1201660,,,5.1
2120,120,humor,noun,B1,cefrj-v1.5,0.97,5,220056,,,4.19
2121,121,mile,noun,B1,cefrj-v1.5,0.97,5,509428,,,4.59
2122,122,profession,noun,B1,cefrj-v1.5,0.97,5,250010,,,4.13
2123,123,politics,noun,B1,cefrj-v1.5,0.97,5,775390,,,4.87
2124,124,steam,noun,B1,cefrj-v1.5,0.97,5,377617,,,4.52
2125,125,main,noun,B1,cefrj-v1.5,0.97,5,3193191,,,5.24
2126,126,praise,noun,B1,cefrj-v1.5,0.97,5,243068,,,4.31
2127,127,palm,noun,B1,cefrj-v1.5,0.97,5,328234,,,4.23
2128,128,tale,noun,B1,cefrj-v1.5,0.97,5,290333,,,4.29
2129,129,worn,verb,B1,cefrj-v1.5,0.97,5,280455,,,4.26
2130,130,relationship,noun,B1,cefrj-v1.5,0.97,5,1619707,,,5.15
2131,131,violence,noun,B1,cefrj-v1.5,0.97,5,779457,,,4.75
2132,132,strip,noun,B1,cefrj-v1.5,0.97,5,305483,,,4.36
2133,133,arrangement,noun,B1,cefrj-v1.5,0.97,5,263854,,,4.25
2134,134,sacred,adjective,B1,cefrj-v1.5,0.97,5,277581,,,4.24
2135,135,failure,noun,B1,cefrj-v1.5,0.97,5,748076,,,4.72
2136,136,finding,noun,B1,cefrj-v1.5,0.97,5,1054669,,,4.85
2137,137,shelter,noun,B1,cefrj-v1.5,0.97,5,262269,,,4.25
2138,138,permanent,noun,B1,cefrj-v1.5,0.97,5,572912,,,4.57
2139,139,frozen,verb,B1,cefrj-v1.5,0.97,5,285855,,,4.32
2140,140,passion,noun,B1,cefrj-v1.5,0.97,5,557271,,,4.44
2141,141,concerned,verb,B1,cefrj-v1.5,0.97,5,610943,,,4.75
2142,142,reward,noun,B1,cefrj-v1.5,0.97,5,319187,,,4.33
2143,143,future,noun,B1,cefrj-v1.5,0.97,5,3474405,,,5.33
2144,144,rough,noun,B1,cefrj-v1.5,0.97,5,329926,,,4.49
2145,145,lecture,noun,B1,cefrj-v1.5,0.97,5,213804,,,4.14
2146,146,impression,noun,B1,cefrj-v1.5,0.97,5,275736,,,4.35
2147,147,fallen,verb,B1,cefrj-v1.5,0.97,5,274631,,,4.39
2148,148,customs,noun,B1,cefrj-v1.5,0.97,5,241953,,,4.19
2149,149,temporary,noun,B1,cefrj-v1.5,0.97,5,438408,,,4.48
2150,150,personally,adverb,B1,cefrj-v1.5,0.97,5,499917,,,4.57
2151,151,top,noun,B1,cefrj-v1.5,0.97,5,5819993,,,5.57
2152,152,formal,noun,B1,cefrj-v1.5,0.97,5,429753,,,4.45
2153,153,score,noun,B1,cefrj-v1.5,0.97,5,1042749,,,4.83
2154,154,department,noun,B1,cefrj-v1.5,0.97,5,2670442,,,5.23
2155,155,recover,verb,B1,cefrj-v1.5,0.97,5,292892,,,4.29
2156,156,victim,noun,B1,cefrj-v1.5,0.97,5,396976,,,4.56
2157,157,outer,adjective,B1,cefrj-v1.5,0.97,5,287822,,,4.25
2158,158,appeal,noun,B1,cefrj-v1.5,0.97,5,623992,,,4.67
2159,159,paradise,noun,B1,cefrj-v1.5,0.97,5,196711,,,4.16
2160,160,aid,noun,B1,cefrj-v1.5,0.97,5,851449,,,4.75
2161,161,funeral,noun,B1,cefrj-v1.5,0.97,5,330580,,,4.37
2162,162,switch,noun,B1,cefrj-v1.5,0.97,5,657117,,,4.6
2163,163,proceed,verb,B1,cefrj-v1.5,0.97,5,241721,,,4.18
2164,164,relative,noun,B1,cefrj-v1.5,0.97,5,411279,,,4.48
2165,165,taste,noun,B1,cefrj-v1.5,0.97,5,773368,,,4.73
2166,166,conduct,noun,B1,cefrj-v1.5,0.97,5,616622,,,4.52
2167,167,wire,noun,B1,cefrj-v1.5,0.97,5,477949,,,4.43
2168,168,bold,noun,B1,cefrj-v1.5,0.97,5,319482,,,4.26
2169,169,stream,noun,B1,cefrj-v1.5,0.97,5,483869,,,4.62
2170,170,exit,noun,B1,cefrj-v1.5,0.97,5,309342,,,4.35
2171,171,chase,noun,B1,cefrj-v1.5,0.97,5,281878,,,4.44
2172,172,invitation,noun,B1,cefrj-v1.5,0.97,5,202602,,,4.14
2173,173,tiny,adjective,B1,cefrj-v1.5,0.97,5,492499,,,4.62
2174,174,count,noun,B1,cefrj-v1.5,0.97,5,909387,,,4.83
2175,175,record,noun,B1,cefrj-v1.5,0.97,5,2360129,,,5.21
2176,176,directly,adverb,B1,cefrj-v1.5,0.97,5,1446650,,,4.9
2177,177,none,noun,B1,cefrj-v1.5,0.97,5,873729,,,4.93
2178,178,mere,noun,B1,cefrj-v1.5,0.97,5,232437,,,4.13
2179,179,infinite,noun,B1,model:multinomial-logit-v1,0.3061,5,135514,,,4.16
2180,180,universe,noun,B1,cefrj-v1.5,0.97,5,447567,,,4.59
2181,181,suicide,noun,B1,cefrj-v1.5,0.97,5,337821,,,4.62
2182,182,protect,verb,B1,cefrj-v1.5,0.97,5,1310754,,,4.92
2183,183,proposal,noun,B1,cefrj-v1.5,0.97,5,433119,,,4.47
2184,184,glory,noun,B1,cefrj-v1.5,0.97,5,289810,,,4.36
2185,185,contrary,noun,B1,cefrj-v1.5,0.97,5,217361,,,4.17
2186,186,trace,noun,B1,cefrj-v1.5,0.97,5,208859,,,4.19
2187,187,limit,noun,B1,cefrj-v1.5,0.97,5,724033,,,4.7
2188,188,typical,adjective,B1,cefrj-v1.5,0.97,5,582283,,,4.59
2189,189,deliver,verb,B1,cefrj-v1.5,0.97,5,824570,,,4.55
2190,190,possibility,noun,B1,cefrj-v1.5,0.97,5,477332,,,4.58
2191,191,silent,adjective,B1,cefrj-v1.5,0.97,5,346646,,,4.45
2192,192,motor,noun,B1,cefrj-v1.5,0.97,5,700383,,,4.53
2193,193,written,verb,B1,cefrj-v1.5,0.97,5,2120584,,,5.09
2194,194,bare,verb,B1,cefrj-v1.5,0.97,5,174499,,,4.18
2195,195,assignment,noun,B1,cefrj-v1.5,0.97,5,301627,,,4.18
2196,196,loyal,adjective,B1,cefrj-v1.5,0.97,5,185042,,,4.2
2197,197,robot,noun,B1,cefrj-v1.5,0.97,5,245307,,,4.24
2198,198,blind,noun,B1,cefrj-v1.5,0.97,5,376659,,,4.52
2199,199,narrow,noun,B1,cefrj-v1.5,0.97,5,343619,,,4.39
2200,200,treat,noun,B1,cefrj-v1.5,0.97,5,771762,,,4.75
2201,201,pound,noun,B1,cefrj-v1.5,0.97,5,249927,,,4.32
2202,202,religion,noun,B1,cefrj-v1.5,0.97,5,582958,,,4.74
2203,203,inform,verb,B1,cefrj-v1.5,0.97,5,323278,,,4.15
2204,204,twist,noun,B1,cefrj-v1.5,0.97,5,216708,,,4.22
2205,205,maximum,noun,B1,cefrj-v1.5,0.97,5,786795,,,4.6
2206,206,reality,noun,B1,cefrj-v1.5,0.97,5,1035802,,,4.89
2207,207,beneath,adverb,B1,cefrj-v1.5,0.97,5,241986,,,4.24
2208,208,hit,noun,B1,cefrj-v1.5,0.97,5,1840000,,,5.37
2209,209,command,noun,B1,cefrj-v1.5,0.97,5,836197,,,4.7
2210,210,stable,noun,B1,cefrj-v1.5,0.97,5,454246,,,4.48
2211,211,cure,noun,B1,cefrj-v1.5,0.97,5,257127,,,4.32
2212,212,teaching,noun,B1,cefrj-v1.5,0.97,5,1082039,,,4.72
2213,213,precious,adjective,B1,cefrj-v1.5,0.97,5,283765,,,4.33
2214,214,signature,noun,B1,cefrj-v1.5,0.97,5,366866,,,4.25
2215,215,cell,noun,B1,cefrj-v1.5,0.97,5,1159408,,,4.87
2216,216,announcement,noun,B1,cefrj-v1.5,0.97,5,308382,,,4.31
2217,217,mutual,adjective,B1,cefrj-v1.5,0.97,5,279403,,,4.26
2218,218,permit,noun,B1,cefrj-v1.5,0.97,5,354060,,,4.22
2219,219,chaos,noun,B1,cefrj-v1.5,0.97,5,197571,,,4.27
2220,220,anti,noun,B1,cefrj-v1.5,0.97,5,1303403,,,5.01
2221,221,trail,noun,B1,cefrj-v1.5,0.97,5,646912,,,4.45
2222,222,dirt,noun,B1,cefrj-v1.5,0.97,5,278242,,,4.24
2223,223,ceremony,noun,B1,cefrj-v1.5,0.97,5,420431,,,4.42
2224,224,model,noun,B1,cefrj-v1.5,0.97,5,2409097,,,5.13
2225,225,identity,noun,B1,cefrj-v1.5,0.97,5,779202,,,4.65
2226,226,discovery,noun,B1,cefrj-v1.5,0.97,5,503265,,,4.45
2227,227,mass,noun,B1,cefrj-v1.5,0.97,5,943010,,,4.87
2228,228,lay,noun,B1,cefrj-v1.5,0.97,5,468847,,,4.64
2229,229,satisfied,verb,B1,cefrj-v1.5,0.97,5,298928,,,4.28
2230,230,unless,other,B1,cefrj-v1.5,0.97,5,909429,,,4.98
2231,231,port,noun,B1,cefrj-v1.5,0.97,5,883647,,,4.73
2232,232,pattern,noun,B1,cefrj-v1.5,0.97,5,684603,,,4.56
2233,233,examination,noun,B1,cefrj-v1.5,0.97,5,368345,,,4.26
2234,234,total,noun,B1,cefrj-v1.5,0.97,5,2423973,,,5.21
2235,235,demonstration,noun,B1,cefrj-v1.5,0.97,5,161823,,,4.06
2236,236,border,noun,B1,cefrj-v1.5,0.97,5,742407,,,4.7
2237,237,hop,noun,B1,cefrj-v1.5,0.97,5,331274,,,4.4
2238,238,partial,noun,B1,cefrj-v1.5,0.97,5,232897,,,4.17
2239,239,lightning,noun,B1,cefrj-v1.5,0.97,5,210166,,,4.22
2240,240,formula,noun,B1,cefrj-v1.5,0.97,5,448022,,,4.45
2241,241,rubber,noun,B1,cefrj-v1.5,0.97,5,306020,,,4.23
2242,242,meanwhile,noun,B1,cefrj-v1.5,0.97,5,460557,,,4.48
2243,243,laboratory,noun,B1,cefrj-v1.5,0.97,5,417023,,,4.31
2244,244,highly,adverb,B1,cefrj-v1.5,0.97,5,1450986,,,4.89
2245,245,darkness,noun,B1,cefrj-v1.5,0.97,5,240027,,,4.3
2246,246,theft,noun,B1,cefrj-v1.5,0.97,5,222098,,,4.13
2247,247,judgment,noun,B1,cefrj-v1.5,0.97,5,347559,,,4.28
2248,248,pit,noun,B1,cefrj-v1.5,0.97,5,216548,,,4.27
2249,249,loss,noun,B1,cefrj-v1.5,0.97,5,1939859,,,5.07
2250,250,service,noun,B1,cefrj-v1.5,0.97,5,6886887,,,5.49
2251,251,relation,noun,B1,cefrj-v1.5,0.97,5,322702,,,4.31
2252,252,resist,verb,B1,cefrj-v1.5,0.97,5,182352,,,4.2
2253,253,obtain,verb,B1,cefrj-v1.5,0.97,5,569933,,,4.4
2254,254,possession,noun,B1,cefrj-v1.5,0.97,5,278905,,,4.38
2255,255,pot,noun,B1,cefrj-v1.5,0.97,5,396447,,,4.4
2256,256,absence,noun,B1,cefrj-v1.5,0.97,5,314164,,,4.34
2257,257,destruction,noun,B1,cefrj-v1.5,0.97,5,292270,,,4.36
2258,258,divine,noun,B1,cefrj-v1.5,0.97,5,299205,,,4.24
2259,259,forth,noun,B1,cefrj-v1.5,0.97,5,392836,,,4.4
2260,260,leading,noun,B1,cefrj-v1.5,0.97,5,1902386,,,5.0
2261,261,connection,noun,B1,cefrj-v1.5,0.97,5,1115318,,,4.76
2262,262,charm,noun,B1,cefrj-v1.5,0.97,5,209524,,,4.12
2263,263,tragedy,noun,B1,cefrj-v1.5,0.97,5,162989,,,4.14
2264,264,aside,noun,B1,cefrj-v1.5,0.97,5,502022,,,4.59
2265,265,reasonable,adjective,B1,cefrj-v1.5,0.97,5,484707,,,4.59
2266,266,legally,adverb,B1,cefrj-v1.5,0.97,5,207447,,,4.21
2267,267,theory,noun,B1,cefrj-v1.5,0.97,5,862204,,,4.88
2268,268,neutral,noun,B1,cefrj-v1.5,0.97,5,251646,,,4.24
2269,269,separation,noun,B1,cefrj-v1.5,0.97,5,214976,,,4.13
2270,270,entry,noun,B1,cefrj-v1.5,0.97,5,910848,,,4.67
2271,271,associate,noun,B1,cefrj-v1.5,0.97,5,486378,,,4.39
2272,272,slip,noun,B1,cefrj-v1.5,0.97,5,272563,,,4.28
2273,273,whenever,other,B1,cefrj-v1.5,0.97,5,485853,,,4.63
2274,274,pregnant,adjective,B1,cefrj-v1.5,0.97,5,341233,,,4.56
2275,275,basement,noun,B1,cefrj-v1.5,0.97,5,205082,,,4.18
2276,276,lab,noun,B1,cefrj-v1.5,0.97,5,540975,,,4.42
2277,277,barrel,noun,B1,cefrj-v1.5,0.97,5,185903,,,4.17
2278,278,steady,noun,B1,cefrj-v1.5,0.97,5,271335,,,4.31
2279,279,bond,noun,B1,cefrj-v1.5,0.97,5,496285,,,4.59
2280,280,deadly,adjective,B1,cefrj-v1.5,0.97,5,174574,,,4.16
2281,281,terror,noun,B1,cefrj-v1.5,0.97,5,187212,,,4.26
2282,282,contribution,noun,B1,cefrj-v1.5,0.97,5,373468,,,4.34
2283,283,merely,adverb,B1,cefrj-v1.5,0.97,5,362840,,,4.37
2284,284,pick,noun,B1,cefrj-v1.5,0.97,5,1371261,,,5.08
2285,285,lighter,noun,B1,cefrj-v1.5,0.97,5,191896,,,4.09
2286,286,distant,adjective,B1,cefrj-v1.5,0.97,5,184953,,,4.19
2287,287,philosophy,noun,B1,cefrj-v1.5,0.97,5,495037,,,4.49
2288,288,damaged,verb,B1,cefrj-v1.5,0.97,5,401082,,,4.39
2289,289,threat,noun,B1,cefrj-v1.5,0.97,5,570794,,,4.6
2290,290,sunset,noun,B1,cefrj-v1.5,0.97,5,182297,,,4.04
2291,291,dialogue,noun,B1,cefrj-v1.5,0.97,5,317726,,,4.29
2292,292,instructor,noun,B1,cefrj-v1.5,0.97,5,235582,,,4.02
2293,293,eternal,adjective,B1,cefrj-v1.5,0.97,5,188806,,,4.11
2294,294,intense,adjective,B1,cefrj-v1.5,0.97,5,355917,,,4.39
2295,295,provided,verb,B1,cefrj-v1.5,0.97,5,2103398,,,5.02
2296,296,basis,noun,B1,cefrj-v1.5,0.97,5,1079400,,,4.81
2297,297,locate,verb,B1,cefrj-v1.5,0.97,5,220377,,,3.94
2298,298,setting,noun,B1,cefrj-v1.5,0.97,5,1177879,,,4.77
2299,299,slightly,adverb,B1,cefrj-v1.5,0.97,5,719574,,,4.75
2300,300,closely,adverb,B1,cefrj-v1.5,0.97,5,516259,,,4.53
2301,301,organization,noun,B1,cefrj-v1.5,0.97,5,1813004,,,4.92
2302,302,aim,noun,B1,cefrj-v1.5,0.97,5,590283,,,4.51
2303,303,pole,noun,B1,cefrj-v1.5,0.97,5,246131,,,4.23
2304,304,finger,noun,B1,cefrj-v1.5,0.97,5,312521,,,4.48
2305,305,foundation,noun,B1,cefrj-v1.5,0.97,5,1483712,,,4.81
2306,306,surgeon,noun,B1,cefrj-v1.5,0.97,5,189868,,,4.13
2307,307,boom,noun,B1,cefrj-v1.5,0.97,5,201877,,,4.33
2308,308,overnight,adjective,B1,cefrj-v1.5,0.97,5,268183,,,4.19
2309,309,wound,noun,B1,cefrj-v1.5,0.97,5,209623,,,4.24
2310,310,surgery,noun,B1,cefrj-v1.5,0.97,5,794932,,,4.63
2311,311,graduate,noun,B1,cefrj-v1.5,0.97,5,647933,,,4.5
2312,312,whether,other,B1,cefrj-v1.5,0.97,5,3363371,,,5.32
2313,313,immediate,adjective,B1,cefrj-v1.5,0.97,5,542535,,,4.52
2314,314,crystal,noun,B1,model:multinomial-logit-v1,0.2729,5,368457,,,4.4
2315,315,expense,noun,B1,cefrj-v1.5,0.97,5,263047,,,4.23
2316,316,fold,noun,B1,cefrj-v1.5,0.97,5,229111,,,4.08
2317,317,nearby,adjective,B1,cefrj-v1.5,0.97,5,626180,,,4.55
2318,318,bent,noun,B1,cefrj-v1.5,0.97,5,126573,,,3.99
2319,319,collapse,noun,B1,cefrj-v1.5,0.97,5,211443,,,4.18
2320,320,progress,noun,B1,cefrj-v1.5,0.97,5,967734,,,4.78
2321,321,professor,noun,B1,cefrj-v1.5,0.97,5,1275290,,,4.9
2322,322,struggle,noun,B1,cefrj-v1.5,0.97,5,490471,,,4.62
2323,323,horizon,noun,B1,cefrj-v1.5,0.97,5,180296,,,4.07
2324,324,loyalty,noun,B1,cefrj-v1.5,0.97,5,251308,,,4.17
2325,325,experiment,noun,B1,cefrj-v1.5,0.97,5,352479,,,4.38
2326,326,current,noun,B1,cefrj-v1.5,0.97,5,2922880,,,5.27
2327,327,departure,noun,B1,cefrj-v1.5,0.97,5,243585,,,4.22
2328,328,impressive,adjective,B1,cefrj-v1.5,0.97,5,436694,,,4.47
2329,329,construction,noun,B1,cefrj-v1.5,0.97,5,1758611,,,4.97
2330,330,sex,noun,B1,cefrj-v1.5,0.97,5,1526565,,,5.22
2331,331,collar,noun,B1,cefrj-v1.5,0.97,5,162318,,,4.04
2332,332,cotton,noun,B1,cefrj-v1.5,0.97,5,444665,,,4.35
2333,333,declare,verb,B1,cefrj-v1.5,0.97,5,135868,,,4.05
2334,334,distribution,noun,B1,cefrj-v1.5,0.97,5,845716,,,4.64
2335,335,steel,noun,B1,cefrj-v1.5,0.97,5,1112839,,,4.71
2336,336,property,noun,B1,cefrj-v1.5,0.97,5,2541013,,,5.11
2337,337,feast,noun,B1,cefrj-v1.5,0.97,5,141211,,,3.95
2338,338,flash,noun,B1,cefrj-v1.5,0.97,5,444218,,,4.45
2339,339,permanently,adverb,B1,cefrj-v1.5,0.97,5,160492,,,4.08
2340,340,assistance,noun,B1,cefrj-v1.5,0.97,5,888280,,,4.59
2341,341,powder,noun,B1,cefrj-v1.5,0.97,5,457250,,,4.25
2342,342,logic,noun,B1,cefrj-v1.5,0.97,5,286055,,,4.36
2343,343,specially,adverb,B1,cefrj-v1.5,0.97,5,161344,,,4.01
2344,344,supply,noun,B1,cefrj-v1.5,0.97,5,1323052,,,4.81
2345,345,combination,noun,B1,cefrj-v1.5,0.97,5,781040,,,4.61
2346,346,hunger,noun,B1,cefrj-v1.5,0.97,5,191942,,,4.1
2347,347,marker,noun,B1,model:multinomial-logit-v1,0.2698,5,139732,,,3.87
2348,348,recognize,verb,B1,cefrj-v1.5,0.97,5,526193,,,4.52
2349,349,injury,noun,B1,cefrj-v1.5,0.97,5,907760,,,4.74
2350,350,attraction,noun,B1,cefrj-v1.5,0.97,5,189780,,,4.11
2351,351,remarkable,adjective,B1,cefrj-v1.5,0.97,5,303375,,,4.29
2352,352,atmosphere,noun,B1,cefrj-v1.5,0.97,5,464015,,,4.46
2353,353,scratch,noun,B1,cefrj-v1.5,0.97,5,229646,,,4.16
2354,354,hammer,noun,B1,cefrj-v1.5,0.97,5,173374,,,4.16
2355,355,like,noun,B1,cefrj-v1.5,0.97,5,21437586,,,6.41
2356,356,ladder,noun,B1,cefrj-v1.5,0.97,5,130715,,,4.03
2357,357,legal,adjective,B1,cefrj-v1.5,0.97,5,2155868,,,5.08
2358,358,purely,adverb,B1,model:multinomial-logit-v1,0.3029,5,129656,,,4.1
2359,359,crisis,noun,B1,cefrj-v1.5,0.97,5,757285,,,4.62
2360,360,judge,noun,B1,cefrj-v1.5,0.97,5,931045,,,4.95
2361,361,limited,noun,B1,cefrj-v1.5,0.97,5,1829733,,,5.02
2362,362,existence,noun,B1,cefrj-v1.5,0.97,5,447735,,,4.55
2363,363,threshold,noun,B1,model:multinomial-logit-v1,0.3226,5,155352,,,4.03
2364,364,term,noun,B1,cefrj-v1.5,0.97,5,2603479,,,5.23
2365,365,curious,adjective,B1,cefrj-v1.5,0.97,5,272944,,,4.45
2366,366,approval,noun,B1,cefrj-v1.5,0.97,5,494716,,,4.5
2367,367,bow,noun,B1,cefrj-v1.5,0.97,5,223149,,,4.3
2368,368,internal,adjective,B1,cefrj-v1.5,0.97,5,872915,,,4.66
2369,369,electronic,adjective,B1,cefrj-v1.5,0.97,5,796552,,,4.55
2370,370,fund,noun,B1,cefrj-v1.5,0.97,5,971085,,,4.82
2371,371,clinic,noun,B1,cefrj-v1.5,0.97,5,386636,,,4.21
2372,372,alternative,noun,B1,cefrj-v1.5,0.97,5,924848,,,4.71
2373,373,mechanical,adjective,B1,cefrj-v1.5,0.97,5,406125,,,4.33
2374,374,threatening,verb,B1,cefrj-v1.5,0.97,5,200380,,,4.19
2375,375,mud,noun,B1,cefrj-v1.5,0.97,5,165677,,,4.13
2376,376,bitter,noun,B1,cefrj-v1.5,0.97,5,158910,,,4.21
2377,377,tragic,adjective,B1,cefrj-v1.5,0.97,5,128093,,,4.08
2378,378,protection,noun,B1,cefrj-v1.5,0.97,5,1593783,,,4.85
2379,379,annual,noun,B1,cefrj-v1.5,0.97,5,1406290,,,4.94
2380,380,magical,adjective,B1,cefrj-v1.5,0.97,5,226985,,,4.22
2381,381,triumph,noun,B1,cefrj-v1.5,0.97,5,114992,,,3.96
2382,382,gay,noun,B1,cefrj-v1.5,0.97,5,559615,,,4.9
2383,383,tide,noun,B1,cefrj-v1.5,0.97,5,139249,,,4.05
2384,384,rarely,adverb,B1,cefrj-v1.5,0.97,5,310440,,,4.42
2385,385,security,noun,B1,cefrj-v1.5,0.97,5,3240411,,,5.2
2386,386,transport,noun,B1,cefrj-v1.5,0.97,5,847391,,,4.68
2387,387,previous,adjective,B1,cefrj-v1.5,0.97,5,1625710,,,5.0
2388,388,introduction,noun,B1,cefrj-v1.5,0.97,5,642955,,,4.52
2389,389,generous,adjective,B1,cefrj-v1.5,0.97,5,227383,,,4.2
2390,390,weapon,noun,B1,cefrj-v1.5,0.97,5,304876,,,4.54
2391,391,medium,noun,B1,cefrj-v1.5,0.97,5,854959,,,4.61
2392,392,equipment,noun,B1,cefrj-v1.5,0.97,5,1711484,,,4.88
2393,393,length,noun,B1,cefrj-v1.5,0.97,5,1111430,,,4.77
2394,394,humanity,noun,B1,cefrj-v1.5,0.97,5,278458,,,4.32
2395,395,cage,noun,B1,cefrj-v1.5,0.97,5,162180,,,4.13
2396,396,dozen,noun,B1,cefrj-v1.5,0.97,5,265634,,,4.35
2397,397,confusion,noun,B1,cefrj-v1.5,0.97,5,218212,,,4.19
2398,398,race,noun,B1,cefrj-v1.5,0.97,5,1669678,,,5.08
2399,399,lamb,noun,B1,cefrj-v1.5,0.97,5,149323,,,4.02
2400,400,occasional,adjective,B1,cefrj-v1.5,0.97,5,183009,,,4.12
2401,401,fuel,noun,B1,cefrj-v1.5,0.97,5,879077,,,4.72
2402,402,democracy,noun,B1,cefrj-v1.5,0.97,5,341739,,,4.51
2403,403,surface,noun,B1,cefrj-v1.5,0.97,5,1275727,,,4.83
2404,404,extreme,noun,B1,cefrj-v1.5,0.97,5,513363,,,4.6
2405,405,faithful,noun,B1,cefrj-v1.5,0.97,5,161008,,,4.1
2406,406,anger,noun,B1,cefrj-v1.5,0.97,5,258921,,,4.42
2407,407,complicated,verb,B1,cefrj-v1.5,0.97,5,349438,,,4.47
2408,408,commit,verb,B1,cefrj-v1.5,0.97,5,267283,,,4.33
2409,409,patient,noun,B1,cefrj-v1.5,0.97,5,1275901,,,4.77
2410,410,incredible,adjective,B1,cefrj-v1.5,0.97,5,504889,,,4.63
2411,411,remove,noun,B1,cefrj-v1.5,0.97,5,1035416,,,4.71
2412,412,cave,noun,B1,cefrj-v1.5,0.97,5,234533,,,4.2
2413,413,worthy,noun,B1,cefrj-v1.5,0.97,5,225006,,,4.29
2414,414,unite,verb,B1,cefrj-v1.5,0.97,5,83828,,,3.9
2415,415,capacity,noun,B1,cefrj-v1.5,0.97,5,1033267,,,4.71
2416,416,silk,noun,B1,cefrj-v1.5,0.97,5,218085,,,4.11
2417,417,network,noun,B1,cefrj-v1.5,0.97,5,2401117,,,5.02
2418,418,chief,noun,B1,cefrj-v1.5,0.97,5,1545289,,,5.11
2419,419,phrase,noun,B1,cefrj-v1.5,0.97,5,257974,,,4.3
2420,420,active,noun,B1,cefrj-v1.5,0.97,5,1581699,,,4.93
2421,421,excitement,noun,B1,cefrj-v1.5,0.97,5,245246,,,4.19
2422,422,aware,adjective,B1,cefrj-v1.5,0.97,5,822919,,,4.78
2423,423,diving,noun,B1,cefrj-v1.5,0.97,5,193169,,,4.02
2424,424,filling,noun,B1,cefrj-v1.5,0.97,5,321085,,,4.19
2425,425,observation,noun,B1,cefrj-v1.5,0.97,5,211761,,,4.13
2426,426,crush,noun,B1,cefrj-v1.5,0.97,5,125492,,,4.17
2427,427,vision,noun,B1,cefrj-v1.5,0.97,5,1000628,,,4.63
2428,428,waste,noun,B1,cefrj-v1.5,0.97,5,944034,,,4.81
2429,429,guarantee,noun,B1,cefrj-v1.5,0.97,5,562723,,,4.44
2430,430,pond,noun,B1,cefrj-v1.5,0.97,5,180601,,,3.98
2431,431,surround,noun,B1,cefrj-v1.5,0.97,5,105524,,,3.79
2432,432,pipe,noun,B1,cefrj-v1.5,0.97,5,349232,,,4.25
2433,433,haven,noun,B1,cefrj-v1.5,0.97,5,183236,,,4.13
2434,434,harbor,noun,B1,cefrj-v1.5,0.97,5,225101,,,4.15
2435,435,accompany,verb,B1,cefrj-v1.5,0.97,5,104341,,,3.81
2436,436,bull,noun,B1,cefrj-v1.5,0.97,5,240460,,,4.34
2437,437,nevertheless,adverb,B1,cefrj-v1.5,0.97,5,320270,,,4.25
2438,438,naturally,adverb,B1,cefrj-v1.5,0.97,5,500667,,,4.48
2439,439,tobacco,noun,B1,cefrj-v1.5,0.97,5,222446,,,4.19
2440,440,urgent,adjective,B1,cefrj-v1.5,0.97,5,209772,,,4.15
2441,441,location,noun,B1,cefrj-v1.5,0.97,5,1935244,,,4.86
2442,442,crossing,noun,B1,cefrj-v1.5,0.97,5,280912,,,4.33
2443,443,declaration,noun,B1,cefrj-v1.5,0.97,5,201031,,,4.1
2444,444,punishment,noun,B1,cefrj-v1.5,0.97,5,199884,,,4.34
2445,445,sheet,noun,B1,cefrj-v1.5,0.97,5,522436,,,4.4
2446,446,expose,noun,B1,cefrj-v1.5,0.97,5,119394,,,3.98
2447,447,warrior,noun,B1,cefrj-v1.5,0.97,5,161697,,,4.16
2448,448,bubble,noun,B1,cefrj-v1.5,0.97,5,172782,,,4.16
2449,449,sort,noun,B1,cefrj-v1.5,0.97,5,1322579,,,5.0
2450,450,channel,noun,B1,cefrj-v1.5,0.97,5,989729,,,4.85
2451,451,upper,noun,B1,cefrj-v1.5,0.97,5,784902,,,4.72
2452,452,obvious,adjective,B1,cefrj-v1.5,0.97,5,483741,,,4.63
2453,453,deny,verb,B1,cefrj-v1.5,0.97,5,187014,,,4.34
2454,454,volume,noun,B1,cefrj-v1.5,0.97,5,1008269,,,4.76
2455,455,christian,noun,B1,cefrj-v1.5,0.97,5,1146960,,,4.88
2456,456,graduation,noun,B1,cefrj-v1.5,0.97,5,215247,,,4.07
2457,457,freely,adverb,B1,cefrj-v1.5,0.97,5,184514,,,4.07
2458,458,qualified,verb,B1,cefrj-v1.5,0.97,5,549024,,,4.46
2459,459,needle,noun,B1,cefrj-v1.5,0.97,5,161721,,,3.98
2460,460,confidence,noun,B1,cefrj-v1.5,0.97,5,770410,,,4.65
2461,461,cabin,noun,B1,cefrj-v1.5,0.97,5,240073,,,4.13
2462,462,preserve,noun,B1,cefrj-v1.5,0.97,5,289203,,,4.19
2463,463,movement,noun,B1,cefrj-v1.5,0.97,5,1369186,,,4.97
2464,464,occasionally,adverb,B1,cefrj-v1.5,0.97,5,297665,,,4.39
2465,465,transportation,noun,B1,cefrj-v1.5,0.97,5,756209,,,4.57
2466,466,measure,noun,B1,cefrj-v1.5,0.97,5,748093,,,4.65
2467,467,divide,noun,B1,cefrj-v1.5,0.97,5,176384,,,4.12
2468,468,fur,noun,B1,cefrj-v1.5,0.97,5,146246,,,4.03
2469,469,altogether,noun,B1,cefrj-v1.5,0.97,5,154193,,,4.07
2470,470,prison,noun,B1,cefrj-v1.5,0.97,5,626575,,,4.8
2471,471,destination,noun,B1,cefrj-v1.5,0.97,5,471297,,,4.24
2472,472,ambitious,adjective,B1,cefrj-v1.5,0.97,5,154921,,,3.95
2473,473,twin,noun,B1,cefrj-v1.5,0.97,5,332267,,,4.34
2474,474,extend,verb,B1,cefrj-v1.5,0.97,5,374849,,,4.34
2475,475,approve,verb,B1,cefrj-v1.5,0.97,5,137083,,,4.08
2476,476,accidentally,adverb,B1,cefrj-v1.5,0.97,5,122778,,,4.22
2477,477,blessing,noun,B1,cefrj-v1.5,0.97,5,154379,,,4.06
2478,478,seize,verb,B1,cefrj-v1.5,0.97,5,75202,,,3.8
2479,479,alcoholic,noun,B1,cefrj-v1.5,0.97,5,94424,,,3.91
2480,480,administration,noun,B1,cefrj-v1.5,0.97,5,1232527,,,4.93
2481,481,commercial,noun,B1,cefrj-v1.5,0.97,5,1556258,,,4.92
2482,482,trigger,noun,B1,cefrj-v1.5,0.97,5,293698,,,4.25
2483,483,status,noun,B1,cefrj-v1.5,0.97,5,1306052,,,4.87
2484,484,positive,noun,B1,cefrj-v1.5,0.97,5,1537572,,,4.99
2485,485,substitute,noun,B1,cefrj-v1.5,0.97,5,235306,,,4.17
2486,486,terminal,noun,B1,cefrj-v1.5,0.97,5,317847,,,4.31
2487,487,visible,adjective,B1,cefrj-v1.5,0.97,5,434099,,,4.39
2488,488,assist,noun,B1,cefrj-v1.5,0.97,5,773169,,,4.42
2489,489,ignore,verb,B1,cefrj-v1.5,0.97,5,229687,,,4.48
2490,490,selection,noun,B1,cefrj-v1.5,0.97,5,962105,,,4.62
2491,491,wrist,noun,B1,cefrj-v1.5,0.97,5,120123,,,4.01
2492,492,bore,noun,B1,cefrj-v1.5,0.97,5,113853,,,3.93
2493,493,regarding,verb,B1,cefrj-v1.5,0.97,5,1060281,,,4.67
2494,494,compound,noun,B1,cefrj-v1.5,0.97,5,225498,,,4.18
2495,495,recognise,verb,B1,cefrj-v1.5,0.97,5,119578,,,3.92
2496,496,ethics,noun,B1,model:multinomial-logit-v1,0.321,5,276924,,,4.19
2497,497,delight,noun,B1,cefrj-v1.5,0.97,5,164831,,,3.97
2498,498,gifted,verb,B1,cefrj-v1.5,0.97,5,105812,,,3.89
2499,499,guilt,noun,B1,cefrj-v1.5,0.97,5,145011,,,4.13
2500,500,illness,noun,B1,cefrj-v1.5,0.97,5,402196,,,4.41
2501,501,throughout,adverb,B1,cefrj-v1.5,0.97,5,2084964,,,4.99
2502,502,safely,adverb,B1,cefrj-v1.5,0.97,5,327454,,,4.22
2503,503,sunrise,noun,B1,cefrj-v1.5,0.97,5,99613,,,3.82
2504,504,creator,noun,B1,cefrj-v1.5,0.97,5,273737,,,4.21
2505,505,trash,noun,B1,cefrj-v1.5,0.97,5,215122,,,4.42
2506,506,survival,noun,B1,cefrj-v1.5,0.97,5,357582,,,4.37
2507,507,boot,noun,B1,cefrj-v1.5,0.97,5,238005,,,4.19
2508,508,principle,noun,B1,cefrj-v1.5,0.97,5,355866,,,4.34
2509,509,fountain,noun,B1,cefrj-v1.5,0.97,5,122229,,,3.91
2510,510,curve,noun,B1,cefrj-v1.5,0.97,5,210885,,,4.14
2511,511,sour,noun,B1,cefrj-v1.5,0.97,5,118294,,,3.88
2512,512,president,noun,B1,cefrj-v1.5,0.97,5,3347142,,,5.45
2513,513,judgement,noun,B1,cefrj-v1.5,0.97,5,84527,,,3.86
2514,514,rebuild,verb,B1,cefrj-v1.5,0.97,5,111863,,,3.9
2515,515,minimum,noun,B1,cefrj-v1.5,0.97,5,771170,,,4.69
2516,516,normally,adverb,B1,cefrj-v1.5,0.97,5,487448,,,4.57
2517,517,fade,noun,B1,cefrj-v1.5,0.97,5,95343,,,3.86
2518,518,publicly,adverb,B1,cefrj-v1.5,0.97,5,268104,,,4.28
2519,519,unity,noun,B1,model:multinomial-logit-v1,0.3062,5,231695,,,4.22
2520,520,absent,verb,B1,cefrj-v1.5,0.97,5,132120,,,3.98
2521,521,massive,adjective,B1,cefrj-v1.5,0.97,5,564550,,,4.72
2522,522,domain,noun,B1,model:multinomial-logit-v1,0.3295,5,620828,,,4.31
2523,523,scholarship,noun,B1,cefrj-v1.5,0.97,5,346069,,,4.15
2524,524,belief,noun,B1,cefrj-v1.5,0.97,5,371684,,,4.46
2525,525,emotion,noun,B1,cefrj-v1.5,0.97,5,180117,,,4.19
2526,526,bacon,noun,B1,cefrj-v1.5,0.97,5,171995,,,4.15
2527,527,session,noun,B1,cefrj-v1.5,0.97,5,1003803,,,4.72
2528,528,depth,noun,B1,cefrj-v1.5,0.97,5,694066,,,4.55
2529,529,talented,adjective,B1,cefrj-v1.5,0.97,5,264967,,,4.3
2530,530,wax,noun,B1,cefrj-v1.5,0.97,5,161411,,,3.92
2531,531,notion,noun,B1,cefrj-v1.5,0.97,5,196210,,,4.17
2532,532,independent,noun,B1,cefrj-v1.5,0.97,5,1259662,,,4.93
2533,533,take,noun,B1,cefrj-v1.5,0.97,5,10571834,,,5.92
2534,534,encounter,noun,B1,cefrj-v1.5,0.97,5,308896,,,4.26
2535,535,beloved,noun,B1,cefrj-v1.5,0.97,5,248509,,,4.17
2536,536,comparison,noun,B1,cefrj-v1.5,0.97,5,462640,,,4.51
2537,537,demand,noun,B1,cefrj-v1.5,0.97,5,1159055,,,4.84
2538,538,brass,noun,B1,cefrj-v1.5,0.97,5,192874,,,4.05
2539,539,forbidden,verb,B1,cefrj-v1.5,0.97,5,105840,,,3.96
2540,540,presentation,noun,B1,cefrj-v1.5,0.97,5,549713,,,4.31
2541,541,alcohol,noun,B1,cefrj-v1.5,0.97,5,611429,,,4.61
2542,542,amount,noun,B1,cefrj-v1.5,0.97,5,1990951,,,5.13
2543,543,alike,adjective,B1,cefrj-v1.5,0.97,5,268332,,,4.13
2544,544,negotiate,verb,B1,cefrj-v1.5,0.97,5,127129,,,3.99
2545,545,sympathy,noun,B1,cefrj-v1.5,0.97,5,88955,,,4.01
2546,546,rage,noun,B1,cefrj-v1.5,0.97,5,121186,,,4.11
2547,547,gesture,noun,B1,cefrj-v1.5,0.97,5,90724,,,3.9
2548,548,promotion,noun,B1,cefrj-v1.5,0.97,5,489147,,,4.41
2549,549,damage,noun,B1,cefrj-v1.5,0.97,5,1362233,,,4.9
2550,550,marble,noun,B1,cefrj-v1.5,0.97,5,166244,,,3.96
2551,551,accidental,noun,B1,cefrj-v1.5,0.97,5,87271,,,3.82
2552,552,including,verb,B1,cefrj-v1.5,0.97,5,6521714,,,5.52
2553,553,protest,noun,B1,cefrj-v1.5,0.97,5,260647,,,4.45
2554,554,loop,noun,B1,model:multinomial-logit-v1,0.2919,5,312769,,,4.29
2555,555,barely,adverb,B1,cefrj-v1.5,0.97,5,241651,,,4.49
2556,556,development,noun,B1,cefrj-v1.5,0.97,5,4437456,,,5.31
2557,557,pie,noun,B1,cefrj-v1.5,0.97,5,240551,,,4.19
2558,558,shocking,verb,B1,cefrj-v1.5,0.97,5,107671,,,4.1
2559,559,round,noun,B1,cefrj-v1.5,0.97,5,2084157,,,5.14
2560,560,rational,noun,B1,cefrj-v1.5,0.97,5,117726,,,4.06
2561,561,pain,noun,B1,cefrj-v1.5,0.97,5,1573613,,,5.03
2562,562,naked,adjective,B1,cefrj-v1.5,0.97,5,250301,,,4.43
2563,563,compromise,noun,B1,cefrj-v1.5,0.97,5,179344,,,4.15
2564,564,resident,noun,B1,cefrj-v1.5,0.97,5,389893,,,4.38
2565,565,devotion,noun,B1,cefrj-v1.5,0.97,5,91007,,,3.73
2566,566,inquiry,noun,B1,cefrj-v1.5,0.97,5,233960,,,4.25
2567,567,achievement,noun,B1,cefrj-v1.5,0.97,5,306128,,,4.36
2568,568,via,other,B1,cefrj-v1.5,0.97,5,2020059,,,5.02
2569,569,era,noun,B1,cefrj-v1.5,0.97,5,797467,,,4.67
2570,570,unexpected,adjective,B1,cefrj-v1.5,0.97,5,281952,,,4.23
2571,571,propose,verb,B1,cefrj-v1.5,0.97,5,127229,,,3.99
2572,572,chemistry,noun,B1,cefrj-v1.5,0.97,5,335231,,,4.35
2573,573,eager,noun,B1,cefrj-v1.5,0.97,5,169203,,,4.03
2574,574,vague,adjective,B1,cefrj-v1.5,0.97,5,81947,,,3.87
2575,575,sports,noun,B1,cefrj-v1.5,0.97,5,1935534,,,4.94
2576,576,individual,noun,B1,cefrj-v1.5,0.97,5,2115905,,,5.0
2577,577,abandon,noun,B1,cefrj-v1.5,0.97,5,101356,,,4.02
2578,578,burden,noun,B1,cefrj-v1.5,0.97,5,257702,,,4.23
2579,579,employment,noun,B1,cefrj-v1.5,0.97,5,734942,,,4.56
2580,580,monster,noun,B1,cefrj-v1.5,0.97,5,292368,,,4.49
2581,581,passport,noun,B1,cefrj-v1.5,0.97,5,177733,,,4.05
2582,582,ginger,noun,B1,cefrj-v1.5,0.97,5,165986,,,3.93
2583,583,explosion,noun,B1,cefrj-v1.5,0.97,5,174718,,,4.22
2584,584,collective,noun,B1,model:multinomial-logit-v1,0.3685,5,362050,,,4.3
2585,585,attach,verb,B1,cefrj-v1.5,0.97,5,146935,,,3.75
2586,586,experienced,verb,B1,cefrj-v1.5,0.97,5,993621,,,4.63
2587,587,patience,noun,B1,cefrj-v1.5,0.97,5,215085,,,4.2
2588,588,conquer,verb,B1,cefrj-v1.5,0.97,5,72771,,,3.77
2589,589,gain,noun,B1,cefrj-v1.5,0.97,5,925787,,,4.81
2590,590,nuclear,adjective,B1,cefrj-v1.5,0.97,5,614770,,,4.73
2591,591,announce,verb,B1,cefrj-v1.5,0.97,5,229387,,,4.26
2592,592,extent,noun,B1,cefrj-v1.5,0.97,5,429771,,,4.47
2593,593,accent,noun,B1,cefrj-v1.5,0.97,5,142146,,,4.14
2594,594,sheer,verb,B1,cefrj-v1.5,0.97,5,138571,,,4.01
2595,595,element,noun,B1,cefrj-v1.5,0.97,5,573018,,,4.46
2596,596,honesty,noun,B1,cefrj-v1.5,0.97,5,104910,,,3.99
2597,597,artist,noun,B1,cefrj-v1.5,0.97,5,1204511,,,4.8
2598,598,advisor,noun,B1,cefrj-v1.5,0.97,5,265916,,,4.01
2599,599,straw,noun,B1,cefrj-v1.5,0.97,5,100985,,,3.99
2600,600,restore,verb,B1,cefrj-v1.5,0.97,5,326003,,,4.18
2601,601,courage,noun,B1,cefrj-v1.5,0.97,5,248649,,,4.32
2602,602,vessel,noun,B1,cefrj-v1.5,0.97,5,253172,,,4.27
2603,603,huge,adjective,B1,cefrj-v1.5,0.97,5,1252399,,,5.06
2604,604,arrange,verb,B1,cefrj-v1.5,0.97,5,213953,,,4.0
2605,605,participate,verb,B1,cefrj-v1.5,0.97,5,589502,,,4.42
2606,606,economy,noun,B1,cefrj-v1.5,0.97,5,1147795,,,4.87
2607,607,outstanding,adjective,B1,cefrj-v1.5,0.97,5,511627,,,4.5
2608,608,elbow,noun,B1,cefrj-v1.5,0.97,5,101024,,,3.84
2609,609,humour,noun,B1,cefrj-v1.5,0.97,5,68251,,,3.83
2610,610,conflict,noun,B1,cefrj-v1.5,0.97,5,620092,,,4.64
2611,611,liquid,noun,B1,cefrj-v1.5,0.97,5,467748,,,4.39
2612,612,breath,noun,B1,cefrj-v1.5,0.97,5,375930,,,4.52
2613,613,unexpectedly,adverb,B1,cefrj-v1.5,0.97,5,67789,,,3.71
2614,614,concept,noun,B1,cefrj-v1.5,0.97,5,902332,,,4.77
2615,615,currently,adverb,B1,cefrj-v1.5,0.97,5,1957072,,,5.08
2616,616,magnificent,adjective,B1,cefrj-v1.5,0.97,5,159094,,,4.04
2617,617,beautifully,adverb,B1,cefrj-v1.5,0.97,5,205358,,,3.92
2618,618,specialist,noun,B1,cefrj-v1.5,0.97,5,479597,,,4.28
2619,619,breakthrough,noun,B1,cefrj-v1.5,0.97,5,115982,,,3.83
2620,620,welcome,noun,B1,cefrj-v1.5,0.97,5,1325103,,,4.99
2621,621,minor,noun,B1,cefrj-v1.5,0.97,5,702232,,,4.62
2622,622,disappointment,noun,B1,cefrj-v1.5,0.97,5,101745,,,4.01
2623,623,properly,adverb,B1,cefrj-v1.5,0.97,5,719729,,,4.64
2624,624,suffer,verb,B1,cefrj-v1.5,0.97,5,336171,,,4.45
2625,625,helmet,noun,B1,cefrj-v1.5,0.97,5,129588,,,4.02
2626,626,brick,noun,B1,cefrj-v1.5,0.97,5,287855,,,4.25
2627,627,delicate,adjective,B1,cefrj-v1.5,0.97,5,203877,,,4.01
2628,628,available,adjective,B1,cefrj-v1.5,0.97,5,5171714,,,5.28
2629,629,civilization,noun,B1,cefrj-v1.5,0.97,5,132274,,,4.01
2630,630,object,noun,B1,cefrj-v1.5,0.97,5,691860,,,4.56
2631,631,prove,verb,B1,cefrj-v1.5,0.97,5,533574,,,4.77
2632,632,allowance,noun,B1,cefrj-v1.5,0.97,5,93309,,,3.85
2633,633,retain,verb,B1,cefrj-v1.5,0.97,5,245169,,,4.16
2634,634,jar,noun,B1,cefrj-v1.5,0.97,5,145375,,,3.93
2635,635,fantasy,noun,B1,cefrj-v1.5,0.97,5,434391,,,4.52
2636,636,proud,adjective,B1,cefrj-v1.5,0.97,5,650957,,,4.78
2637,637,steep,noun,B1,cefrj-v1.5,0.97,5,143932,,,3.99
2638,638,publisher,noun,B1,cefrj-v1.5,0.97,5,338973,,,4.13
2639,639,salmon,noun,B1,cefrj-v1.5,0.97,5,185790,,,4.01
2640,640,killing,noun,B1,cefrj-v1.5,0.97,5,482715,,,4.88
2641,641,gap,noun,B1,cefrj-v1.5,0.97,5,457260,,,4.47
2642,642,regain,verb,B1,cefrj-v1.5,0.97,5,84809,,,3.73
2643,643,leadership,noun,B1,cefrj-v1.5,0.97,5,1142376,,,4.77
2644,644,facility,noun,B1,cefrj-v1.5,0.97,5,774231,,,4.6
2645,645,per,other,B1,cefrj-v1.5,0.97,5,3916868,,,5.45
2646,646,jungle,noun,B1,cefrj-v1.5,0.97,5,156983,,,4.12
2647,647,technique,noun,B1,cefrj-v1.5,0.97,5,547190,,,4.47
2648,648,concentration,noun,B1,cefrj-v1.5,0.97,5,324938,,,4.27
2649,649,suspect,noun,B1,cefrj-v1.5,0.97,5,319194,,,4.51
2650,650,gym,noun,B1,cefrj-v1.5,0.97,5,300121,,,4.43
2651,651,totally,adverb,B1,cefrj-v1.5,0.97,5,584274,,,4.83
2652,652,rapid,noun,B1,cefrj-v1.5,0.97,5,459941,,,4.38
2653,653,debt,noun,B1,cefrj-v1.5,0.97,5,725934,,,4.69
2654,654,mineral,noun,B1,cefrj-v1.5,0.97,5,220982,,,4.03
2655,655,heel,noun,B1,cefrj-v1.5,0.97,5,118715,,,3.84
2656,656,cycle,noun,B1,cefrj-v1.5,0.97,5,674039,,,4.6
2657,657,tongue,noun,B1,cefrj-v1.5,0.97,5,252890,,,4.37
2658,658,shiny,adjective,B1,cefrj-v1.5,0.97,5,111453,,,3.88
2659,659,aggressive,adjective,B1,cefrj-v1.5,0.97,5,265460,,,4.32
2660,660,despite,noun,B1,cefrj-v1.5,0.97,5,1537577,,,5.0
2661,661,pale,noun,B1,cefrj-v1.5,0.97,5,163841,,,4.08
2662,662,industry,noun,B1,cefrj-v1.5,0.97,5,3160077,,,5.19
2663,663,dial,noun,B1,cefrj-v1.5,0.97,5,140351,,,3.93
2664,664,vehicle,noun,B1,cefrj-v1.5,0.97,5,1372450,,,4.76
2665,665,moss,noun,B1,cefrj-v1.5,0.97,5,119801,,,3.89
2666,666,sphere,noun,B1,cefrj-v1.5,0.97,5,114512,,,3.91
2667,667,notorious,adjective,B1,cefrj-v1.5,0.97,5,83322,,,3.83
2668,668,academic,noun,B1,cefrj-v1.5,0.97,5,1092369,,,4.57
2669,669,sufficient,adjective,B1,cefrj-v1.5,0.97,5,395593,,,4.32
2670,670,biology,noun,B1,cefrj-v1.5,0.97,5,319709,,,4.22
2671,671,endless,adjective,B1,cefrj-v1.5,0.97,5,233515,,,4.18
2672,672,suddenly,adverb,B1,cefrj-v1.5,0.97,5,472235,,,4.69
2673,673,sequence,noun,B1,cefrj-v1.5,0.97,5,340989,,,4.35
2674,674,central,noun,B1,cefrj-v1.5,0.97,5,2228366,,,5.12
2675,675,strain,noun,B1,cefrj-v1.5,0.97,5,256605,,,4.15
2676,676,bang,noun,B1,cefrj-v1.5,0.97,5,175502,,,4.32
2677,677,nail,noun,B1,cefrj-v1.5,0.97,5,229418,,,4.21
2678,678,motorcycle,noun,B1,cefrj-v1.5,0.97,5,228353,,,4.07
2679,679,stay,noun,B1,cefrj-v1.5,0.97,5,2778519,,,5.33
2680,680,particularly,adverb,B1,cefrj-v1.5,0.97,5,1419053,,,4.96
2681,681,tension,noun,B1,cefrj-v1.5,0.97,5,263400,,,4.22
2682,682,hatred,noun,B1,cefrj-v1.5,0.97,5,100387,,,4.05
2683,683,mechanic,noun,B1,cefrj-v1.5,0.97,5,94465,,,3.79
2684,684,considerable,adjective,B1,cefrj-v1.5,0.97,5,265413,,,4.25
2685,685,heavenly,adjective,B1,cefrj-v1.5,0.97,5,93567,,,3.76
2686,686,acknowledge,verb,B1,cefrj-v1.5,0.97,5,205209,,,4.18
2687,687,organisation,noun,B1,cefrj-v1.5,0.97,5,420816,,,4.36
2688,688,vice,noun,B1,cefrj-v1.5,0.97,5,778870,,,4.71
2689,689,preparation,noun,B1,cefrj-v1.5,0.97,5,489966,,,4.32
2690,690,breast,noun,B1,cefrj-v1.5,0.97,5,445730,,,4.35
2691,691,enthusiasm,noun,B1,cefrj-v1.5,0.97,5,150981,,,4.02
2692,692,industrial,adjective,B1,cefrj-v1.5,0.97,5,1021750,,,4.71
2693,693,poetry,noun,B1,cefrj-v1.5,0.97,5,436364,,,4.4
2694,694,journal,noun,B1,cefrj-v1.5,0.97,5,1211123,,,4.77
2695,695,religious,noun,B1,cefrj-v1.5,0.97,5,899146,,,4.85
2696,696,shocked,verb,B1,cefrj-v1.5,0.97,5,151494,,,4.27
2697,697,device,noun,B1,cefrj-v1.5,0.97,5,1448336,,,4.67
2698,698,reservation,noun,B1,cefrj-v1.5,0.97,5,183569,,,3.95
2699,699,flow,noun,B1,cefrj-v1.5,0.97,5,972491,,,4.68
2700,700,stuffed,verb,B1,cefrj-v1.5,0.97,5,114593,,,3.96
2701,701,parking,noun,B1,cefrj-v1.5,0.97,5,656466,,,4.47
2702,702,conclusion,noun,B1,cefrj-v1.5,0.97,5,478470,,,4.4
2703,703,skin,noun,B1,cefrj-v1.5,0.97,5,1896231,,,4.91
2704,704,organ,noun,B1,cefrj-v1.5,0.97,5,248651,,,4.14
2705,705,accountant,noun,B1,cefrj-v1.5,0.97,5,87471,,,3.76
2706,706,packing,noun,B1,cefrj-v1.5,0.97,5,194748,,,4.06
2707,707,tent,noun,B1,cefrj-v1.5,0.97,5,176912,,,4.05
2708,708,electricity,noun,B1,cefrj-v1.5,0.97,5,466899,,,4.43
2709,709,freezing,noun,B1,cefrj-v1.5,0.97,5,128647,,,4.05
2710,710,appreciation,noun,B1,cefrj-v1.5,0.97,5,216878,,,4.12
2711,711,slavery,noun,B1,cefrj-v1.5,0.97,5,171314,,,4.21
2712,712,reserve,noun,B1,cefrj-v1.5,0.97,5,624991,,,4.6
2713,713,molecular,adjective,B1,model:multinomial-logit-v1,0.3201,5,255090,,,4.11
2714,714,frequently,adverb,B1,cefrj-v1.5,0.97,5,761976,,,4.56
2715,715,dramatic,adjective,B1,cefrj-v1.5,0.97,5,364245,,,4.41
2716,716,caution,noun,B1,cefrj-v1.5,0.97,5,146531,,,3.97
2717,717,pork,noun,B1,cefrj-v1.5,0.97,5,194964,,,4.03
2718,718,sensation,noun,B1,cefrj-v1.5,0.97,5,127629,,,3.9
2719,719,illusion,noun,B1,model:multinomial-logit-v1,0.297,5,98943,,,3.94
2720,720,weakness,noun,B1,cefrj-v1.5,0.97,5,150816,,,4.19
2721,721,minus,noun,B1,cefrj-v1.5,0.97,5,104148,,,4.0
2722,722,avenue,noun,B1,cefrj-v1.5,0.97,5,535529,,,4.43
2723,723,thus,noun,B1,cefrj-v1.5,0.97,5,1410815,,,4.91
2724,724,possess,verb,B1,cefrj-v1.5,0.97,5,221193,,,4.02
2725,725,variety,noun,B1,cefrj-v1.5,0.97,5,1591325,,,4.75
2726,726,bark,noun,B1,cefrj-v1.5,0.97,5,108652,,,3.85
2727,727,baker,noun,B1,cefrj-v1.5,0.97,5,268037,,,4.23
2728,728,consideration,noun,B1,cefrj-v1.5,0.97,5,402670,,,4.28
2729,729,artistic,adjective,B1,cefrj-v1.5,0.97,5,355292,,,4.17
2730,730,height,noun,B1,cefrj-v1.5,0.97,5,676929,,,4.53
2731,731,landlord,noun,B1,cefrj-v1.5,0.97,5,112682,,,3.89
2732,732,spider,noun,B1,cefrj-v1.5,0.97,5,219283,,,4.25
2733,733,kindness,noun,B1,cefrj-v1.5,0.97,5,143317,,,4.0
2734,734,enthusiastic,adjective,B1,cefrj-v1.5,0.97,5,109855,,,3.84
2735,735,grave,noun,B1,cefrj-v1.5,0.97,5,212976,,,4.31
2736,736,settle,noun,B1,cefrj-v1.5,0.97,5,276539,,,4.37
2737,737,civil,adjective,B1,cefrj-v1.5,0.97,5,1227767,,,4.93
2738,738,motto,noun,B1,cefrj-v1.5,0.97,5,74311,,,3.72
2739,739,tax,noun,B1,cefrj-v1.5,0.97,5,2007047,,,5.14
2740,740,increase,noun,B1,cefrj-v1.5,0.97,5,2126029,,,5.08
2741,741,gratitude,noun,B1,cefrj-v1.5,0.97,5,154975,,,3.92
2742,742,immigration,noun,B1,cefrj-v1.5,0.97,5,377881,,,4.47
2743,743,mustard,noun,B1,cefrj-v1.5,0.97,5,87406,,,3.69
2744,744,candle,noun,B1,cefrj-v1.5,0.97,5,131958,,,3.88
2745,745,melt,noun,B1,cefrj-v1.5,0.97,5,121809,,,3.96
2746,746,distribute,verb,B1,cefrj-v1.5,0.97,5,148723,,,3.79
2747,747,amazing,verb,B1,cefrj-v1.5,0.97,5,1203362,,,5.1
2748,748,entertain,verb,B1,cefrj-v1.5,0.97,5,84204,,,3.83
2749,749,complex,noun,B1,cefrj-v1.5,0.97,5,1385131,,,4.86
2750,750,instruction,noun,B1,cefrj-v1.5,0.97,5,316121,,,4.14
2751,751,engineering,noun,B1,cefrj-v1.5,0.97,5,1277590,,,4.8
2752,752,studio,noun,B1,cefrj-v1.5,0.97,5,1129937,,,4.66
2753,753,affection,noun,B1,cefrj-v1.5,0.97,5,93837,,,3.92
2754,754,slope,noun,B1,cefrj-v1.5,0.97,5,114601,,,3.9
2755,755,jewel,noun,B1,cefrj-v1.5,0.97,5,76267,,,3.68
2756,756,decline,noun,B1,cefrj-v1.5,0.97,5,361585,,,4.4
2757,757,plus,noun,B1,cefrj-v1.5,0.97,5,1584896,,,4.95
2758,758,plug,noun,B1,cefrj-v1.5,0.97,5,286589,,,4.14
2759,759,satellite,noun,B1,cefrj-v1.5,0.97,5,329545,,,4.33
2760,760,prejudice,noun,B1,cefrj-v1.5,0.97,5,83231,,,3.79
2761,761,dive,noun,B1,cefrj-v1.5,0.97,5,282964,,,4.12
2762,762,cattle,noun,B1,cefrj-v1.5,0.97,5,217547,,,4.15
2763,763,inspection,noun,B1,cefrj-v1.5,0.97,5,352897,,,4.14
2764,764,unemployed,noun,B1,cefrj-v1.5,0.97,5,72367,,,3.9
2765,765,generally,adverb,B1,cefrj-v1.5,0.97,5,1215527,,,4.95
2766,766,depart,verb,B1,cefrj-v1.5,0.97,5,66862,,,3.67
2767,767,secure,verb,B1,cefrj-v1.5,0.97,5,1068585,,,4.64
2768,768,machinery,noun,B1,model:multinomial-logit-v1,0.3322,5,217674,,,4.02
2769,769,print,noun,B1,cefrj-v1.5,0.97,5,967204,,,4.54
2770,770,comfort,noun,B1,cefrj-v1.5,0.97,5,767932,,,4.41
2771,771,afford,verb,B1,cefrj-v1.5,0.97,5,352104,,,4.57
2772,772,compact,noun,B1,model:multinomial-logit-v1,0.3101,5,298952,,,4.06
2773,773,obstacle,noun,B1,cefrj-v1.5,0.97,5,82253,,,3.72
2774,774,origin,noun,B1,cefrj-v1.5,0.97,5,504975,,,4.55
2775,775,spectacular,noun,B1,cefrj-v1.5,0.97,5,202797,,,4.06
2776,776,equally,adverb,B1,cefrj-v1.5,0.97,5,343964,,,4.39
2777,777,airline,noun,B1,cefrj-v1.5,0.97,5,191663,,,4.04
2778,778,sickness,noun,B1,cefrj-v1.5,0.97,5,88240,,,3.83
2779,779,surrounding,verb,B1,cefrj-v1.5,0.97,5,608392,,,4.49
2780,780,heaven,noun,B1,cefrj-v1.5,0.97,5,442057,,,4.58
2781,781,pump,noun,B1,cefrj-v1.5,0.97,5,402505,,,4.28
2782,782,wherever,adverb,B1,cefrj-v1.5,0.97,5,245976,,,4.27
2783,783,physics,noun,B1,cefrj-v1.5,0.97,5,355077,,,4.39
2784,784,spiritual,noun,B1,cefrj-v1.5,0.97,5,610060,,,4.4
2785,785,exhausted,verb,B1,cefrj-v1.5,0.97,5,111942,,,4.08
2786,786,analysis,noun,B1,cefrj-v1.5,0.97,5,1838703,,,4.91
2787,787,summit,noun,B1,cefrj-v1.5,0.97,5,356066,,,4.3
2788,788,distinction,noun,B1,cefrj-v1.5,0.97,5,184222,,,4.1
2789,789,afterwards,adverb,B1,cefrj-v1.5,0.97,5,251093,,,4.42
2790,790,homeless,noun,B1,cefrj-v1.5,0.97,5,164489,,,4.26
2791,791,regulation,noun,B1,cefrj-v1.5,0.97,5,458723,,,4.38
2792,792,contain,verb,B1,cefrj-v1.5,0.97,5,625990,,,4.5
2793,793,determination,noun,B1,cefrj-v1.5,0.97,5,247564,,,4.16
2794,794,heal,verb,B1,cefrj-v1.5,0.97,5,183339,,,4.12
2795,795,acquire,verb,B1,cefrj-v1.5,0.97,5,260914,,,4.13
2796,796,refusal,noun,B1,cefrj-v1.5,0.97,5,79050,,,3.83
2797,797,absolutely,adverb,B1,cefrj-v1.5,0.97,5,794459,,,4.98
2798,798,confusing,verb,B1,cefrj-v1.5,0.97,5,129069,,,4.02
2799,799,constantly,adverb,B1,cefrj-v1.5,0.97,5,499270,,,4.53
2800,800,excellence,noun,B1,cefrj-v1.5,0.97,5,359497,,,4.07
2801,801,observe,verb,B1,cefrj-v1.5,0.97,5,233151,,,4.06
2802,802,deadline,noun,B1,cefrj-v1.5,0.97,5,254243,,,4.12
2803,803,celebrity,noun,B1,cefrj-v1.5,0.97,5,222374,,,4.29
2804,804,gravity,noun,B1,model:multinomial-logit-v1,0.2806,5,169885,,,4.21
2805,805,flock,noun,B1,cefrj-v1.5,0.97,5,73271,,,3.69
2806,806,deed,noun,B1,cefrj-v1.5,0.97,5,88918,,,3.75
2807,807,battle,noun,B1,cefrj-v1.5,0.97,5,1171265,,,4.94
2808,808,safety,noun,B1,cefrj-v1.5,0.97,5,2347192,,,4.97
2809,809,qualify,verb,B1,cefrj-v1.5,0.97,5,275237,,,4.19
2810,810,painful,adjective,B1,cefrj-v1.5,0.97,5,224642,,,4.32
2811,811,simultaneously,adverb,B1,cefrj-v1.5,0.97,5,242454,,,4.17
2812,812,workshop,noun,B1,cefrj-v1.5,0.97,5,485613,,,4.15
2813,813,enemy,noun,B1,cefrj-v1.5,0.97,5,467558,,,4.7
2814,814,lightly,adverb,B1,cefrj-v1.5,0.97,5,151795,,,3.96
2815,815,van,noun,B1,cefrj-v1.5,0.97,5,1048043,,,4.78
2816,816,process,noun,B1,cefrj-v1.5,0.97,5,4570989,,,5.26
2817,817,management,noun,B1,cefrj-v1.5,0.97,5,3780204,,,5.13
2818,818,overhead,noun,B1,model:multinomial-logit-v1,0.3085,5,143470,,,3.93
2819,819,survivor,noun,B1,cefrj-v1.5,0.97,5,102713,,,4.0
2820,820,ink,noun,B1,cefrj-v1.5,0.97,5,250550,,,4.07
2821,821,stuck,verb,B1,cefrj-v1.5,0.97,5,413460,,,4.68
2822,822,suspicion,noun,B1,cefrj-v1.5,0.97,5,92186,,,3.97
2823,823,apparent,adjective,B1,cefrj-v1.5,0.97,5,254012,,,4.32
2824,824,equality,noun,B1,cefrj-v1.5,0.97,5,225996,,,4.26
2825,825,dull,verb,B1,cefrj-v1.5,0.97,5,120170,,,3.94
2826,826,sponge,noun,B1,cefrj-v1.5,0.97,5,66587,,,3.59
2827,827,realistic,adjective,B1,cefrj-v1.5,0.97,5,251220,,,4.16
2828,828,repeatedly,adverb,B1,cefrj-v1.5,0.97,5,195857,,,4.21
2829,829,unlikely,adjective,B1,cefrj-v1.5,0.97,5,243815,,,4.31
2830,830,handy,noun,B1,cefrj-v1.5,0.97,5,205460,,,3.97
2831,831,preference,noun,B1,cefrj-v1.5,0.97,5,196090,,,4.11
2832,832,practical,adjective,B1,cefrj-v1.5,0.97,5,752727,,,4.48
2833,833,positively,adverb,B1,cefrj-v1.5,0.97,5,142537,,,3.89
2834,834,goddess,noun,B1,cefrj-v1.5,0.97,5,137429,,,4.01
2835,835,instance,noun,B1,cefrj-v1.5,0.97,5,726633,,,4.59
2836,836,greeting,noun,B1,cefrj-v1.5,0.97,5,78463,,,3.68
2837,837,resolve,noun,B1,cefrj-v1.5,0.97,5,277962,,,4.17
2838,838,admission,noun,B1,cefrj-v1.5,0.97,5,320261,,,4.15
2839,839,strawberry,noun,B1,cefrj-v1.5,0.97,5,101432,,,3.72
2840,840,shortly,adverb,B1,cefrj-v1.5,0.97,5,432065,,,4.47
2841,841,acceptance,noun,B1,cefrj-v1.5,0.97,5,253091,,,4.16
2842,842,vast,adjective,B1,cefrj-v1.5,0.97,5,443270,,,4.49
2843,843,loud,adjective,B1,cefrj-v1.5,0.97,5,300340,,,4.53
2844,844,function,noun,B1,cefrj-v1.5,0.97,5,1314917,,,4.78
2845,845,admiration,noun,B1,cefrj-v1.5,0.97,5,51588,,,3.59
2846,846,visual,adjective,B1,cefrj-v1.5,0.97,5,829185,,,4.5
2847,847,financial,adjective,B1,cefrj-v1.5,0.97,5,2833828,,,5.08
2848,848,disturbance,noun,B1,cefrj-v1.5,0.97,5,59265,,,3.61
2849,849,leave,noun,B1,cefrj-v1.5,0.97,5,2773995,,,5.34
2850,850,react,verb,B1,cefrj-v1.5,0.97,5,188740,,,4.16
2851,851,definition,noun,B1,cefrj-v1.5,0.97,5,502462,,,4.58
2852,852,delightful,adjective,B1,cefrj-v1.5,0.97,5,123306,,,3.77
2853,853,region,noun,B1,cefrj-v1.5,0.97,5,1912183,,,5.0
2854,854,sweat,noun,B1,cefrj-v1.5,0.97,5,162161,,,4.14
2855,855,farther,adjective,B1,cefrj-v1.5,0.97,5,84127,,,3.85
2856,856,improvement,noun,B1,cefrj-v1.5,0.97,5,609270,,,4.49
2857,857,activate,verb,B1,model:multinomial-logit-v1,0.2869,5,145473,,,3.76
2858,858,mentally,adverb,B1,cefrj-v1.5,0.97,5,138265,,,4.2
2859,859,monthly,noun,B1,cefrj-v1.5,0.97,5,682377,,,4.5
2860,860,aspect,noun,B1,cefrj-v1.5,0.97,5,504511,,,4.41
2861,861,economic,adjective,B1,cefrj-v1.5,0.97,5,1873979,,,5.1
2862,862,convince,verb,B1,cefrj-v1.5,0.97,5,171738,,,4.26
2863,863,beard,noun,B1,cefrj-v1.5,0.97,5,116939,,,4.07
2864,864,fashionable,adjective,B1,cefrj-v1.5,0.97,5,75030,,,3.65
2865,865,frequency,noun,B1,cefrj-v1.5,0.97,5,461532,,,4.36
2866,866,newly,adverb,B1,cefrj-v1.5,0.97,5,454514,,,4.42
2867,867,hire,noun,B1,cefrj-v1.5,0.97,5,514958,,,4.4
2868,868,commentary,noun,B1,model:multinomial-logit-v1,0.3437,5,208348,,,4.19
2869,869,insurance,noun,B1,cefrj-v1.5,0.97,5,1942211,,,4.94
2870,870,awkward,adjective,B1,cefrj-v1.5,0.97,5,115747,,,4.29
2871,871,imaginary,noun,B1,cefrj-v1.5,0.97,5,57601,,,3.79
2872,872,attract,verb,B1,cefrj-v1.5,0.97,5,318682,,,4.2
2873,873,appoint,verb,B1,cefrj-v1.5,0.97,5,61559,,,3.7
2874,874,economics,noun,B1,cefrj-v1.5,0.97,5,409473,,,4.42
2875,875,firmly,adverb,B1,cefrj-v1.5,0.97,5,145195,,,4.0
2876,876,hazard,noun,B1,cefrj-v1.5,0.97,5,123674,,,3.98
2877,877,glorious,adjective,B1,cefrj-v1.5,0.97,5,117710,,,4.08
2878,878,electrical,adjective,B1,cefrj-v1.5,0.97,5,617896,,,4.42
2879,879,respond,verb,B1,cefrj-v1.5,0.97,5,526083,,,4.53
2880,880,tremendous,adjective,B1,cefrj-v1.5,0.97,5,194152,,,4.07
2881,881,despair,noun,B1,cefrj-v1.5,0.97,5,84779,,,3.82
2882,882,waterfall,noun,B1,cefrj-v1.5,0.97,5,75655,,,3.54
2883,883,eternity,noun,B1,cefrj-v1.5,0.97,5,71881,,,3.8
2884,884,establishment,noun,B1,cefrj-v1.5,0.97,5,363921,,,4.42
2885,885,shallow,noun,B1,cefrj-v1.5,0.97,5,139332,,,4.04
2886,886,adopt,verb,B1,cefrj-v1.5,0.97,5,234701,,,4.19
2887,887,lawful,adjective,B1,cefrj-v1.5,0.97,5,61767,,,3.62
2888,888,remembrance,noun,B1,cefrj-v1.5,0.97,5,55134,,,3.61
2889,889,interval,noun,B1,cefrj-v1.5,0.97,5,118185,,,3.77
2890,890,lung,noun,B1,cefrj-v1.5,0.97,5,208279,,,4.1
2891,891,mankind,noun,B1,cefrj-v1.5,0.97,5,98886,,,3.88
2892,892,benefit,noun,B1,cefrj-v1.5,0.97,5,1200847,,,4.82
2893,893,examine,verb,B1,cefrj-v1.5,0.97,5,306591,,,4.18
2894,894,lean,noun,B1,cefrj-v1.5,0.97,5,238467,,,4.14
2895,895,whale,noun,B1,cefrj-v1.5,0.97,5,105865,,,3.98
2896,896,folk,noun,B1,cefrj-v1.5,0.97,5,294715,,,4.22
2897,897,representative,noun,B1,cefrj-v1.5,0.97,5,562866,,,4.57
2898,898,coal,noun,B1,cefrj-v1.5,0.97,5,366466,,,4.49
2899,899,combine,noun,B1,cefrj-v1.5,0.97,5,359704,,,4.13
2900,900,literature,noun,B1,cefrj-v1.5,0.97,5,680875,,,4.62
2901,901,transformation,noun,B1,cefrj-v1.5,0.97,5,380164,,,4.21
2902,902,tick,noun,B1,cefrj-v1.5,0.97,5,94009,,,3.8
2903,903,competitor,noun,B1,cefrj-v1.5,0.97,5,114235,,,3.81
2904,904,scope,noun,B1,cefrj-v1.5,0.97,5,447833,,,4.26
2905,905,cancer,noun,B1,cefrj-v1.5,0.97,5,1445851,,,4.93
2906,906,frustrated,verb,B1,cefrj-v1.5,0.97,5,131637,,,4.08
2907,907,primitive,noun,B1,cefrj-v1.5,0.97,5,82093,,,3.8
2908,908,govern,verb,B1,cefrj-v1.5,0.97,5,69861,,,3.67
2909,909,graceful,adjective,B1,cefrj-v1.5,0.97,5,40219,,,3.39
2910,910,occupy,verb,B1,cefrj-v1.5,0.97,5,109341,,,3.93
2911,911,phoenix,noun,B1,cefrj-v1.5,0.97,5,274812,,,4.21
2912,912,rapidly,adverb,B1,cefrj-v1.5,0.97,5,386377,,,4.34
2913,913,turtle,noun,B1,cefrj-v1.5,0.97,5,99309,,,3.91
2914,914,courageous,adjective,B1,cefrj-v1.5,0.97,5,52091,,,3.59
2915,915,tend,verb,B1,cefrj-v1.5,0.97,5,582763,,,4.57
2916,916,access,noun,B1,cefrj-v1.5,0.97,5,3644633,,,5.05
2917,917,compete,verb,B1,cefrj-v1.5,0.97,5,359314,,,4.39
2918,918,canned,verb,B1,cefrj-v1.5,0.97,5,76529,,,3.62
2919,919,various,adjective,B1,cefrj-v1.5,0.97,5,2919188,,,5.12
2920,920,capsule,noun,B1,cefrj-v1.5,0.97,5,92836,,,3.7
2921,921,encouragement,noun,B1,cefrj-v1.5,0.97,5,110562,,,3.79
2922,922,vein,noun,B1,cefrj-v1.5,0.97,5,91213,,,3.77
2923,923,dedicate,verb,B1,cefrj-v1.5,0.97,5,53028,,,3.51
2924,924,desperate,noun,B1,cefrj-v1.5,0.97,5,169721,,,4.32
2925,925,honest,adjective,B1,cefrj-v1.5,0.97,5,511502,,,4.73
2926,926,document,noun,B1,cefrj-v1.5,0.97,5,845777,,,4.5
2927,927,locally,adverb,B1,model:multinomial-logit-v1,0.31,5,270717,,,4.11
2928,928,atomic,adjective,B1,cefrj-v1.5,0.97,5,130488,,,3.98
2929,929,cord,noun,B1,model:multinomial-logit-v1,0.2417,5,187314,,,3.98
2930,930,risk,noun,B1,cefrj-v1.5,0.97,5,2540419,,,5.05
2931,931,reject,noun,B1,cefrj-v1.5,0.97,5,137472,,,4.03
2932,932,headline,noun,B1,cefrj-v1.5,0.97,5,112128,,,4.03
2933,933,lottery,noun,B1,cefrj-v1.5,0.97,5,160476,,,4.0
2934,934,compose,verb,B1,cefrj-v1.5,0.97,5,65224,,,3.46
2935,935,eliminate,verb,B1,cefrj-v1.5,0.97,5,300293,,,4.15
2936,936,sponsor,noun,B1,cefrj-v1.5,0.97,5,221071,,,4.04
2937,937,distinguish,verb,B1,cefrj-v1.5,0.97,5,123248,,,3.87
2938,938,household,noun,B1,cefrj-v1.5,0.97,5,541063,,,4.47
2939,939,curiosity,noun,B1,cefrj-v1.5,0.97,5,154596,,,3.97
2940,940,treatment,noun,B1,cefrj-v1.5,0.97,5,2355580,,,5.01
2941,941,majority,noun,B1,cefrj-v1.5,0.97,5,932531,,,4.94
2942,942,bureau,noun,B1,cefrj-v1.5,0.97,5,379070,,,4.41
2943,943,spelling,noun,B1,cefrj-v1.5,0.97,5,123957,,,4.0
2944,944,platform,noun,B1,cefrj-v1.5,0.97,5,1610143,,,4.67
2945,945,intentionally,adverb,B1,cefrj-v1.5,0.97,5,90079,,,3.82
2946,946,substantial,adjective,B1,cefrj-v1.5,0.97,5,371259,,,4.33
2947,947,marine,noun,B1,cefrj-v1.5,0.97,5,657618,,,4.53
2948,948,balance,noun,B1,cefrj-v1.5,0.97,5,1069933,,,4.76
2949,949,beast,noun,B1,cefrj-v1.5,0.97,5,183780,,,4.29
2950,950,confirmation,noun,B1,cefrj-v1.5,0.97,5,206289,,,4.08
2951,951,grab,noun,B1,cefrj-v1.5,0.97,5,359131,,,4.52
2952,952,scholar,noun,B1,cefrj-v1.5,0.97,5,317057,,,3.96
2953,953,historical,adjective,B1,cefrj-v1.5,0.97,5,1018504,,,4.69
2954,954,clip,noun,B1,cefrj-v1.5,0.97,5,249636,,,4.26
2955,955,glance,noun,B1,cefrj-v1.5,0.97,5,137080,,,3.91
2956,956,crossroads,noun,B1,cefrj-v1.5,0.97,5,54768,,,3.48
2957,957,stall,noun,B1,cefrj-v1.5,0.97,5,72266,,,3.79
2958,958,expand,verb,B1,cefrj-v1.5,0.97,5,532920,,,4.35
2959,959,inevitable,noun,B1,cefrj-v1.5,0.97,5,137716,,,4.08
2960,960,memorable,adjective,B1,cefrj-v1.5,0.97,5,203916,,,3.97
2961,961,messy,adjective,B1,cefrj-v1.5,0.97,5,86467,,,3.87
2962,962,peanut,noun,B1,cefrj-v1.5,0.97,5,122732,,,3.9
2963,963,urge,noun,B1,cefrj-v1.5,0.97,5,144030,,,4.11
2964,964,ripe,adjective,B1,cefrj-v1.5,0.97,5,83102,,,3.67
2965,965,garment,noun,B1,cefrj-v1.5,0.97,5,85519,,,3.59
2966,966,wardrobe,noun,B1,cefrj-v1.5,0.97,5,117871,,,3.8
2967,967,enforcement,noun,B1,model:multinomial-logit-v1,0.3835,5,469288,,,4.45
2968,968,warmth,noun,B1,cefrj-v1.5,0.97,5,147749,,,3.8
2969,969,defence,noun,B1,cefrj-v1.5,0.97,5,372654,,,4.51
2970,970,conscious,adjective,B1,cefrj-v1.5,0.97,5,254845,,,4.18
2971,971,namely,adverb,B1,model:multinomial-logit-v1,0.308,5,173477,,,4.02
2972,972,intensity,noun,B1,model:multinomial-logit-v1,0.3383,5,251245,,,4.14
2973,973,myth,noun,B1,cefrj-v1.5,0.97,5,161491,,,4.08
2974,974,vivid,adjective,B1,cefrj-v1.5,0.97,5,97617,,,3.75
2975,975,dot,noun,B1,cefrj-v1.5,0.97,5,226274,,,4.05
2976,976,unique,adjective,B1,cefrj-v1.5,0.97,5,2103312,,,4.75
2977,977,percent,noun,B1,cefrj-v1.5,0.97,5,1988887,,,5.04
2978,978,regional,adjective,B1,cefrj-v1.5,0.97,5,1074256,,,4.72
2979,979,constitute,verb,B1,cefrj-v1.5,0.97,5,139556,,,3.85
2980,980,critical,adjective,B1,cefrj-v1.5,0.97,5,1393943,,,4.83
2981,981,bump,noun,B1,cefrj-v1.5,0.97,5,93061,,,3.98
2982,982,sidewalk,noun,B1,cefrj-v1.5,0.97,5,63285,,,3.68
2983,983,maple,noun,B1,cefrj-v1.5,0.97,5,168169,,,3.86
2984,984,definite,adjective,B1,cefrj-v1.5,0.97,5,85324,,,3.78
2985,985,prize,noun,B1,cefrj-v1.5,0.97,5,718869,,,4.59
2986,986,unemployment,noun,B1,cefrj-v1.5,0.97,5,201371,,,4.22
2987,987,victory,noun,B1,cefrj-v1.5,0.97,5,745411,,,4.73
2988,988,hesitate,verb,B1,cefrj-v1.5,0.97,5,141082,,,3.79
2989,989,puppy,noun,B1,cefrj-v1.5,0.97,5,150771,,,4.0
2990,990,endure,verb,B1,cefrj-v1.5,0.97,5,86414,,,3.82
2991,991,crop,noun,B1,cefrj-v1.5,0.97,5,265647,,,4.15
2992,992,shortage,noun,B1,cefrj-v1.5,0.97,5,128175,,,3.91
2993,993,sticky,adjective,B1,cefrj-v1.5,0.97,5,121996,,,3.8
2994,994,pillow,noun,B1,cefrj-v1.5,0.97,5,129179,,,3.96
2995,995,manuscript,noun,B1,model:multinomial-logit-v1,0.3164,5,156094,,,3.92
2996,996,psychological,adjective,B1,cefrj-v1.5,0.97,5,342463,,,4.27
2997,997,secretly,adverb,B1,cefrj-v1.5,0.97,5,89255,,,4.01
2998,998,toss,noun,B1,cefrj-v1.5,0.97,5,114154,,,3.91
2999,999,application,noun,B1,cefrj-v1.5,0.97,5,2121036,,,4.86
3000,1000,irregular,noun,B1,cefrj-v1.5,0.97,5,89401,,,3.7
3001,1,since,other,B2,cefrj-v1.5,0.97,5,6512059,,,5.75
3002,2,times,noun,B2,cefrj-v1.5,0.97,5,4510341,,,5.56
3003,3,sound,noun,B2,cefrj-v1.5,0.97,5,1863107,,,5.15
3004,4,found,noun,B2,cefrj-v1.5,0.97,5,5474959,,,5.68
3005,5,moving,verb,B2,cefrj-v1.5,0.97,5,1491255,,,5.02
3006,6,outside,noun,B2,cefrj-v1.5,0.97,5,2168104,,,5.25
3007,7,that,other,B2,cefrj-v1.5,0.97,5,123997991,,,7.01
3008,8,make,noun,B2,cefrj-v1.5,0.97,5,13915896,,,6.08
3009,9,far,noun,B2,cefrj-v1.5,0.97,5,3078109,,,5.5
3010,10,though,adverb,B2,cefrj-v1.5,0.97,5,3436962,,,5.5
3011,11,inside,noun,B2,cefrj-v1.5,0.97,5,2092075,,,5.19
3012,12,trial,noun,B2,cefrj-v1.5,0.97,5,1024620,,,4.87
3013,13,trust,noun,B2,cefrj-v1.5,0.97,5,1579666,,,5.13
3014,14,deep,noun,B2,cefrj-v1.5,0.97,5,1568389,,,5.05
3015,15,fixed,verb,B2,cefrj-v1.5,0.97,5,707697,,,4.7
3016,16,criminal,noun,B2,cefrj-v1.5,0.97,5,724883,,,4.75
3017,17,identification,noun,B2,cefrj-v1.5,0.97,5,335092,,,4.18
3018,18,lifetime,noun,B2,cefrj-v1.5,0.97,5,416763,,,4.39
3019,19,faith,noun,B2,cefrj-v1.5,0.97,5,939241,,,4.82
3020,20,master,noun,B2,cefrj-v1.5,0.97,5,1524910,,,4.93
3021,21,means,noun,B2,cefrj-v1.5,0.97,5,3301900,,,5.44
3022,22,counter,noun,B2,cefrj-v1.5,0.97,5,502523,,,4.56
3023,23,advance,noun,B2,cefrj-v1.5,0.97,5,789618,,,4.65
3024,24,expected,verb,B2,cefrj-v1.5,0.97,5,1373392,,,4.96
3025,25,hunting,noun,B2,cefrj-v1.5,0.97,5,351005,,,4.42
3026,26,motion,noun,B2,cefrj-v1.5,0.97,5,680827,,,4.59
3027,27,profit,noun,B2,cefrj-v1.5,0.97,5,714408,,,4.7
3028,28,jump,noun,B2,cefrj-v1.5,0.97,5,566550,,,4.69
3029,29,worship,noun,B2,cefrj-v1.5,0.97,5,317970,,,4.29
3030,30,seal,noun,B2,cefrj-v1.5,0.97,5,290162,,,4.3
3031,31,attached,verb,B2,cefrj-v1.5,0.97,5,458367,,,4.52
3032,32,mask,noun,B2,cefrj-v1.5,0.97,5,318967,,,4.31
3033,33,execution,noun,B2,cefrj-v1.5,0.97,5,284716,,,4.29
3034,34,fighting,noun,B2,cefrj-v1.5,0.97,5,720035,,,4.92
3035,35,mix,noun,B2,cefrj-v1.5,0.97,5,937369,,,4.71
3036,36,stake,noun,B2,cefrj-v1.5,0.97,5,213672,,,4.15
3037,37,physician,noun,B2,cefrj-v1.5,0.97,5,333414,,,4.18
3038,38,relief,noun,B2,cefrj-v1.5,0.97,5,624058,,,4.55
3039,39,identical,adjective,B2,cefrj-v1.5,0.97,5,214950,,,4.21
3040,40,swing,noun,B2,cefrj-v1.5,0.97,5,267519,,,4.34
3041,41,pitch,noun,B2,cefrj-v1.5,0.97,5,348832,,,4.43
3042,42,tender,noun,B2,cefrj-v1.5,0.97,5,223392,,,4.09
3043,43,discipline,noun,B2,cefrj-v1.5,0.97,5,281534,,,4.23
3044,44,win,noun,B2,cefrj-v1.5,0.97,5,2325924,,,5.39
3045,45,crew,noun,B2,cefrj-v1.5,0.97,5,631971,,,4.7
3046,46,scheme,noun,B2,cefrj-v1.5,0.97,5,491934,,,4.57
3047,47,retreat,noun,B2,cefrj-v1.5,0.97,5,213320,,,4.13
3048,48,reverse,noun,B2,cefrj-v1.5,0.97,5,326050,,,4.37
3049,49,landing,noun,B2,cefrj-v1.5,0.97,5,379688,,,4.4
3050,50,exception,noun,B2,cefrj-v1.5,0.97,5,309482,,,4.35
3051,51,investigate,verb,B2,cefrj-v1.5,0.97,5,270529,,,4.31
3052,52,psychology,noun,B2,cefrj-v1.5,0.97,5,363190,,,4.31
3053,53,state,noun,B2,cefrj-v1.5,0.97,5,8274469,,,5.78
3054,54,theme,noun,B2,cefrj-v1.5,0.97,5,941337,,,4.62
3055,55,planning,noun,B2,cefrj-v1.5,0.97,5,1677112,,,4.9
3056,56,shooting,noun,B2,cefrj-v1.5,0.97,5,594895,,,4.78
3057,57,bend,noun,B2,cefrj-v1.5,0.97,5,187739,,,4.13
3058,58,saving,noun,B2,cefrj-v1.5,0.97,5,543848,,,4.59
3059,59,transfer,noun,B2,cefrj-v1.5,0.97,5,980817,,,4.72
3060,60,suffering,noun,B2,cefrj-v1.5,0.97,5,479708,,,4.53
3061,61,cause,noun,B2,cefrj-v1.5,0.97,5,2104517,,,5.35
3062,62,respected,verb,B2,cefrj-v1.5,0.97,5,186868,,,4.11
3063,63,determined,verb,B2,cefrj-v1.5,0.97,5,640837,,,4.64
3064,64,volunteer,noun,B2,cefrj-v1.5,0.97,5,428971,,,4.28
3065,65,deck,noun,B2,cefrj-v1.5,0.97,5,402482,,,4.41
3066,66,modest,adjective,B2,cefrj-v1.5,0.97,5,156769,,,4.03
3067,67,very,adjective,B2,cefrj-v1.5,0.97,5,11280759,,,6.0
3068,68,prime,noun,B2,cefrj-v1.5,0.97,5,847918,,,4.81
3069,69,welfare,noun,B2,cefrj-v1.5,0.97,5,302579,,,4.43
3070,70,withdraw,verb,B2,cefrj-v1.5,0.97,5,159850,,,4.05
3071,71,strictly,adverb,B2,cefrj-v1.5,0.97,5,216370,,,4.16
3072,72,slight,noun,B2,cefrj-v1.5,0.97,5,215036,,,4.22
3073,73,gross,noun,B2,cefrj-v1.5,0.97,5,265383,,,4.45
3074,74,divorce,noun,B2,cefrj-v1.5,0.97,5,329241,,,4.36
3075,75,lower,noun,B2,cefrj-v1.5,0.97,5,1876609,,,5.11
3076,76,pulse,noun,B2,cefrj-v1.5,0.97,5,176678,,,4.06
3077,77,hook,noun,B2,cefrj-v1.5,0.97,5,293052,,,4.37
3078,78,shield,noun,B2,cefrj-v1.5,0.97,5,246435,,,4.3
3079,79,dawn,noun,B2,cefrj-v1.5,0.97,5,239646,,,4.27
3080,80,bid,noun,B2,cefrj-v1.5,0.97,5,319989,,,4.4
3081,81,beam,noun,B2,cefrj-v1.5,0.97,5,217153,,,4.14
3082,82,particular,noun,B2,cefrj-v1.5,0.97,5,1698649,,,5.0
3083,83,tail,noun,B2,cefrj-v1.5,0.97,5,285620,,,4.34
3084,84,friendly,noun,B2,cefrj-v1.5,0.97,5,1285169,,,4.64
3085,85,bearing,noun,B2,cefrj-v1.5,0.97,5,333025,,,4.22
3086,86,acid,noun,B2,cefrj-v1.5,0.97,5,564091,,,4.45
3087,87,assault,noun,B2,cefrj-v1.5,0.97,5,299793,,,4.44
3088,88,remains,noun,B2,cefrj-v1.5,0.97,5,1056731,,,4.8
3089,89,invisible,adjective,B2,cefrj-v1.5,0.97,5,167742,,,4.09
3090,90,chip,noun,B2,cefrj-v1.5,0.97,5,302344,,,4.31
3091,91,intimate,noun,B2,cefrj-v1.5,0.97,5,197684,,,4.06
3092,92,keen,noun,B2,cefrj-v1.5,0.97,5,208608,,,4.13
3093,93,flame,noun,B2,cefrj-v1.5,0.97,5,158614,,,4.07
3094,94,breakdown,noun,B2,cefrj-v1.5,0.97,5,173879,,,4.1
3095,95,legend,noun,B2,cefrj-v1.5,0.97,5,297730,,,4.44
3096,96,reaction,noun,B2,cefrj-v1.5,0.97,5,465914,,,4.73
3097,97,wolf,noun,B2,cefrj-v1.5,0.97,5,268405,,,4.35
3098,98,proposition,noun,B2,model:multinomial-logit-v1,0.3241,5,120724,,,3.85
3099,99,cooperation,noun,B2,cefrj-v1.5,0.97,5,373217,,,4.3
3100,100,blade,noun,B2,cefrj-v1.5,0.97,5,244865,,,4.19
3101,101,devoted,verb,B2,cefrj-v1.5,0.97,5,220639,,,4.18
3102,102,fatal,adjective,B2,cefrj-v1.5,0.97,5,153786,,,4.1
3103,103,evil,noun,B2,cefrj-v1.5,0.97,5,534673,,,4.74
3104,104,grief,noun,B2,cefrj-v1.5,0.97,5,165238,,,4.08
3105,105,residence,noun,B2,cefrj-v1.5,0.97,5,417811,,,4.36
3106,106,timing,noun,B2,cefrj-v1.5,0.97,5,272796,,,4.29
3107,107,hood,noun,B2,cefrj-v1.5,0.97,5,205578,,,4.21
3108,108,conference,noun,B2,cefrj-v1.5,0.97,5,1610490,,,5.01
3109,109,packed,verb,B2,cefrj-v1.5,0.97,5,345475,,,4.31
3110,110,domestic,noun,B2,cefrj-v1.5,0.97,5,664816,,,4.69
3111,111,impressed,verb,B2,cefrj-v1.5,0.97,5,243482,,,4.34
3112,112,intellectual,noun,B2,cefrj-v1.5,0.97,5,362394,,,4.3
3113,113,blast,noun,B2,cefrj-v1.5,0.97,5,193320,,,4.32
3114,114,fraud,noun,B2,cefrj-v1.5,0.97,5,361858,,,4.37
3115,115,ton,noun,B2,cefrj-v1.5,0.97,5,228208,,,4.29
3116,116,noble,noun,B2,cefrj-v1.5,0.97,5,239712,,,4.24
3117,117,operator,noun,B2,cefrj-v1.5,0.97,5,349426,,,4.32
3118,118,temporarily,adverb,B2,cefrj-v1.5,0.97,5,170747,,,4.06
3119,119,federal,noun,B2,cefrj-v1.5,0.97,5,1783249,,,5.13
3120,120,sexual,adjective,B2,cefrj-v1.5,0.97,5,836507,,,4.82
3121,121,project,noun,B2,cefrj-v1.5,0.97,5,4109499,,,5.22
3122,122,stroke,noun,B2,cefrj-v1.5,0.97,5,295115,,,4.27
3123,123,ease,noun,B2,cefrj-v1.5,0.97,5,474970,,,4.34
3124,124,snap,noun,B2,cefrj-v1.5,0.97,5,197624,,,4.21
3125,125,moral,noun,B2,cefrj-v1.5,0.97,5,359226,,,4.46
3126,126,underneath,adverb,B2,cefrj-v1.5,0.97,5,172971,,,4.08
3127,127,surveillance,noun,B2,cefrj-v1.5,0.97,5,227892,,,4.17
3128,128,pine,noun,B2,cefrj-v1.5,0.97,5,220751,,,4.1
3129,129,phase,noun,B2,cefrj-v1.5,0.97,5,760916,,,4.64
3130,130,actual,adjective,B2,cefrj-v1.5,0.97,5,871082,,,4.85
3131,131,underground,noun,B2,cefrj-v1.5,0.97,5,302824,,,4.32
3132,132,revolution,noun,B2,cefrj-v1.5,0.97,5,502256,,,4.56
3133,133,venture,noun,B2,cefrj-v1.5,0.97,5,327965,,,4.26
3134,134,grain,noun,B2,cefrj-v1.5,0.97,5,271590,,,4.18
3135,135,community,noun,B2,cefrj-v1.5,0.97,5,4833801,,,5.34
3136,136,abuse,noun,B2,cefrj-v1.5,0.97,5,598717,,,4.66
3137,137,rainbow,noun,B2,cefrj-v1.5,0.97,5,173063,,,4.07
3138,138,correspondence,noun,B2,cefrj-v1.5,0.97,5,122654,,,3.85
3139,139,transmission,noun,B2,cefrj-v1.5,0.97,5,438558,,,4.33
3140,140,concerning,verb,B2,cefrj-v1.5,0.97,5,376182,,,4.31
3141,141,regard,noun,B2,cefrj-v1.5,0.97,5,358508,,,4.36
3142,142,testimony,noun,B2,cefrj-v1.5,0.97,5,208999,,,4.17
3143,143,colleague,noun,B2,cefrj-v1.5,0.97,5,128685,,,3.98
3144,144,intent,noun,B2,cefrj-v1.5,0.97,5,261297,,,4.28
3145,145,costume,noun,B2,cefrj-v1.5,0.97,5,190470,,,4.18
3146,146,grand,noun,B2,cefrj-v1.5,0.97,5,1210645,,,4.91
3147,147,fox,noun,B2,cefrj-v1.5,0.97,5,494408,,,4.66
3148,148,partnership,noun,B2,cefrj-v1.5,0.97,5,638185,,,4.48
3149,149,genuine,adjective,B2,cefrj-v1.5,0.97,5,325534,,,4.37
3150,150,odd,adjective,B2,cefrj-v1.5,0.97,5,283989,,,4.42
3151,151,striking,noun,B2,cefrj-v1.5,0.97,5,226081,,,4.2
3152,152,down,noun,B2,cefrj-v1.5,0.97,5,8181628,,,5.88
3153,153,growing,noun,B2,cefrj-v1.5,0.97,5,1487215,,,4.94
3154,154,circuit,noun,B2,cefrj-v1.5,0.97,5,521996,,,4.47
3155,155,willing,noun,B2,cefrj-v1.5,0.97,5,608570,,,4.72
3156,156,privilege,noun,B2,cefrj-v1.5,0.97,5,171748,,,4.2
3157,157,neither,adjective,B2,cefrj-v1.5,0.97,5,577671,,,4.77
3158,158,swift,noun,B2,cefrj-v1.5,0.97,5,187004,,,4.15
3159,159,messenger,noun,B2,cefrj-v1.5,0.97,5,130219,,,3.95
3160,160,expert,noun,B2,cefrj-v1.5,0.97,5,934450,,,4.56
3161,161,copper,noun,B2,cefrj-v1.5,0.97,5,318714,,,4.27
3162,162,biotechnology,noun,B2,cefrj-v1.5,0.97,4,70463,,,3.42
3163,163,separately,adverb,B2,cefrj-v1.5,0.97,5,190205,,,4.08
3164,164,exhibit,noun,B2,cefrj-v1.5,0.97,5,271825,,,4.16
3165,165,dignity,noun,B2,cefrj-v1.5,0.97,5,140841,,,4.02
3166,166,virtue,noun,B2,cefrj-v1.5,0.97,5,121407,,,3.94
3167,167,universal,noun,B2,cefrj-v1.5,0.97,5,479903,,,4.49
3168,168,pearl,noun,B2,cefrj-v1.5,0.97,5,219141,,,4.14
3169,169,creation,noun,B2,cefrj-v1.5,0.97,5,779008,,,4.56
3170,170,ritual,noun,B2,cefrj-v1.5,0.97,5,144780,,,4.02
3171,171,amongst,other,B2,cefrj-v1.5,0.97,5,310045,,,4.31
3172,172,institution,noun,B2,cefrj-v1.5,0.97,5,450942,,,4.41
3173,173,collector,noun,B2,cefrj-v1.5,0.97,5,150347,,,3.91
3174,174,legitimate,verb,B2,cefrj-v1.5,0.97,5,249506,,,4.22
3175,175,lobby,noun,B2,cefrj-v1.5,0.97,5,145113,,,4.03
3176,176,hollow,noun,B2,cefrj-v1.5,0.97,5,120160,,,3.95
3177,177,pursuit,noun,B2,cefrj-v1.5,0.97,5,193345,,,4.12
3178,178,deliberately,adverb,B2,cefrj-v1.5,0.97,5,107024,,,4.02
3179,179,masterpiece,noun,B2,cefrj-v1.5,0.97,5,84883,,,3.81
3180,180,dispute,noun,B2,cefrj-v1.5,0.97,5,246387,,,4.27
3181,181,mature,verb,B2,cefrj-v1.5,0.97,5,292707,,,4.28
3182,182,rocket,noun,B2,cefrj-v1.5,0.97,5,206646,,,4.31
3183,183,olive,noun,B2,cefrj-v1.5,0.97,5,306630,,,4.09
3184,184,loan,noun,B2,cefrj-v1.5,0.97,5,1046348,,,4.68
3185,185,recommendation,noun,B2,cefrj-v1.5,0.97,5,225427,,,4.09
3186,186,facilities,noun,B2,cefrj-v1.5,0.97,5,936437,,,4.66
3187,187,fierce,adjective,B2,cefrj-v1.5,0.97,5,102159,,,3.92
3188,188,grip,noun,B2,cefrj-v1.5,0.97,5,208629,,,4.11
3189,189,somewhat,adverb,B2,cefrj-v1.5,0.97,5,411544,,,4.55
3190,190,leap,noun,B2,cefrj-v1.5,0.97,5,127779,,,3.94
3191,191,deer,noun,B2,cefrj-v1.5,0.97,5,204466,,,4.12
3192,192,precisely,adverb,B2,cefrj-v1.5,0.97,5,228929,,,4.2
3193,193,overseas,adjective,B2,cefrj-v1.5,0.97,5,275812,,,4.29
3194,194,shift,noun,B2,cefrj-v1.5,0.97,5,600513,,,4.57
3195,195,fulfill,verb,B2,cefrj-v1.5,0.97,5,173723,,,3.86
3196,196,parade,noun,B2,cefrj-v1.5,0.97,5,201733,,,4.16
3197,197,crack,noun,B2,cefrj-v1.5,0.97,5,235947,,,4.41
3198,198,reference,noun,B2,cefrj-v1.5,0.97,5,879442,,,4.74
3199,199,dock,noun,B2,cefrj-v1.5,0.97,5,134473,,,3.99
3200,200,projection,noun,B2,cefrj-v1.5,0.97,5,92174,,,3.79
3201,201,ram,noun,B2,cefrj-v1.5,0.97,5,333743,,,4.19
3202,202,fate,noun,B2,cefrj-v1.5,0.97,5,243803,,,4.36
3203,203,explosive,noun,B2,cefrj-v1.5,0.97,5,108996,,,3.97
3204,204,concrete,noun,B2,cefrj-v1.5,0.97,5,527627,,,4.44
3205,205,related,verb,B2,cefrj-v1.5,0.97,5,2596978,,,5.1
3206,206,extension,noun,B2,cefrj-v1.5,0.97,5,536962,,,4.46
3207,207,ceiling,noun,B2,cefrj-v1.5,0.97,5,285854,,,4.18
3208,208,cottage,noun,B2,cefrj-v1.5,0.97,5,160954,,,4.0
3209,209,booth,noun,B2,cefrj-v1.5,0.97,5,182871,,,4.1
3210,210,wheat,noun,B2,cefrj-v1.5,0.97,5,221035,,,4.01
3211,211,convinced,verb,B2,cefrj-v1.5,0.97,5,236920,,,4.4
3212,212,pension,noun,B2,cefrj-v1.5,0.97,5,194717,,,4.22
3213,213,toll,noun,B2,cefrj-v1.5,0.97,5,209737,,,4.08
3214,214,translation,noun,B2,cefrj-v1.5,0.97,5,437299,,,4.39
3215,215,standard,noun,B2,cefrj-v1.5,0.97,5,2010217,,,5.03
3216,216,injured,verb,B2,cefrj-v1.5,0.97,5,409993,,,4.51
3217,217,cooperative,noun,B2,cefrj-v1.5,0.97,5,153716,,,3.86
3218,218,penalty,noun,B2,cefrj-v1.5,0.97,5,306275,,,4.45
3219,219,twisted,verb,B2,cefrj-v1.5,0.97,5,101559,,,3.98
3220,220,corridor,noun,B2,cefrj-v1.5,0.97,5,121517,,,3.88
3221,221,coordinate,noun,B2,model:multinomial-logit-v1,0.3121,5,124443,,,3.82
3222,222,demanding,verb,B2,cefrj-v1.5,0.97,5,208773,,,4.13
3223,223,nursery,noun,B2,cefrj-v1.5,0.97,5,128563,,,3.89
3224,224,punch,noun,B2,cefrj-v1.5,0.97,5,199669,,,4.32
3225,225,wealthy,adjective,B2,cefrj-v1.5,0.97,5,185067,,,4.21
3226,226,explicit,adjective,B2,model:multinomial-logit-v1,0.3089,5,121303,,,3.96
3227,227,courtesy,noun,B2,cefrj-v1.5,0.97,5,221235,,,4.13
3228,228,ultimate,noun,B2,cefrj-v1.5,0.97,5,539986,,,4.53
3229,229,elite,noun,B2,cefrj-v1.5,0.97,5,328347,,,4.4
3230,230,alter,verb,B2,cefrj-v1.5,0.97,5,182557,,,4.05
3231,231,resistance,noun,B2,cefrj-v1.5,0.97,5,656455,,,4.55
3232,232,supervisor,noun,B2,cefrj-v1.5,0.97,5,153920,,,3.95
3233,233,initial,noun,B2,cefrj-v1.5,0.97,5,874691,,,4.72
3234,234,obligation,noun,B2,cefrj-v1.5,0.97,5,213957,,,4.07
3235,235,wilderness,noun,B2,cefrj-v1.5,0.97,5,150565,,,3.95
3236,236,estate,noun,B2,cefrj-v1.5,0.97,5,1374522,,,4.82
3237,237,harm,noun,B2,cefrj-v1.5,0.97,5,418331,,,4.47
3238,238,percentage,noun,B2,cefrj-v1.5,0.97,5,438847,,,4.48
3239,239,dash,noun,B2,cefrj-v1.5,0.97,5,144690,,,4.0
3240,240,legendary,adjective,B2,cefrj-v1.5,0.97,5,203154,,,4.23
3241,241,recruit,noun,B2,cefrj-v1.5,0.97,5,111678,,,3.89
3242,242,stick,noun,B2,cefrj-v1.5,0.97,5,629138,,,4.76
3243,243,infant,noun,B2,cefrj-v1.5,0.97,5,162967,,,3.99
3244,244,designer,noun,B2,cefrj-v1.5,0.97,5,546812,,,4.42
3245,245,sweep,noun,B2,cefrj-v1.5,0.97,5,102772,,,3.97
3246,246,executive,noun,B2,cefrj-v1.5,0.97,5,1250735,,,4.87
3247,247,retirement,noun,B2,cefrj-v1.5,0.97,5,524038,,,4.53
3248,248,fellow,noun,B2,cefrj-v1.5,0.97,5,823996,,,4.76
3249,249,tunnel,noun,B2,cefrj-v1.5,0.97,5,219989,,,4.24
3250,250,procedure,noun,B2,cefrj-v1.5,0.97,5,613775,,,4.44
3251,251,royalty,noun,B2,cefrj-v1.5,0.97,5,85944,,,3.8
3252,252,alert,noun,B2,cefrj-v1.5,0.97,5,338513,,,4.33
3253,253,upright,noun,B2,cefrj-v1.5,0.97,5,93586,,,3.74
3254,254,witness,noun,B2,cefrj-v1.5,0.97,5,387611,,,4.52
3255,255,consciousness,noun,B2,cefrj-v1.5,0.97,5,228026,,,4.13
3256,256,worldwide,adjective,B2,cefrj-v1.5,0.97,5,694809,,,4.54
3257,257,lawn,noun,B2,cefrj-v1.5,0.97,5,249772,,,3.98
3258,258,corruption,noun,B2,cefrj-v1.5,0.97,5,250845,,,4.35
3259,259,regime,noun,B2,cefrj-v1.5,0.97,5,278717,,,4.3
3260,260,eagle,noun,B2,cefrj-v1.5,0.97,5,240485,,,4.13
3261,261,wit,noun,B2,cefrj-v1.5,0.97,5,82876,,,3.96
3262,262,objective,noun,B2,cefrj-v1.5,0.97,5,389599,,,4.36
3263,263,technical,noun,B2,cefrj-v1.5,0.97,5,1316399,,,4.75
3264,264,rub,noun,B2,cefrj-v1.5,0.97,5,125080,,,3.97
3265,265,trunk,noun,B2,cefrj-v1.5,0.97,5,145992,,,4.03
3266,266,trainer,noun,B2,cefrj-v1.5,0.97,5,208951,,,4.08
3267,267,tackle,noun,B2,cefrj-v1.5,0.97,5,276444,,,4.15
3268,268,prior,noun,B2,cefrj-v1.5,0.97,5,1278150,,,4.85
3269,269,priority,noun,B2,cefrj-v1.5,0.97,5,442668,,,4.41
3270,270,nut,noun,B2,cefrj-v1.5,0.97,5,133400,,,4.04
3271,271,spin,noun,B2,cefrj-v1.5,0.97,5,341347,,,4.38
3272,272,dimension,noun,B2,cefrj-v1.5,0.97,5,188724,,,4.02
3273,273,cease,noun,B2,cefrj-v1.5,0.97,5,103341,,,4.03
3274,274,flip,noun,B2,cefrj-v1.5,0.97,5,200555,,,4.2
3275,275,scheduled,verb,B2,cefrj-v1.5,0.97,5,537880,,,4.45
3276,276,cruelty,noun,B2,cefrj-v1.5,0.97,5,68779,,,3.76
3277,277,recognition,noun,B2,cefrj-v1.5,0.97,5,571909,,,4.47
3278,278,corrupt,verb,B2,cefrj-v1.5,0.97,5,101134,,,4.14
3279,279,gear,noun,B2,cefrj-v1.5,0.97,5,533680,,,4.46
3280,280,daytime,noun,B2,cefrj-v1.5,0.97,5,89525,,,3.66
3281,281,threaten,verb,B2,cefrj-v1.5,0.97,5,87746,,,3.94
3282,282,specifically,adverb,B2,cefrj-v1.5,0.97,5,792755,,,4.65
3283,283,entertaining,verb,B2,cefrj-v1.5,0.97,5,195683,,,4.11
3284,284,arch,noun,B2,cefrj-v1.5,0.97,5,174076,,,4.02
3285,285,drift,noun,B2,model:multinomial-logit-v1,0.2895,5,91426,,,3.82
3286,286,manufacture,noun,B2,cefrj-v1.5,0.97,5,174125,,,3.98
3287,287,suspicious,adjective,B2,cefrj-v1.5,0.97,5,141125,,,4.09
3288,288,sage,noun,B2,cefrj-v1.5,0.97,5,136385,,,3.83
3289,289,assemble,verb,B2,cefrj-v1.5,0.97,5,86919,,,3.64
3290,290,ally,noun,B2,cefrj-v1.5,0.97,5,110551,,,4.1
3291,291,client,noun,B2,cefrj-v1.5,0.97,5,1120383,,,4.54
3292,292,peel,noun,B2,cefrj-v1.5,0.97,5,125799,,,3.8
3293,293,torch,noun,B2,cefrj-v1.5,0.97,5,73226,,,3.74
3294,294,obsession,noun,B2,cefrj-v1.5,0.97,5,79427,,,3.9
3295,295,technically,adverb,B2,cefrj-v1.5,0.97,5,141391,,,4.1
3296,296,thesis,noun,B2,cefrj-v1.5,0.97,5,254303,,,4.05
3297,297,sensitive,noun,B2,cefrj-v1.5,0.97,5,520337,,,4.46
3298,298,known,verb,B2,cefrj-v1.5,0.97,5,4509534,,,5.39
3299,299,blossom,noun,B2,cefrj-v1.5,0.97,5,70680,,,3.62
3300,300,verse,noun,B2,cefrj-v1.5,0.97,5,215846,,,4.18
3301,301,revive,verb,B2,cefrj-v1.5,0.97,5,57660,,,3.68
3302,302,clothing,noun,B2,cefrj-v1.5,0.97,5,561960,,,4.47
3303,303,mock,noun,B2,cefrj-v1.5,0.97,5,96342,,,3.85
3304,304,cherry,noun,B2,cefrj-v1.5,0.97,5,231123,,,4.18
3305,305,prospect,noun,B2,cefrj-v1.5,0.97,5,200261,,,4.13
3306,306,veteran,noun,B2,cefrj-v1.5,0.97,5,282100,,,4.21
3307,307,barn,noun,B2,cefrj-v1.5,0.97,5,165161,,,3.99
3308,308,candidate,noun,B2,cefrj-v1.5,0.97,5,643411,,,4.66
3309,309,primary,noun,B2,cefrj-v1.5,0.97,5,1459166,,,4.88
3310,310,supervision,noun,B2,cefrj-v1.5,0.97,5,170423,,,3.94
3311,311,radical,noun,B2,cefrj-v1.5,0.97,5,232622,,,4.33
3312,312,spite,noun,B2,cefrj-v1.5,0.97,5,136953,,,4.04
3313,313,exquisite,adjective,B2,cefrj-v1.5,0.97,5,86114,,,3.61
3314,314,dismiss,verb,B2,cefrj-v1.5,0.97,5,83877,,,3.85
3315,315,corporation,noun,B2,cefrj-v1.5,0.97,5,667600,,,4.59
3316,316,carnival,noun,B2,cefrj-v1.5,0.97,5,110939,,,3.86
3317,317,radar,noun,B2,cefrj-v1.5,0.97,5,216721,,,4.2
3318,318,estimate,noun,B2,cefrj-v1.5,0.97,5,339827,,,4.29
3319,319,conception,noun,B2,cefrj-v1.5,0.97,5,93186,,,3.75
3320,320,attendance,noun,B2,cefrj-v1.5,0.97,5,241037,,,4.17
3321,321,horizontal,noun,B2,model:multinomial-logit-v1,0.334,5,165402,,,3.9
3322,322,billion,noun,B2,cefrj-v1.5,0.97,5,1084228,,,4.75
3323,323,thrill,noun,B2,cefrj-v1.5,0.97,5,89518,,,3.72
3324,324,winding,noun,B2,cefrj-v1.5,0.97,5,82540,,,3.71
3325,325,proven,verb,B2,cefrj-v1.5,0.97,5,412672,,,4.33
3326,326,rider,noun,B2,cefrj-v1.5,0.97,5,186368,,,4.02
3327,327,convention,noun,B2,cefrj-v1.5,0.97,5,432116,,,4.5
3328,328,elegant,adjective,B2,cefrj-v1.5,0.97,5,262941,,,3.95
3329,329,velocity,noun,B2,model:multinomial-logit-v1,0.2894,5,126558,,,3.92
3330,330,exclusively,adverb,B2,cefrj-v1.5,0.97,5,269400,,,4.24
3331,331,cabinet,noun,B2,cefrj-v1.5,0.97,5,373322,,,4.49
3332,332,risky,adjective,B2,cefrj-v1.5,0.97,5,106039,,,3.94
3333,333,drain,noun,B2,cefrj-v1.5,0.97,5,240980,,,4.07
3334,334,barrier,noun,B2,cefrj-v1.5,0.97,5,239811,,,4.15
3335,335,interior,noun,B2,cefrj-v1.5,0.97,5,723688,,,4.55
3336,336,torture,noun,B2,cefrj-v1.5,0.97,5,142925,,,4.15
3337,337,budget,noun,B2,cefrj-v1.5,0.97,5,1164735,,,4.82
3338,338,herb,noun,B2,cefrj-v1.5,0.97,5,128899,,,3.77
3339,339,breed,noun,B2,cefrj-v1.5,0.97,5,204192,,,4.08
3340,340,battlefield,noun,B2,cefrj-v1.5,0.97,5,90539,,,3.93
3341,341,reform,noun,B2,cefrj-v1.5,0.97,5,430399,,,4.53
3342,342,microphone,noun,B2,cefrj-v1.5,0.97,5,105616,,,3.72
3343,343,scandal,noun,B2,cefrj-v1.5,0.97,5,148983,,,4.17
3344,344,scar,noun,B2,cefrj-v1.5,0.97,5,77170,,,3.77
3345,345,certificate,noun,B2,cefrj-v1.5,0.97,5,490736,,,4.29
3346,346,merchandise,noun,B2,cefrj-v1.5,0.97,5,172691,,,3.93
3347,347,overtime,noun,B2,cefrj-v1.5,0.97,5,123174,,,3.94
3348,348,spark,noun,B2,cefrj-v1.5,0.97,5,180448,,,3.99
3349,349,miniature,noun,B2,cefrj-v1.5,0.97,5,94373,,,3.72
3350,350,patch,noun,B2,cefrj-v1.5,0.97,5,269134,,,4.2
3351,351,resolution,noun,B2,cefrj-v1.5,0.97,5,654517,,,4.59
3352,352,leak,noun,B2,cefrj-v1.5,0.97,5,166332,,,4.09
3353,353,disposal,noun,B2,cefrj-v1.5,0.97,5,202651,,,4.0
3354,354,alliance,noun,B2,cefrj-v1.5,0.97,5,429641,,,4.4
3355,355,goat,noun,B2,cefrj-v1.5,0.97,5,121940,,,4.02
3356,356,cane,noun,B2,cefrj-v1.5,0.97,5,84272,,,3.76
3357,357,execute,verb,B2,cefrj-v1.5,0.97,5,166167,,,3.95
3358,358,destiny,noun,B2,cefrj-v1.5,0.97,5,141235,,,4.19
3359,359,porch,noun,B2,cefrj-v1.5,0.97,5,124286,,,3.85
3360,360,ash,noun,B2,cefrj-v1.5,0.97,5,170052,,,4.16
3361,361,frontier,noun,B2,cefrj-v1.5,0.97,5,134267,,,3.97
3362,362,necessarily,adverb,B2,cefrj-v1.5,0.97,5,388054,,,4.48
3363,363,dip,noun,B2,cefrj-v1.5,0.97,5,151978,,,4.05
3364,364,deliberate,verb,B2,cefrj-v1.5,0.97,5,83128,,,3.82
3365,365,injection,noun,B2,cefrj-v1.5,0.97,5,202934,,,3.99
3366,366,completion,noun,B2,cefrj-v1.5,0.97,5,341356,,,4.22
3367,367,flesh,noun,B2,cefrj-v1.5,0.97,5,199112,,,4.2
3368,368,terrace,noun,B2,cefrj-v1.5,0.97,5,141551,,,3.88
3369,369,retrieve,verb,B2,cefrj-v1.5,0.97,5,88962,,,3.69
3370,370,spectacle,noun,B2,cefrj-v1.5,0.97,5,54469,,,3.61
3371,371,mill,noun,B2,cefrj-v1.5,0.97,5,388910,,,4.38
3372,372,justify,verb,B2,cefrj-v1.5,0.97,5,129894,,,4.14
3373,373,scent,noun,B2,cefrj-v1.5,0.97,5,132643,,,3.82
3374,374,version,noun,B2,cefrj-v1.5,0.97,5,2182032,,,5.07
3375,375,satisfactory,adjective,B2,cefrj-v1.5,0.97,5,70777,,,3.57
3376,376,unaware,adjective,B2,cefrj-v1.5,0.97,5,90917,,,3.87
3377,377,media,noun,B2,cefrj-v1.5,0.97,5,3666077,,,5.3
3378,378,genius,noun,B2,cefrj-v1.5,0.97,5,177931,,,4.33
3379,379,bizarre,adjective,B2,cefrj-v1.5,0.97,5,94678,,,4.02
3380,380,norm,noun,B2,model:multinomial-logit-v1,0.328,5,126482,,,3.93
3381,381,remaining,verb,B2,cefrj-v1.5,0.97,5,665555,,,4.63
3382,382,belongings,noun,B2,cefrj-v1.5,0.97,5,72114,,,3.56
3383,383,triangle,noun,B2,cefrj-v1.5,0.97,5,136247,,,3.93
3384,384,cone,noun,B2,cefrj-v1.5,0.97,5,117280,,,3.83
3385,385,replacement,noun,B2,cefrj-v1.5,0.97,5,592418,,,4.44
3386,386,dominate,verb,B2,cefrj-v1.5,0.97,5,93699,,,3.87
3387,387,initiative,noun,B2,cefrj-v1.5,0.97,5,533061,,,4.36
3388,388,discharge,noun,B2,cefrj-v1.5,0.97,5,174010,,,3.93
3389,389,subtle,adjective,B2,cefrj-v1.5,0.97,5,215255,,,4.08
3390,390,antique,noun,B2,cefrj-v1.5,0.97,5,141999,,,3.86
3391,391,bounce,noun,B2,cefrj-v1.5,0.97,5,124915,,,4.02
3392,392,territory,noun,B2,cefrj-v1.5,0.97,5,516414,,,4.6
3393,393,cable,noun,B2,cefrj-v1.5,0.97,5,612774,,,4.54
3394,394,serial,noun,B2,cefrj-v1.5,0.97,5,218585,,,4.23
3395,395,recreation,noun,B2,cefrj-v1.5,0.97,5,235782,,,4.04
3396,396,beat,noun,B2,cefrj-v1.5,0.97,5,811081,,,5.01
3397,397,goodwill,noun,B2,cefrj-v1.5,0.97,5,60114,,,3.67
3398,398,literally,adverb,B2,cefrj-v1.5,0.97,5,375012,,,4.91
3399,399,dim,verb,B2,cefrj-v1.5,0.97,5,67175,,,3.62
3400,400,bind,noun,B2,cefrj-v1.5,0.97,5,84645,,,3.75
3401,401,orientation,noun,B2,model:multinomial-logit-v1,0.3252,5,205449,,,4.05
3402,402,thoughtful,adjective,B2,cefrj-v1.5,0.97,5,133060,,,3.83
3403,403,pedal,noun,B2,cefrj-v1.5,0.97,5,86641,,,3.64
3404,404,investigator,noun,B2,cefrj-v1.5,0.97,5,100728,,,3.83
3405,405,gently,adverb,B2,cefrj-v1.5,0.97,5,239356,,,4.08
3406,406,participation,noun,B2,cefrj-v1.5,0.97,5,443473,,,4.33
3407,407,jury,noun,B2,cefrj-v1.5,0.97,5,311956,,,4.49
3408,408,splash,noun,B2,cefrj-v1.5,0.97,5,101894,,,3.85
3409,409,commerce,noun,B2,cefrj-v1.5,0.97,5,514739,,,4.37
3410,410,extensive,adjective,B2,cefrj-v1.5,0.97,5,607471,,,4.49
3411,411,steer,noun,B2,cefrj-v1.5,0.97,5,81121,,,3.72
3412,412,factor,noun,B2,cefrj-v1.5,0.97,5,752363,,,4.67
3413,413,confront,verb,B2,cefrj-v1.5,0.97,5,84227,,,3.8
3414,414,buzz,noun,B2,cefrj-v1.5,0.97,5,136671,,,4.05
3415,415,trader,noun,B2,cefrj-v1.5,0.97,5,106469,,,3.77
3416,416,publicity,noun,B2,cefrj-v1.5,0.97,5,113213,,,4.0
3417,417,rim,noun,B2,cefrj-v1.5,0.97,5,115966,,,3.85
3418,418,novelty,noun,B2,cefrj-v1.5,0.97,5,59685,,,3.66
3419,419,mortar,noun,B2,cefrj-v1.5,0.97,5,90472,,,3.75
3420,420,multiple,noun,B2,cefrj-v1.5,0.97,5,1799679,,,4.92
3421,421,nationwide,adjective,B2,cefrj-v1.5,0.97,5,236940,,,4.07
3422,422,publication,noun,B2,cefrj-v1.5,0.97,5,606359,,,4.45
3423,423,tough,noun,B2,cefrj-v1.5,0.97,5,621488,,,4.77
3424,424,passionate,adjective,B2,cefrj-v1.5,0.97,5,267861,,,4.09
3425,425,independently,adverb,B2,cefrj-v1.5,0.97,5,198835,,,4.06
3426,426,valid,adjective,B2,cefrj-v1.5,0.97,5,401192,,,4.38
3427,427,fluid,noun,B2,cefrj-v1.5,0.97,5,323992,,,4.22
3428,428,ramp,noun,B2,cefrj-v1.5,0.97,5,97087,,,3.83
3429,429,openly,adverb,B2,cefrj-v1.5,0.97,5,133030,,,4.11
3430,430,probable,noun,B2,cefrj-v1.5,0.97,5,85217,,,3.79
3431,431,considering,verb,B2,cefrj-v1.5,0.97,5,655057,,,4.64
3432,432,enforce,verb,B2,cefrj-v1.5,0.97,5,111045,,,3.96
3433,433,knot,noun,B2,cefrj-v1.5,0.97,5,75483,,,3.72
3434,434,eligible,adjective,B2,cefrj-v1.5,0.97,5,439534,,,4.29
3435,435,rape,noun,B2,cefrj-v1.5,0.97,5,193499,,,4.48
3436,436,prestige,noun,B2,cefrj-v1.5,0.97,5,72278,,,3.75
3437,437,salary,noun,B2,cefrj-v1.5,0.97,5,352218,,,4.36
3438,438,backward,adjective,B2,cefrj-v1.5,0.97,5,74916,,,3.71
3439,439,madness,noun,B2,cefrj-v1.5,0.97,5,102586,,,3.97
3440,440,sail,noun,B2,cefrj-v1.5,0.97,5,139667,,,4.01
3441,441,clause,noun,B2,cefrj-v1.5,0.97,5,156030,,,3.99
3442,442,exceptionally,adverb,B2,cefrj-v1.5,0.97,5,93181,,,3.74
3443,443,compensation,noun,B2,cefrj-v1.5,0.97,5,416102,,,4.33
3444,444,melody,noun,B2,cefrj-v1.5,0.97,5,109726,,,3.81
3445,445,await,verb,B2,cefrj-v1.5,0.97,5,61832,,,3.63
3446,446,proposed,verb,B2,cefrj-v1.5,0.97,5,738237,,,4.71
3447,447,exceptional,adjective,B2,cefrj-v1.5,0.97,5,351019,,,4.05
3448,448,preliminary,noun,B2,cefrj-v1.5,0.97,5,207861,,,4.16
3449,449,profitable,adjective,B2,cefrj-v1.5,0.97,5,162496,,,4.03
3450,450,dynamic,noun,B2,cefrj-v1.5,0.97,5,546503,,,4.31
3451,451,constant,noun,B2,cefrj-v1.5,0.97,5,530483,,,4.54
3452,452,estimated,verb,B2,cefrj-v1.5,0.97,5,568535,,,4.62
3453,453,sharply,adverb,B2,cefrj-v1.5,0.97,5,70315,,,3.89
3454,454,fleet,noun,B2,cefrj-v1.5,0.97,5,378574,,,4.33
3455,455,rocky,adjective,B2,cefrj-v1.5,0.97,5,220740,,,4.16
3456,456,berry,noun,B2,cefrj-v1.5,0.97,5,136488,,,3.97
3457,457,existing,verb,B2,cefrj-v1.5,0.97,5,1117742,,,4.75
3458,458,peach,noun,B2,cefrj-v1.5,0.97,5,85879,,,3.77
3459,459,generosity,noun,B2,cefrj-v1.5,0.97,5,72731,,,3.62
3460,460,dose,noun,B2,cefrj-v1.5,0.97,5,296953,,,4.2
3461,461,fascinated,verb,B2,cefrj-v1.5,0.97,5,67443,,,3.6
3462,462,sector,noun,B2,cefrj-v1.5,0.97,5,999137,,,4.66
3463,463,informal,adjective,B2,cefrj-v1.5,0.97,5,144276,,,3.87
3464,464,offence,noun,B2,cefrj-v1.5,0.97,5,75453,,,3.96
3465,465,bolt,noun,B2,cefrj-v1.5,0.97,5,134207,,,4.04
3466,466,competent,adjective,B2,cefrj-v1.5,0.97,5,122496,,,3.92
3467,467,supernatural,noun,B2,cefrj-v1.5,0.97,5,93566,,,3.89
3468,468,convert,noun,B2,cefrj-v1.5,0.97,5,280136,,,4.11
3469,469,popularity,noun,B2,cefrj-v1.5,0.97,5,329225,,,4.24
3470,470,assumption,noun,B2,cefrj-v1.5,0.97,5,123172,,,4.07
3471,471,crab,noun,B2,cefrj-v1.5,0.97,5,84838,,,3.76
3472,472,involvement,noun,B2,cefrj-v1.5,0.97,5,311995,,,4.3
3473,473,muddy,verb,B2,cefrj-v1.5,0.97,5,53528,,,3.6
3474,474,lease,noun,B2,cefrj-v1.5,0.97,5,260052,,,4.17
3475,475,later,adjective,B2,cefrj-v1.5,0.97,5,4600001,,,5.49
3476,476,acquisition,noun,B2,cefrj-v1.5,0.97,5,319212,,,4.26
3477,477,digest,noun,B2,cefrj-v1.5,0.97,5,99422,,,3.71
3478,478,thrilling,verb,B2,cefrj-v1.5,0.97,5,89463,,,3.61
3479,479,portion,noun,B2,cefrj-v1.5,0.97,5,548137,,,4.53
3480,480,abandoned,verb,B2,cefrj-v1.5,0.97,5,286475,,,4.4
3481,481,jaw,noun,B2,cefrj-v1.5,0.97,5,173852,,,3.98
3482,482,heritage,noun,B2,cefrj-v1.5,0.97,5,658793,,,4.36
3483,483,caring,noun,B2,cefrj-v1.5,0.97,5,235832,,,4.2
3484,484,cope,noun,B2,cefrj-v1.5,0.97,5,156136,,,4.04
3485,485,pirate,noun,B2,cefrj-v1.5,0.97,5,95510,,,3.96
3486,486,valentine,noun,B2,cefrj-v1.5,0.97,5,171466,,,3.77
3487,487,interpretation,noun,B2,cefrj-v1.5,0.97,5,281418,,,4.22
3488,488,imply,verb,B2,cefrj-v1.5,0.97,5,78827,,,3.83
3489,489,journalism,noun,B2,cefrj-v1.5,0.97,5,228930,,,4.12
3490,490,keeper,noun,B2,cefrj-v1.5,0.97,5,98106,,,4.02
3491,491,enterprise,noun,B2,cefrj-v1.5,0.97,5,645044,,,4.38
3492,492,acute,noun,B2,cefrj-v1.5,0.97,5,205563,,,4.0
3493,493,dye,noun,B2,cefrj-v1.5,0.97,5,97196,,,3.82
3494,494,god,noun,B2,cefrj-v1.5,0.97,5,4089227,,,5.57
3495,495,laundry,noun,B2,cefrj-v1.5,0.97,5,222156,,,4.06
3496,496,temptation,noun,B2,cefrj-v1.5,0.97,5,71579,,,3.72
3497,497,expansion,noun,B2,cefrj-v1.5,0.97,5,498461,,,4.54
3498,498,plum,noun,B2,cefrj-v1.5,0.97,5,59658,,,3.55
3499,499,consultant,noun,B2,cefrj-v1.5,0.97,5,284114,,,4.13
3500,500,lid,noun,B2,cefrj-v1.5,0.97,5,141859,,,3.81
3501,501,rejection,noun,B2,cefrj-v1.5,0.97,5,105147,,,3.9
3502,502,offense,noun,B2,cefrj-v1.5,0.97,5,268219,,,4.26
3503,503,defect,noun,B2,model:multinomial-logit-v1,0.332,5,78884,,,3.68
3504,504,detailed,verb,B2,cefrj-v1.5,0.97,5,738246,,,4.51
3505,505,catastrophe,noun,B2,cefrj-v1.5,0.97,5,49449,,,3.56
3506,506,instantly,adverb,B2,cefrj-v1.5,0.97,5,268420,,,4.23
3507,507,packet,noun,B2,cefrj-v1.5,0.97,5,106489,,,3.77
3508,508,gang,noun,B2,cefrj-v1.5,0.97,5,273543,,,4.5
3509,509,unconscious,noun,B2,cefrj-v1.5,0.97,5,95428,,,3.94
3510,510,glow,noun,B2,cefrj-v1.5,0.97,5,135005,,,3.91
3511,511,idle,noun,B2,cefrj-v1.5,0.97,5,79872,,,3.7
3512,512,observer,noun,B2,cefrj-v1.5,0.97,5,113867,,,3.91
3513,513,trivial,adjective,B2,cefrj-v1.5,0.97,5,48371,,,3.66
3514,514,limb,noun,B2,cefrj-v1.5,0.97,5,66455,,,3.7
3515,515,panel,noun,B2,cefrj-v1.5,0.97,5,827753,,,4.55
3516,516,opponent,noun,B2,cefrj-v1.5,0.97,5,203638,,,4.2
3517,517,midst,noun,B2,cefrj-v1.5,0.97,5,131358,,,3.89
3518,518,wage,noun,B2,cefrj-v1.5,0.97,5,226102,,,4.44
3519,519,disposition,noun,B2,cefrj-v1.5,0.97,5,60001,,,3.48
3520,520,decisive,adjective,B2,cefrj-v1.5,0.97,5,78199,,,3.8
3521,521,statistics,noun,B2,cefrj-v1.5,0.97,5,684034,,,4.6
3522,522,dedication,noun,B2,cefrj-v1.5,0.97,5,209227,,,3.96
3523,523,sophisticated,verb,B2,cefrj-v1.5,0.97,5,248102,,,4.05
3524,524,grim,adjective,B2,cefrj-v1.5,0.97,5,55884,,,3.69
3525,525,investment,noun,B2,cefrj-v1.5,0.97,5,1477128,,,4.84
3526,526,refrain,noun,B2,cefrj-v1.5,0.97,5,59826,,,3.63
3527,527,rib,noun,B2,cefrj-v1.5,0.97,5,60273,,,3.59
3528,528,backyard,noun,B2,cefrj-v1.5,0.97,5,152742,,,3.87
3529,529,dilemma,noun,B2,cefrj-v1.5,0.97,5,71473,,,3.73
3530,530,virtually,adverb,B2,cefrj-v1.5,0.97,5,275929,,,4.26
3531,531,instinct,noun,B2,cefrj-v1.5,0.97,5,65447,,,3.86
3532,532,owl,noun,B2,cefrj-v1.5,0.97,5,90788,,,3.87
3533,533,regardless,adjective,B2,cefrj-v1.5,0.97,5,523627,,,4.48
3534,534,queer,noun,B2,cefrj-v1.5,0.97,5,87119,,,3.76
3535,535,decade,noun,B2,cefrj-v1.5,0.97,5,499926,,,4.52
3536,536,mercy,noun,B2,cefrj-v1.5,0.97,5,216245,,,4.25
3537,537,whereas,other,B2,cefrj-v1.5,0.97,5,354443,,,4.41
3538,538,alongside,adverb,B2,cefrj-v1.5,0.97,5,572653,,,4.45
3539,539,ignorance,noun,B2,cefrj-v1.5,0.97,5,83277,,,4.04
3540,540,waist,noun,B2,cefrj-v1.5,0.97,5,143582,,,3.96
3541,541,spare,noun,B2,cefrj-v1.5,0.97,5,300575,,,4.28
3542,542,microscopy,noun,B2,cefrj-v1.5,0.97,4,41507,,,3.26
3543,543,gaze,noun,B2,cefrj-v1.5,0.97,5,80744,,,3.7
3544,544,bidding,noun,B2,cefrj-v1.5,0.97,5,85751,,,3.81
3545,545,engagement,noun,B2,cefrj-v1.5,0.97,5,675146,,,4.31
3546,546,doom,noun,B2,cefrj-v1.5,0.97,5,83936,,,3.81
3547,547,yield,noun,B2,cefrj-v1.5,0.97,5,275396,,,4.16
3548,548,seldom,adverb,B2,cefrj-v1.5,0.97,5,65627,,,3.63
3549,549,sincere,adjective,B2,cefrj-v1.5,0.97,5,82773,,,3.84
3550,550,mist,noun,B2,cefrj-v1.5,0.97,5,79260,,,3.67
3551,551,banker,noun,B2,cefrj-v1.5,0.97,5,79977,,,3.78
3552,552,impose,verb,B2,cefrj-v1.5,0.97,5,103288,,,3.92
3553,553,possessed,verb,B2,cefrj-v1.5,0.97,5,87721,,,3.85
3554,554,cue,noun,B2,model:multinomial-logit-v1,0.2311,5,70384,,,3.75
3555,555,backwards,adverb,B2,cefrj-v1.5,0.97,5,93367,,,4.04
3556,556,morality,noun,B2,cefrj-v1.5,0.97,5,78260,,,3.86
3557,557,revenue,noun,B2,cefrj-v1.5,0.97,5,729581,,,4.64
3558,558,hospitality,noun,B2,cefrj-v1.5,0.97,5,202094,,,3.9
3559,559,draft,noun,B2,cefrj-v1.5,0.97,5,593948,,,4.61
3560,560,ranger,noun,B2,cefrj-v1.5,0.97,5,101992,,,3.88
3561,561,core,noun,B2,cefrj-v1.5,0.97,5,1186814,,,4.73
3562,562,outcome,noun,B2,cefrj-v1.5,0.97,5,386595,,,4.35
3563,563,offshore,adjective,B2,cefrj-v1.5,0.97,5,160207,,,3.91
3564,564,reluctant,adjective,B2,cefrj-v1.5,0.97,5,87337,,,3.81
3565,565,nerve,noun,B2,cefrj-v1.5,0.97,5,220805,,,4.19
3566,566,comfortably,adverb,B2,cefrj-v1.5,0.97,5,103909,,,3.74
3567,567,reed,noun,B2,cefrj-v1.5,0.97,5,171573,,,4.07
3568,568,employee,noun,B2,cefrj-v1.5,0.97,5,738342,,,4.5
3569,569,altar,noun,B2,cefrj-v1.5,0.97,5,94845,,,3.8
3570,570,diversion,noun,B2,cefrj-v1.5,0.97,5,45099,,,3.51
3571,571,purchase,noun,B2,cefrj-v1.5,0.97,5,1460757,,,4.71
3572,572,spectrum,noun,B2,model:multinomial-logit-v1,0.3379,5,321878,,,4.26
3573,573,manual,noun,B2,cefrj-v1.5,0.97,5,604845,,,4.32
3574,574,violate,verb,B2,cefrj-v1.5,0.97,5,75066,,,3.75
3575,575,sue,noun,B2,cefrj-v1.5,0.97,5,201473,,,4.22
3576,576,impulse,noun,B2,cefrj-v1.5,0.97,5,73106,,,3.72
3577,577,duplicate,noun,B2,cefrj-v1.5,0.97,5,86026,,,3.59
3578,578,ridge,noun,B2,cefrj-v1.5,0.97,5,262910,,,4.12
3579,579,interruption,noun,B2,cefrj-v1.5,0.97,5,48647,,,3.36
3580,580,outrage,noun,B2,cefrj-v1.5,0.97,5,54557,,,3.84
3581,581,coconut,noun,B2,cefrj-v1.5,0.97,5,242068,,,3.88
3582,582,sympathetic,adjective,B2,cefrj-v1.5,0.97,5,65485,,,3.81
3583,583,mentor,noun,B2,cefrj-v1.5,0.97,5,176480,,,3.93
3584,584,burial,noun,B2,cefrj-v1.5,0.97,5,132736,,,3.9
3585,585,axis,noun,B2,cefrj-v1.5,0.97,5,185279,,,4.02
3586,586,focus,noun,B2,cefrj-v1.5,0.97,5,2122722,,,5.0
3587,587,perspective,noun,B2,cefrj-v1.5,0.97,5,619829,,,4.56
3588,588,donation,noun,B2,cefrj-v1.5,0.97,5,247803,,,4.0
3589,589,outfit,noun,B2,cefrj-v1.5,0.97,5,209102,,,4.22
3590,590,approximate,verb,B2,cefrj-v1.5,0.97,5,82519,,,3.64
3591,591,adopted,verb,B2,cefrj-v1.5,0.97,5,438667,,,4.51
3592,592,evolution,noun,B2,cefrj-v1.5,0.97,5,426957,,,4.41
3593,593,urban,adjective,B2,cefrj-v1.5,0.97,5,796870,,,4.65
3594,594,undertake,verb,B2,cefrj-v1.5,0.97,5,104613,,,3.73
3595,595,stain,noun,B2,cefrj-v1.5,0.97,5,100887,,,3.7
3596,596,stack,noun,B2,cefrj-v1.5,0.97,5,221089,,,4.05
3597,597,stiff,noun,B2,cefrj-v1.5,0.97,5,104093,,,3.9
3598,598,employ,noun,B2,cefrj-v1.5,0.97,5,173379,,,3.96
3599,599,boiling,noun,B2,cefrj-v1.5,0.97,5,95245,,,3.75
3600,600,yacht,noun,B2,cefrj-v1.5,0.97,5,120831,,,3.82
3601,601,gardener,noun,B2,cefrj-v1.5,0.97,5,54302,,,3.49
3602,602,unreliable,adjective,B2,cefrj-v1.5,0.97,5,42333,,,3.53
3603,603,ban,noun,B2,cefrj-v1.5,0.97,5,370974,,,4.55
3604,604,energy,noun,B2,cefrj-v1.5,0.97,5,3466850,,,5.23
3605,605,peer,noun,B2,cefrj-v1.5,0.97,5,304983,,,4.14
3606,606,remarkably,adverb,B2,cefrj-v1.5,0.97,5,75975,,,3.77
3607,607,pastor,noun,B2,cefrj-v1.5,0.97,5,205436,,,4.08
3608,608,revelation,noun,B2,cefrj-v1.5,0.97,5,142068,,,3.96
3609,609,coral,noun,B2,cefrj-v1.5,0.97,5,154977,,,3.86
3610,610,privately,adverb,B2,cefrj-v1.5,0.97,5,127833,,,4.01
3611,611,conversion,noun,B2,cefrj-v1.5,0.97,5,367024,,,4.24
3612,612,improved,verb,B2,cefrj-v1.5,0.97,5,761007,,,4.61
3613,613,remark,noun,B2,cefrj-v1.5,0.97,5,57217,,,3.66
3614,614,skilled,adjective,B2,cefrj-v1.5,0.97,5,320658,,,4.13
3615,615,mixture,noun,B2,cefrj-v1.5,0.97,5,340243,,,4.18
3616,616,lawsuit,noun,B2,cefrj-v1.5,0.97,5,220619,,,4.09
3617,617,decoration,noun,B2,cefrj-v1.5,0.97,5,134857,,,3.82
3618,618,thoroughly,adverb,B2,cefrj-v1.5,0.97,5,252803,,,4.09
3619,619,prevail,verb,B2,cefrj-v1.5,0.97,5,45936,,,3.55
3620,620,altitude,noun,B2,cefrj-v1.5,0.97,5,133878,,,3.92
3621,621,versus,other,B2,cefrj-v1.5,0.97,5,338227,,,4.32
3622,622,utility,noun,B2,cefrj-v1.5,0.97,5,355386,,,4.27
3623,623,mint,noun,B2,cefrj-v1.5,0.97,5,172277,,,3.92
3624,624,irresistible,adjective,B2,cefrj-v1.5,0.97,5,41861,,,3.47
3625,625,interpreter,noun,B2,cefrj-v1.5,0.97,5,49949,,,3.54
3626,626,pavement,noun,B2,cefrj-v1.5,0.97,5,59216,,,3.61
3627,627,cocoa,noun,B2,cefrj-v1.5,0.97,5,103754,,,3.64
3628,628,mortal,noun,B2,cefrj-v1.5,0.97,5,71268,,,3.86
3629,629,proximity,noun,B2,cefrj-v1.5,0.97,5,140310,,,3.88
3630,630,shrink,noun,B2,cefrj-v1.5,0.97,5,72374,,,3.73
3631,631,alternate,noun,B2,cefrj-v1.5,0.97,5,201402,,,4.11
3632,632,captive,noun,B2,cefrj-v1.5,0.97,5,62026,,,3.7
3633,633,dove,noun,B2,cefrj-v1.5,0.97,5,89993,,,3.67
3634,634,manufacturing,noun,B2,cefrj-v1.5,0.97,5,800192,,,4.56
3635,635,viewer,noun,B2,cefrj-v1.5,0.97,5,145721,,,3.77
3636,636,cocktail,noun,B2,cefrj-v1.5,0.97,5,150851,,,3.89
3637,637,helicopter,noun,B2,cefrj-v1.5,0.97,5,149687,,,4.13
3638,638,rag,noun,B2,cefrj-v1.5,0.97,5,49725,,,3.55
3639,639,worm,noun,B2,cefrj-v1.5,0.97,5,74298,,,3.77
3640,640,financially,adverb,B2,cefrj-v1.5,0.97,5,142271,,,3.98
3641,641,pandemic,noun,B2,cefrj-v1.5,0.97,4,514113,,,3.68
3642,642,specialty,noun,B2,cefrj-v1.5,0.97,5,243822,,,3.89
3643,643,hedge,noun,B2,cefrj-v1.5,0.97,5,101894,,,3.74
3644,644,peacefully,adverb,B2,cefrj-v1.5,0.97,5,47313,,,3.63
3645,645,essentially,adverb,B2,cefrj-v1.5,0.97,5,356155,,,4.42
3646,646,flee,verb,B2,cefrj-v1.5,0.97,5,76518,,,3.81
3647,647,suspend,verb,B2,cefrj-v1.5,0.97,5,59227,,,3.68
3648,648,intrusion,noun,B2,cefrj-v1.5,0.97,5,44823,,,3.42
3649,649,diploma,noun,B2,cefrj-v1.5,0.97,5,165198,,,3.76
3650,650,savings,noun,B2,cefrj-v1.5,0.97,5,531210,,,4.44
3651,651,ambassador,noun,B2,cefrj-v1.5,0.97,5,252100,,,4.35
3652,652,fireplace,noun,B2,cefrj-v1.5,0.97,5,126040,,,3.54
3653,653,tattoo,noun,B2,cefrj-v1.5,0.97,5,147417,,,4.14
3654,654,refuge,noun,B2,cefrj-v1.5,0.97,5,117743,,,3.91
3655,655,moody,noun,B2,cefrj-v1.5,0.97,5,73811,,,3.7
3656,656,soaked,verb,B2,cefrj-v1.5,0.97,5,63971,,,3.66
3657,657,finance,noun,B2,cefrj-v1.5,0.97,5,881135,,,4.65
3658,658,cooperate,verb,B2,cefrj-v1.5,0.97,5,81178,,,3.79
3659,659,hardware,noun,B2,cefrj-v1.5,0.97,5,571138,,,4.3
3660,660,vacant,adjective,B2,cefrj-v1.5,0.97,5,98881,,,3.8
3661,661,liable,adjective,B2,model:multinomial-logit-v1,0.3024,5,156985,,,3.89
3662,662,considerably,adverb,B2,cefrj-v1.5,0.97,5,148440,,,4.0
3663,663,holder,noun,B2,cefrj-v1.5,0.97,5,233717,,,4.21
3664,664,contemporary,noun,B2,cefrj-v1.5,0.97,5,705172,,,4.49
3665,665,anticipation,noun,B2,cefrj-v1.5,0.97,5,82330,,,3.74
3666,666,secondly,adverb,B2,cefrj-v1.5,0.97,5,102581,,,3.85
3667,667,segment,noun,B2,cefrj-v1.5,0.97,5,299845,,,4.26
3668,668,margin,noun,B2,cefrj-v1.5,0.97,5,242254,,,4.27
3669,669,unstable,adjective,B2,model:multinomial-logit-v1,0.2898,5,79099,,,3.87
3670,670,chimney,noun,B2,cefrj-v1.5,0.97,5,77558,,,3.55
3671,671,outline,noun,B2,cefrj-v1.5,0.97,5,187592,,,3.92
3672,672,imitation,noun,B2,cefrj-v1.5,0.97,5,42137,,,3.47
3673,673,blink,noun,B2,cefrj-v1.5,0.97,5,49299,,,3.73
3674,674,conceal,verb,B2,cefrj-v1.5,0.97,5,39298,,,3.52
3675,675,rebel,noun,B2,cefrj-v1.5,0.97,5,133685,,,4.08
3676,676,provision,noun,B2,cefrj-v1.5,0.97,5,301777,,,4.14
3677,677,relieved,verb,B2,cefrj-v1.5,0.97,5,86986,,,3.95
3678,678,furious,adjective,B2,cefrj-v1.5,0.97,5,73919,,,3.98
3679,679,occurrence,noun,B2,model:multinomial-logit-v1,0.3245,5,106049,,,3.77
3680,680,superb,adjective,B2,cefrj-v1.5,0.97,5,153783,,,3.96
3681,681,weave,noun,B2,cefrj-v1.5,0.97,5,61054,,,3.53
3682,682,immortal,noun,B2,cefrj-v1.5,0.97,5,57225,,,3.77
3683,683,substance,noun,B2,cefrj-v1.5,0.97,5,322929,,,4.23
3684,684,chew,noun,B2,cefrj-v1.5,0.97,5,71361,,,3.66
3685,685,contempt,noun,B2,cefrj-v1.5,0.97,5,55873,,,3.74
3686,686,revolutionary,noun,B2,cefrj-v1.5,0.97,5,253616,,,4.17
3687,687,reproduction,noun,B2,model:multinomial-logit-v1,0.3099,5,126423,,,3.79
3688,688,transition,noun,B2,cefrj-v1.5,0.97,5,524095,,,4.46
3689,689,prestigious,adjective,B2,cefrj-v1.5,0.97,5,161020,,,3.86
3690,690,identify,verb,B2,cefrj-v1.5,0.97,5,1011382,,,4.56
3691,691,assurance,noun,B2,cefrj-v1.5,0.97,5,166871,,,3.81
3692,692,donor,noun,B2,model:multinomial-logit-v1,0.314,5,135186,,,3.92
3693,693,relieve,verb,B2,cefrj-v1.5,0.97,5,122940,,,3.77
3694,694,secondary,noun,B2,cefrj-v1.5,0.97,5,598020,,,4.53
3695,695,sufficiently,adverb,B2,cefrj-v1.5,0.97,5,91598,,,3.8
3696,696,foul,noun,B2,cefrj-v1.5,0.97,5,101596,,,4.05
3697,697,haunting,verb,B2,cefrj-v1.5,0.97,5,46567,,,3.52
3698,698,practically,adverb,B2,cefrj-v1.5,0.97,5,167955,,,4.19
3699,699,corresponding,verb,B2,cefrj-v1.5,0.97,5,225598,,,4.13
3700,700,pedestrian,noun,B2,cefrj-v1.5,0.97,5,98028,,,3.71
3701,701,compensate,verb,B2,cefrj-v1.5,0.97,5,71295,,,3.78
3702,702,want,noun,B2,cefrj-v1.5,0.97,5,10174612,,,6.04
3703,703,delta,noun,B2,model:multinomial-logit-v1,0.3009,5,246222,,,4.12
3704,704,rash,noun,B2,cefrj-v1.5,0.97,5,70659,,,3.67
3705,705,analyst,noun,B2,cefrj-v1.5,0.97,5,218868,,,4.03
3706,706,thigh,noun,B2,cefrj-v1.5,0.97,5,54756,,,3.73
3707,707,mate,noun,B2,cefrj-v1.5,0.97,5,200045,,,4.55
3708,708,suppress,verb,B2,cefrj-v1.5,0.97,5,67062,,,3.66
3709,709,stern,noun,B2,cefrj-v1.5,0.97,5,100098,,,3.9
3710,710,bankruptcy,noun,B2,cefrj-v1.5,0.97,5,209514,,,4.11
3711,711,uncommon,adjective,B2,cefrj-v1.5,0.97,5,106692,,,3.87
3712,712,neglect,noun,B2,cefrj-v1.5,0.97,5,102798,,,3.79
3713,713,surrender,noun,B2,cefrj-v1.5,0.97,5,138002,,,4.09
3714,714,squeeze,noun,B2,cefrj-v1.5,0.97,5,111769,,,3.94
3715,715,weed,noun,B2,cefrj-v1.5,0.97,5,133902,,,4.27
3716,716,icy,adjective,B2,cefrj-v1.5,0.97,5,48358,,,3.54
3717,717,conventional,adjective,B2,cefrj-v1.5,0.97,5,351907,,,4.25
3718,718,reasonably,adverb,B2,cefrj-v1.5,0.97,5,150271,,,4.03
3719,719,migration,noun,B2,cefrj-v1.5,0.97,5,258701,,,4.14
3720,720,standby,noun,B2,cefrj-v1.5,0.97,5,40821,,,3.42
3721,721,endurance,noun,B2,cefrj-v1.5,0.97,5,119898,,,3.74
3722,722,particle,noun,B2,cefrj-v1.5,0.97,5,117212,,,3.9
3723,723,supervise,verb,B2,cefrj-v1.5,0.97,5,35558,,,3.32
3724,724,desirable,adjective,B2,cefrj-v1.5,0.97,5,125808,,,3.85
3725,725,listener,noun,B2,cefrj-v1.5,0.97,5,73129,,,3.52
3726,726,ultimately,adverb,B2,cefrj-v1.5,0.97,5,663509,,,4.57
3727,727,tolerate,verb,B2,cefrj-v1.5,0.97,5,76199,,,3.84
3728,728,simulation,noun,B2,model:multinomial-logit-v1,0.3579,5,181204,,,3.94
3729,729,devote,verb,B2,cefrj-v1.5,0.97,5,53514,,,3.53
3730,730,flaw,noun,B2,cefrj-v1.5,0.97,5,44955,,,3.6
3731,731,fulfil,verb,B2,cefrj-v1.5,0.97,5,47267,,,3.55
3732,732,patriot,noun,B2,cefrj-v1.5,0.97,5,64110,,,3.73
3733,733,merge,verb,B2,cefrj-v1.5,0.97,5,96442,,,3.75
3734,734,litter,noun,B2,cefrj-v1.5,0.97,5,95760,,,3.71
3735,735,slam,noun,B2,cefrj-v1.5,0.97,5,104468,,,4.02
3736,736,squash,noun,B2,cefrj-v1.5,0.97,5,101504,,,3.63
3737,737,tutor,noun,B2,cefrj-v1.5,0.97,5,105097,,,3.67
3738,738,electronics,noun,B2,cefrj-v1.5,0.97,5,340058,,,4.19
3739,739,explorer,noun,B2,cefrj-v1.5,0.97,5,175576,,,3.85
3740,740,villa,noun,B2,cefrj-v1.5,0.97,5,261076,,,4.2
3741,741,selective,adjective,B2,model:multinomial-logit-v1,0.3285,5,108916,,,3.88
3742,742,tricky,adjective,B2,cefrj-v1.5,0.97,5,127265,,,3.96
3743,743,bravery,noun,B2,cefrj-v1.5,0.97,5,45677,,,3.59
3744,744,smash,noun,B2,cefrj-v1.5,0.97,5,85688,,,4.09
3745,745,route,noun,B2,cefrj-v1.5,0.97,5,1022212,,,4.67
3746,746,evacuation,noun,B2,cefrj-v1.5,0.97,5,71121,,,3.74
3747,747,doorway,noun,B2,cefrj-v1.5,0.97,5,47205,,,3.51
3748,748,programming,noun,B2,cefrj-v1.5,0.97,5,552708,,,4.37
3749,749,slaughter,noun,B2,cefrj-v1.5,0.97,5,66155,,,3.84
3750,750,paperwork,noun,B2,cefrj-v1.5,0.97,5,113623,,,3.84
3751,751,gauge,noun,B2,model:multinomial-logit-v1,0.3064,5,203661,,,4.02
3752,752,prosper,verb,B2,cefrj-v1.5,0.97,5,38597,,,3.45
3753,753,faculty,noun,B2,cefrj-v1.5,0.97,5,768266,,,4.32
3754,754,servant,noun,B2,cefrj-v1.5,0.97,5,163587,,,4.09
3755,755,blaze,noun,B2,cefrj-v1.5,0.97,5,57355,,,3.69
3756,756,patriotic,adjective,B2,cefrj-v1.5,0.97,5,69753,,,3.79
3757,757,capability,noun,B2,cefrj-v1.5,0.97,5,255063,,,4.07
3758,758,terrifying,verb,B2,cefrj-v1.5,0.97,5,67718,,,3.95
3759,759,biological,adjective,B2,cefrj-v1.5,0.97,5,321891,,,4.31
3760,760,say,noun,B2,cefrj-v1.5,0.97,5,6071288,,,5.89
3761,761,predictable,adjective,B2,cefrj-v1.5,0.97,5,88450,,,3.76
3762,762,interfere,verb,B2,cefrj-v1.5,0.97,5,111818,,,3.88
3763,763,developing,noun,B2,cefrj-v1.5,0.97,5,992045,,,4.66
3764,764,ion,noun,B2,model:multinomial-logit-v1,0.2534,5,146788,,,4.15
3765,765,legislation,noun,B2,cefrj-v1.5,0.97,5,502248,,,4.55
3766,766,gum,noun,B2,cefrj-v1.5,0.97,5,156464,,,3.94
3767,767,transmit,verb,B2,cefrj-v1.5,0.97,5,83151,,,3.67
3768,768,environment,noun,B2,cefrj-v1.5,0.97,5,2069846,,,4.87
3769,769,fabric,noun,B2,cefrj-v1.5,0.97,5,543804,,,4.08
3770,770,likewise,adverb,B2,cefrj-v1.5,0.97,5,253754,,,4.04
3771,771,nightmare,noun,B2,cefrj-v1.5,0.97,5,126024,,,4.19
3772,772,greatness,noun,B2,cefrj-v1.5,0.97,5,57964,,,3.71
3773,773,previously,adverb,B2,cefrj-v1.5,0.97,5,1000597,,,4.83
3774,774,exceed,verb,B2,cefrj-v1.5,0.97,5,172134,,,3.92
3775,775,adjustment,noun,B2,cefrj-v1.5,0.97,5,168733,,,3.88
3776,776,variation,noun,B2,cefrj-v1.5,0.97,5,214374,,,4.08
3777,777,formidable,adjective,B2,cefrj-v1.5,0.97,5,59730,,,3.65
3778,778,desperately,adverb,B2,cefrj-v1.5,0.97,5,94135,,,3.98
3779,779,decorate,verb,B2,cefrj-v1.5,0.97,5,78633,,,3.36
3780,780,overall,noun,B2,cefrj-v1.5,0.97,5,1772697,,,4.9
3781,781,utterly,adverb,B2,cefrj-v1.5,0.97,5,89649,,,4.02
3782,782,loneliness,noun,B2,cefrj-v1.5,0.97,5,66164,,,3.65
3783,783,coarse,adjective,B2,cefrj-v1.5,0.97,5,53005,,,3.41
3784,784,arbitrary,adjective,B2,model:multinomial-logit-v1,0.3313,5,76305,,,3.85
3785,785,overlook,noun,B2,cefrj-v1.5,0.97,5,71298,,,3.53
3786,786,comparable,adjective,B2,model:multinomial-logit-v1,0.3369,5,162512,,,4.08
3787,787,monopoly,noun,B2,model:multinomial-logit-v1,0.3271,5,70264,,,3.84
3788,788,verbal,adjective,B2,cefrj-v1.5,0.97,5,129370,,,3.91
3789,789,relevant,adjective,B2,cefrj-v1.5,0.97,5,896652,,,4.61
3790,790,minister,noun,B2,cefrj-v1.5,0.97,5,1330826,,,5.04
3791,791,humane,adjective,B2,cefrj-v1.5,0.97,5,60446,,,3.62
3792,792,rear,noun,B2,cefrj-v1.5,0.97,5,642269,,,4.43
3793,793,western,noun,B2,cefrj-v1.5,0.97,5,1540607,,,5.01
3794,794,pumpkin,noun,B2,cefrj-v1.5,0.97,5,152806,,,3.83
3795,795,walker,noun,B2,cefrj-v1.5,0.97,5,324952,,,4.42
3796,796,hesitation,noun,B2,cefrj-v1.5,0.97,5,44511,,,3.55
3797,797,memorial,noun,B2,cefrj-v1.5,0.97,5,525993,,,4.41
3798,798,criticism,noun,B2,cefrj-v1.5,0.97,5,288553,,,4.49
3799,799,petty,noun,B2,cefrj-v1.5,0.97,5,81274,,,4.07
3800,800,gambling,noun,B2,cefrj-v1.5,0.97,5,466358,,,4.08
3801,801,dread,noun,B2,cefrj-v1.5,0.97,5,47413,,,3.64
3802,802,coaching,noun,B2,cefrj-v1.5,0.97,5,436439,,,4.29
3803,803,accordingly,adverb,B2,cefrj-v1.5,0.97,5,225940,,,4.02
3804,804,headquarters,noun,B2,cefrj-v1.5,0.97,5,376391,,,4.36
3805,805,astonishing,verb,B2,cefrj-v1.5,0.97,5,58093,,,3.67
3806,806,embassy,noun,B2,cefrj-v1.5,0.97,5,166942,,,4.13
3807,807,cardboard,noun,B2,cefrj-v1.5,0.97,5,89721,,,3.66
3808,808,spray,noun,B2,cefrj-v1.5,0.97,5,303098,,,4.18
3809,809,polar,adjective,B2,model:multinomial-logit-v1,0.2586,5,117637,,,3.96
3810,810,tame,verb,B2,cefrj-v1.5,0.97,5,36790,,,3.56
3811,811,refugee,noun,B2,cefrj-v1.5,0.97,5,123691,,,3.98
3812,812,accommodation,noun,B2,cefrj-v1.5,0.97,5,284577,,,4.06
3813,813,oral,noun,B2,cefrj-v1.5,0.97,5,442261,,,4.26
3814,814,swan,noun,B2,cefrj-v1.5,0.97,5,92917,,,3.84
3815,815,chaotic,adjective,B2,cefrj-v1.5,0.97,5,61346,,,3.67
3816,816,leopard,noun,B2,cefrj-v1.5,0.97,5,62051,,,3.59
3817,817,adventurous,adjective,B2,cefrj-v1.5,0.97,5,65262,,,3.48
3818,818,matrix,noun,B2,model:multinomial-logit-v1,0.3757,5,203311,,,4.07
3819,819,politically,adverb,B2,cefrj-v1.5,0.97,5,124375,,,4.06
3820,820,closure,noun,B2,cefrj-v1.5,0.97,5,199917,,,4.11
3821,821,glamorous,adjective,B2,cefrj-v1.5,0.97,5,47256,,,3.5
3822,822,learning,noun,B2,cefrj-v1.5,0.97,5,2635160,,,4.92
3823,823,promptly,adverb,B2,cefrj-v1.5,0.97,5,149026,,,3.84
3824,824,export,noun,B2,cefrj-v1.5,0.97,5,331168,,,4.24
3825,825,senator,noun,B2,cefrj-v1.5,0.97,5,345342,,,4.58
3826,826,compassion,noun,B2,cefrj-v1.5,0.97,5,173646,,,3.95
3827,827,missile,noun,B2,cefrj-v1.5,0.97,5,159724,,,4.14
3828,828,pentagon,noun,B2,cefrj-v1.5,0.97,5,72167,,,3.7
3829,829,disappearance,noun,B2,cefrj-v1.5,0.97,5,60166,,,3.74
3830,830,surplus,noun,B2,model:multinomial-logit-v1,0.3184,5,87566,,,3.87
3831,831,backup,noun,B2,cefrj-v1.5,0.97,5,319144,,,4.21
3832,832,blooming,noun,B2,cefrj-v1.5,0.97,5,44240,,,3.33
3833,833,plot,noun,B2,cefrj-v1.5,0.97,5,528776,,,4.58
3834,834,pneumonia,noun,B2,cefrj-v1.5,0.97,5,65090,,,3.74
3835,835,disregard,noun,B2,cefrj-v1.5,0.97,5,49214,,,3.66
3836,836,roast,noun,B2,cefrj-v1.5,0.97,5,109414,,,3.87
3837,837,descend,verb,B2,cefrj-v1.5,0.97,5,39485,,,3.51
3838,838,tray,noun,B2,cefrj-v1.5,0.97,5,131816,,,3.75
3839,839,necessity,noun,B2,cefrj-v1.5,0.97,5,160944,,,3.91
3840,840,youthful,adjective,B2,cefrj-v1.5,0.97,5,69075,,,3.58
3841,841,dense,adjective,B2,cefrj-v1.5,0.97,5,152523,,,3.98
3842,842,unacceptable,adjective,B2,cefrj-v1.5,0.97,5,67242,,,3.87
3843,843,profile,noun,B2,cefrj-v1.5,0.97,5,1176197,,,4.82
3844,844,output,noun,B2,cefrj-v1.5,0.97,5,554861,,,4.43
3845,845,undergraduate,noun,B2,cefrj-v1.5,0.97,5,218674,,,3.85
3846,846,cube,noun,B2,cefrj-v1.5,0.97,5,93488,,,3.82
3847,847,mansion,noun,B2,cefrj-v1.5,0.97,5,130509,,,4.02
3848,848,salty,adjective,B2,cefrj-v1.5,0.97,5,54132,,,3.74
3849,849,trait,noun,B2,cefrj-v1.5,0.97,5,68416,,,3.69
3850,850,circumstance,noun,B2,cefrj-v1.5,0.97,5,67525,,,3.66
3851,851,united,verb,B2,cefrj-v1.5,0.97,5,5315723,,,5.47
3852,852,inherit,verb,B2,cefrj-v1.5,0.97,5,48968,,,3.52
3853,853,consistent,adjective,B2,cefrj-v1.5,0.97,5,573134,,,4.48
3854,854,immigrant,noun,B2,cefrj-v1.5,0.97,5,122169,,,4.04
3855,855,distract,verb,B2,cefrj-v1.5,0.97,5,44919,,,3.71
3856,856,extract,noun,B2,cefrj-v1.5,0.97,5,291735,,,4.02
3857,857,ample,adjective,B2,cefrj-v1.5,0.97,5,117329,,,3.71
3858,858,witty,adjective,B2,cefrj-v1.5,0.97,5,43231,,,3.56
3859,859,firstly,adverb,B2,cefrj-v1.5,0.97,5,108456,,,3.73
3860,860,distraction,noun,B2,cefrj-v1.5,0.97,5,67365,,,3.78
3861,861,sustain,verb,B2,cefrj-v1.5,0.97,5,141269,,,3.93
3862,862,statistical,adjective,B2,model:multinomial-logit-v1,0.3683,5,265310,,,4.14
3863,863,sensible,adjective,B2,cefrj-v1.5,0.97,5,101142,,,3.98
3864,864,divided,verb,B2,cefrj-v1.5,0.97,5,422098,,,4.47
3865,865,genre,noun,B2,cefrj-v1.5,0.97,5,307609,,,4.17
3866,866,undoubtedly,adverb,B2,cefrj-v1.5,0.97,5,134750,,,3.88
3867,867,optimistic,adjective,B2,cefrj-v1.5,0.97,5,103888,,,3.87
3868,868,harmless,adjective,B2,cefrj-v1.5,0.97,5,75704,,,3.79
3869,869,tribe,noun,B2,cefrj-v1.5,0.97,5,212823,,,4.12
3870,870,pudding,noun,B2,cefrj-v1.5,0.97,5,61854,,,3.61
3871,871,adoption,noun,B2,cefrj-v1.5,0.97,5,335129,,,4.17
3872,872,bourbon,noun,B2,cefrj-v1.5,0.97,5,70272,,,3.6
3873,873,shaken,verb,B2,cefrj-v1.5,0.97,5,42723,,,3.6
3874,874,cuff,noun,B2,cefrj-v1.5,0.97,5,49490,,,3.51
3875,875,indicator,noun,B2,model:multinomial-logit-v1,0.3279,5,173061,,,3.92
3876,876,surroundings,noun,B2,cefrj-v1.5,0.97,5,152616,,,3.79
3877,877,laser,noun,B2,cefrj-v1.5,0.97,5,407075,,,4.2
3878,878,humiliation,noun,B2,cefrj-v1.5,0.97,5,34391,,,3.55
3879,879,evaluation,noun,B2,cefrj-v1.5,0.97,5,484383,,,4.21
3880,880,fabulous,adjective,B2,cefrj-v1.5,0.97,5,203873,,,4.08
3881,881,caravan,noun,B2,cefrj-v1.5,0.97,5,61007,,,3.62
3882,882,decent,adjective,B2,cefrj-v1.5,0.97,5,287305,,,4.4
3883,883,indulge,verb,B2,cefrj-v1.5,0.97,5,66856,,,3.54
3884,884,postal,adjective,B2,cefrj-v1.5,0.97,5,141885,,,3.94
3885,885,roar,noun,B2,cefrj-v1.5,0.97,5,44868,,,3.7
3886,886,superintendent,noun,B2,cefrj-v1.5,0.97,5,135373,,,3.97
3887,887,forthcoming,adjective,B2,cefrj-v1.5,0.97,5,86346,,,3.75
3888,888,obedience,noun,B2,cefrj-v1.5,0.97,5,65953,,,3.5
3889,889,dated,verb,B2,cefrj-v1.5,0.97,5,220140,,,4.29
3890,890,flap,noun,B2,cefrj-v1.5,0.97,5,54343,,,3.49
3891,891,influential,adjective,B2,cefrj-v1.5,0.97,5,200239,,,4.09
3892,892,thread,noun,B2,cefrj-v1.5,0.97,5,366835,,,4.44
3893,893,payment,noun,B2,cefrj-v1.5,0.97,5,1241849,,,4.66
3894,894,unchanged,adjective,B2,cefrj-v1.5,0.97,5,79692,,,3.74
3895,895,conjunction,noun,B2,cefrj-v1.5,0.97,5,161274,,,3.93
3896,896,decorative,adjective,B2,cefrj-v1.5,0.97,5,168268,,,3.8
3897,897,roam,verb,B2,cefrj-v1.5,0.97,5,39656,,,3.46
3898,898,presumably,adverb,B2,cefrj-v1.5,0.97,5,107830,,,4.06
3899,899,neat,adjective,B2,cefrj-v1.5,0.97,5,170566,,,3.99
3900,900,correspond,verb,B2,cefrj-v1.5,0.97,5,56237,,,3.5
3901,901,slash,noun,B2,cefrj-v1.5,0.97,5,53090,,,3.65
3902,902,urgently,adverb,B2,cefrj-v1.5,0.97,5,39732,,,3.48
3903,903,addicted,verb,B2,cefrj-v1.5,0.97,5,62649,,,3.82
3904,904,fiscal,adjective,B2,cefrj-v1.5,0.97,5,272460,,,4.26
3905,905,incentive,noun,B2,cefrj-v1.5,0.97,5,133828,,,3.97
3906,906,modification,noun,B2,cefrj-v1.5,0.97,5,130888,,,3.77
3907,907,tub,noun,B2,cefrj-v1.5,0.97,5,139736,,,3.85
3908,908,excursion,noun,B2,cefrj-v1.5,0.97,5,46271,,,3.33
3909,909,vector,noun,B2,model:multinomial-logit-v1,0.3678,5,158238,,,3.99
3910,910,database,noun,B2,cefrj-v1.5,0.97,5,679555,,,4.31
3911,911,pharmacist,noun,B2,cefrj-v1.5,0.97,5,51083,,,3.34
3912,912,lush,noun,B2,cefrj-v1.5,0.97,5,102523,,,3.55
3913,913,persistent,adjective,B2,cefrj-v1.5,0.97,5,160087,,,3.9
3914,914,stool,noun,B2,cefrj-v1.5,0.97,5,66215,,,3.52
3915,915,illustration,noun,B2,cefrj-v1.5,0.97,5,135816,,,3.92
3916,916,corporate,adjective,B2,cefrj-v1.5,0.97,5,925385,,,4.64
3917,917,assessment,noun,B2,cefrj-v1.5,0.97,5,745430,,,4.46
3918,918,outsider,noun,B2,cefrj-v1.5,0.97,5,40502,,,3.55
3919,919,upbringing,noun,B2,cefrj-v1.5,0.97,5,34064,,,3.43
3920,920,insufficient,adjective,B2,cefrj-v1.5,0.97,5,108713,,,3.77
3921,921,stride,noun,B2,cefrj-v1.5,0.97,5,40934,,,3.43
3922,922,entity,noun,B2,model:multinomial-logit-v1,0.3603,5,271879,,,4.12
3923,923,patriotism,noun,B2,cefrj-v1.5,0.97,5,31271,,,3.59
3924,924,everlasting,noun,B2,cefrj-v1.5,0.97,5,41246,,,3.44
3925,925,understandable,adjective,B2,cefrj-v1.5,0.97,5,70493,,,3.74
3926,926,arena,noun,B2,cefrj-v1.5,0.97,5,326790,,,4.33
3927,927,sole,noun,B2,model:multinomial-logit-v1,0.251,5,308477,,,4.29
3928,928,abruptly,adverb,B2,cefrj-v1.5,0.97,5,44396,,,3.56
3929,929,tag,noun,B2,cefrj-v1.5,0.97,5,504025,,,4.44
3930,930,varied,verb,B2,cefrj-v1.5,0.97,5,210536,,,4.03
3931,931,addict,noun,B2,cefrj-v1.5,0.97,5,43982,,,3.68
3932,932,potential,noun,B2,cefrj-v1.5,0.97,5,2283979,,,5.01
3933,933,surge,noun,B2,cefrj-v1.5,0.97,5,146625,,,3.82
3934,934,restriction,noun,B2,cefrj-v1.5,0.97,5,97712,,,3.76
3935,935,strand,noun,B2,cefrj-v1.5,0.97,5,80775,,,3.68
3936,936,setback,noun,B2,cefrj-v1.5,0.97,5,35405,,,3.37
3937,937,lava,noun,B2,cefrj-v1.5,0.97,5,68272,,,3.73
3938,938,rival,noun,B2,cefrj-v1.5,0.97,5,187836,,,4.18
3939,939,relay,noun,B2,cefrj-v1.5,0.97,5,154540,,,3.86
3940,940,persuasion,noun,B2,cefrj-v1.5,0.97,5,31021,,,3.33
3941,941,grid,noun,B2,model:multinomial-logit-v1,0.3091,5,338383,,,4.18
3942,942,revenge,noun,B2,cefrj-v1.5,0.97,5,172074,,,4.28
3943,943,pad,noun,B2,cefrj-v1.5,0.97,5,221843,,,4.01
3944,944,stance,noun,B2,model:multinomial-logit-v1,0.3116,5,120860,,,4.05
3945,945,unreasonable,adjective,B2,cefrj-v1.5,0.97,5,49903,,,3.75
3946,946,fame,noun,B2,cefrj-v1.5,0.97,5,366044,,,4.34
3947,947,patron,noun,B2,cefrj-v1.5,0.97,5,92795,,,3.73
3948,948,fascination,noun,B2,cefrj-v1.5,0.97,5,48484,,,3.48
3949,949,arctic,noun,B2,cefrj-v1.5,0.97,5,151917,,,4.03
3950,950,solo,noun,B2,cefrj-v1.5,0.97,5,508300,,,4.61
3951,951,supplement,noun,B2,cefrj-v1.5,0.97,5,280299,,,4.03
3952,952,wipe,noun,B2,cefrj-v1.5,0.97,5,125220,,,4.01
3953,953,condemn,verb,B2,cefrj-v1.5,0.97,5,41994,,,3.72
3954,954,blend,noun,B2,cefrj-v1.5,0.97,5,377297,,,3.95
3955,955,paradox,noun,B2,cefrj-v1.5,0.97,5,48601,,,3.63
3956,956,assembly,noun,B2,cefrj-v1.5,0.97,5,822437,,,4.61
3957,957,sincerity,noun,B2,cefrj-v1.5,0.97,5,30757,,,3.34
3958,958,entrepreneur,noun,B2,cefrj-v1.5,0.97,5,179271,,,3.99
3959,959,console,noun,B2,cefrj-v1.5,0.97,5,224602,,,4.08
3960,960,gateway,noun,B2,cefrj-v1.5,0.97,5,188115,,,3.83
3961,961,lengthy,adjective,B2,cefrj-v1.5,0.97,5,130089,,,3.85
3962,962,motivated,verb,B2,cefrj-v1.5,0.97,5,215601,,,4.14
3963,963,tyranny,noun,B2,cefrj-v1.5,0.97,5,33392,,,3.52
3964,964,configuration,noun,B2,model:multinomial-logit-v1,0.3454,5,318268,,,3.97
3965,965,data,noun,B2,cefrj-v1.5,0.97,5,7192946,,,5.34
3966,966,composite,noun,B2,model:multinomial-logit-v1,0.3306,5,165651,,,3.94
3967,967,distinguished,verb,B2,cefrj-v1.5,0.97,5,262261,,,4.2
3968,968,partition,noun,B2,model:multinomial-logit-v1,0.3641,5,86206,,,3.67
3969,969,repertoire,noun,B2,cefrj-v1.5,0.97,5,64063,,,3.43
3970,970,clarify,verb,B2,cefrj-v1.5,0.97,5,101192,,,3.85
3971,971,coastline,noun,B2,cefrj-v1.5,0.97,5,59977,,,3.51
3972,972,paw,noun,B2,cefrj-v1.5,0.97,5,50264,,,3.48
3973,973,equity,noun,B2,cefrj-v1.5,0.97,5,416303,,,4.3
3974,974,sparkling,noun,B2,cefrj-v1.5,0.97,5,83998,,,3.56
3975,975,luxurious,adjective,B2,cefrj-v1.5,0.97,5,137648,,,3.55
3976,976,cozy,noun,B2,cefrj-v1.5,0.97,5,131221,,,3.64
3977,977,mortgage,noun,B2,cefrj-v1.5,0.97,5,463975,,,4.39
3978,978,crawl,noun,B2,cefrj-v1.5,0.97,5,91089,,,3.77
3979,979,outing,noun,B2,cefrj-v1.5,0.97,5,60454,,,3.5
3980,980,oath,noun,B2,cefrj-v1.5,0.97,5,83810,,,3.96
3981,981,earnings,noun,B2,cefrj-v1.5,0.97,5,276720,,,4.27
3982,982,hierarchy,noun,B2,model:multinomial-logit-v1,0.3487,5,93003,,,3.78
3983,983,inexperienced,adjective,B2,cefrj-v1.5,0.97,5,37437,,,3.5
3984,984,charming,verb,B2,cefrj-v1.5,0.97,5,199387,,,4.07
3985,985,lighting,noun,B2,cefrj-v1.5,0.97,5,641608,,,4.29
3986,986,reconsider,verb,B2,cefrj-v1.5,0.97,5,39812,,,3.63
3987,987,carve,verb,B2,cefrj-v1.5,0.97,5,37679,,,3.41
3988,988,ox,noun,B2,cefrj-v1.5,0.97,5,38342,,,3.47
3989,989,cough,noun,B2,cefrj-v1.5,0.97,5,93833,,,3.95
3990,990,showcase,noun,B2,cefrj-v1.5,0.97,5,246850,,,3.92
3991,991,feedback,noun,B2,cefrj-v1.5,0.97,5,738803,,,4.32
3992,992,dna,noun,B2,cefrj-v1.5,0.97,5,397526,,,4.49
3993,993,wrongly,adverb,B2,cefrj-v1.5,0.97,5,31405,,,3.46
3994,994,audition,noun,B2,cefrj-v1.5,0.97,5,63174,,,3.77
3995,995,consensus,noun,B2,cefrj-v1.5,0.97,5,176649,,,4.1
3996,996,honorable,adjective,B2,cefrj-v1.5,0.97,5,86041,,,3.81
3997,997,salon,noun,B2,cefrj-v1.5,0.97,5,162467,,,3.87
3998,998,getaway,noun,B2,cefrj-v1.5,0.97,5,66007,,,3.51
3999,999,concession,noun,B2,cefrj-v1.5,0.97,5,48392,,,3.57
4000,1000,overly,adverb,B2,cefrj-v1.5,0.97,5,109077,,,3.83
4001,1,house,noun,C1,octanove-c1c2-v1.0,0.95,5,5707382,,,5.71
4002,2,voice,noun,C1,octanove-c1c2-v1.0,0.95,5,1437211,,,5.07
4003,3,behind,noun,C1,octanove-c1c2-v1.0,0.95,5,2270366,,,5.29
4004,4,drive,noun,C1,octanove-c1c2-v1.0,0.95,5,2007869,,,5.13
4005,5,ground,noun,C1,octanove-c1c2-v1.0,0.95,5,1706364,,,5.15
4006,6,rich,noun,C1,octanove-c1c2-v1.0,0.95,5,1230769,,,4.91
4007,7,brief,noun,C1,octanove-c1c2-v1.0,0.95,5,537757,,,4.52
4008,8,tone,noun,C1,octanove-c1c2-v1.0,0.95,5,431048,,,4.49
4009,9,signal,noun,C1,octanove-c1c2-v1.0,0.95,5,602969,,,4.62
4010,10,firm,noun,C1,octanove-c1c2-v1.0,0.95,5,1099297,,,4.79
4011,11,absolute,noun,C1,octanove-c1c2-v1.0,0.95,5,336975,,,4.54
4012,12,condition,noun,C1,octanove-c1c2-v1.0,0.95,5,1198127,,,4.86
4013,13,fit,noun,C1,octanove-c1c2-v1.0,0.95,5,1347820,,,4.95
4014,14,desert,noun,C1,octanove-c1c2-v1.0,0.95,5,351263,,,4.4
4015,15,contract,noun,C1,octanove-c1c2-v1.0,0.95,5,1207775,,,4.94
4016,16,class,noun,C1,octanove-c1c2-v1.0,0.95,5,3321652,,,5.36
4017,17,tune,noun,C1,octanove-c1c2-v1.0,0.95,5,274781,,,4.27
4018,18,nature,noun,C1,octanove-c1c2-v1.0,0.95,5,1867723,,,4.98
4019,19,launch,noun,C1,octanove-c1c2-v1.0,0.95,5,788775,,,4.69
4020,20,recall,noun,C1,octanove-c1c2-v1.0,0.95,5,274382,,,4.4
4021,21,perfect,noun,C1,octanove-c1c2-v1.0,0.95,5,2330807,,,5.2
4022,22,angle,noun,C1,octanove-c1c2-v1.0,0.95,5,343311,,,4.38
4023,23,shed,noun,C1,octanove-c1c2-v1.0,0.95,5,232834,,,4.23
4024,24,burst,noun,C1,octanove-c1c2-v1.0,0.95,5,144877,,,4.15
4025,25,removed,verb,C1,octanove-c1c2-v1.0,0.95,5,713955,,,4.79
4026,26,pace,noun,C1,octanove-c1c2-v1.0,0.95,5,412584,,,4.38
4027,27,anchor,noun,C1,octanove-c1c2-v1.0,0.95,5,178971,,,4.02
4028,28,semantic,adjective,C1,model:multinomial-logit-v1,0.4493,4,50487,,,3.4
4029,29,commission,noun,C1,octanove-c1c2-v1.0,0.95,5,1162803,,,4.91
4030,30,drill,noun,C1,octanove-c1c2-v1.0,0.95,5,187108,,,4.09
4031,31,exotic,adjective,C1,octanove-c1c2-v1.0,0.95,5,140840,,,3.91
4032,32,hanging,noun,C1,octanove-c1c2-v1.0,0.95,5,337726,,,4.5
4033,33,grounds,noun,C1,octanove-c1c2-v1.0,0.95,5,353642,,,4.43
4034,34,contest,noun,C1,octanove-c1c2-v1.0,0.95,5,476265,,,4.53
4035,35,bloom,noun,C1,octanove-c1c2-v1.0,0.95,5,133220,,,3.93
4036,36,subset,noun,C1,model:multinomial-logit-v1,0.4165,4,50657,,,3.53
4037,37,lodge,noun,C1,octanove-c1c2-v1.0,0.95,5,224063,,,4.08
4038,38,campaign,noun,C1,octanove-c1c2-v1.0,0.95,5,1395742,,,5.0
4039,39,harvest,noun,C1,octanove-c1c2-v1.0,0.95,5,221119,,,4.03
4040,40,humble,verb,C1,octanove-c1c2-v1.0,0.95,5,142239,,,4.11
4041,41,premises,noun,C1,octanove-c1c2-v1.0,0.95,5,185132,,,4.02
4042,42,craft,noun,C1,octanove-c1c2-v1.0,0.95,5,463442,,,4.3
4043,43,magnetic,adjective,C1,octanove-c1c2-v1.0,0.95,5,263048,,,4.17
4044,44,carrier,noun,C1,octanove-c1c2-v1.0,0.95,5,301913,,,4.29
4045,45,sacrifice,noun,C1,octanove-c1c2-v1.0,0.95,5,219720,,,4.29
4046,46,vertical,noun,C1,octanove-c1c2-v1.0,0.95,5,300369,,,4.15
4047,47,engineer,noun,C1,octanove-c1c2-v1.0,0.95,5,518939,,,4.5
4048,48,psychiatric,adjective,C1,octanove-c1c2-v1.0,0.95,5,101927,,,3.87
4049,49,frost,noun,C1,octanove-c1c2-v1.0,0.95,5,120458,,,3.95
4050,50,dependent,noun,C1,octanove-c1c2-v1.0,0.95,5,315852,,,4.28
4051,51,sketch,noun,C1,octanove-c1c2-v1.0,0.95,5,141807,,,4.04
4052,52,pupil,noun,C1,octanove-c1c2-v1.0,0.95,5,81252,,,3.81
4053,53,battery,noun,C1,octanove-c1c2-v1.0,0.95,5,845801,,,4.52
4054,54,resort,noun,C1,octanove-c1c2-v1.0,0.95,5,454497,,,4.37
4055,55,inheritance,noun,C1,octanove-c1c2-v1.0,0.95,5,94304,,,3.8
4056,56,jurisdiction,noun,C1,octanove-c1c2-v1.0,0.95,5,227828,,,4.1
4057,57,puzzle,noun,C1,octanove-c1c2-v1.0,0.95,5,193729,,,3.96
4058,58,isolated,verb,C1,octanove-c1c2-v1.0,0.95,5,226892,,,4.24
4059,59,verdict,noun,C1,octanove-c1c2-v1.0,0.95,5,117078,,,4.03
4060,60,automatic,noun,C1,octanove-c1c2-v1.0,0.95,5,483231,,,4.36
4061,61,voluntary,noun,C1,octanove-c1c2-v1.0,0.95,5,172182,,,4.01
4062,62,hostile,noun,C1,octanove-c1c2-v1.0,0.95,5,105303,,,4.07
4063,63,crude,noun,C1,octanove-c1c2-v1.0,0.95,5,121249,,,4.0
4064,64,ego,noun,C1,octanove-c1c2-v1.0,0.95,5,119493,,,4.02
4065,65,institute,noun,C1,octanove-c1c2-v1.0,0.95,5,1410308,,,4.8
4066,66,conviction,noun,C1,octanove-c1c2-v1.0,0.95,5,154861,,,4.14
4067,67,quest,noun,C1,octanove-c1c2-v1.0,0.95,5,258340,,,4.27
4068,68,automatically,adverb,C1,octanove-c1c2-v1.0,0.95,5,563106,,,4.52
4069,69,initiate,noun,C1,model:multinomial-logit-v1,0.3353,5,95584,,,3.74
4070,70,appendix,noun,C1,model:multinomial-logit-v1,0.3393,5,66826,,,3.51
4071,71,elaborate,verb,C1,octanove-c1c2-v1.0,0.95,5,120902,,,4.06
4072,72,provisions,noun,C1,octanove-c1c2-v1.0,0.95,5,286875,,,4.12
4073,73,salvation,noun,C1,octanove-c1c2-v1.0,0.95,5,162521,,,3.95
4074,74,rally,noun,C1,octanove-c1c2-v1.0,0.95,5,229082,,,4.34
4075,75,withdrawal,noun,C1,octanove-c1c2-v1.0,0.95,5,220489,,,4.05
4076,76,circulation,noun,C1,octanove-c1c2-v1.0,0.95,5,203501,,,3.96
4077,77,voluntarily,adverb,C1,octanove-c1c2-v1.0,0.95,5,63630,,,3.72
4078,78,stock,noun,C1,octanove-c1c2-v1.0,0.95,5,1470501,,,4.93
4079,79,fraction,noun,C1,octanove-c1c2-v1.0,0.95,5,121913,,,3.96
4080,80,bliss,noun,C1,octanove-c1c2-v1.0,0.95,5,80141,,,3.78
4081,81,legacy,noun,C1,octanove-c1c2-v1.0,0.95,5,462314,,,4.37
4082,82,calf,noun,C1,octanove-c1c2-v1.0,0.95,5,67165,,,3.71
4083,83,terrain,noun,C1,octanove-c1c2-v1.0,0.95,5,173029,,,3.94
4084,84,privileged,verb,C1,octanove-c1c2-v1.0,0.95,5,77291,,,3.81
4085,85,stray,noun,C1,octanove-c1c2-v1.0,0.95,5,58862,,,3.74
4086,86,nonlinear,adjective,C1,model:multinomial-logit-v1,0.5096,4,31415,,,3.27
4087,87,juvenile,noun,C1,octanove-c1c2-v1.0,0.95,5,114610,,,3.88
4088,88,prevalence,noun,C1,model:multinomial-logit-v1,0.362,4,104908,,,3.66
4089,89,temporal,noun,C1,model:multinomial-logit-v1,0.3416,5,78857,,,3.63
4090,90,obscure,verb,C1,octanove-c1c2-v1.0,0.95,5,75831,,,3.85
4091,91,dominant,noun,C1,octanove-c1c2-v1.0,0.95,5,202489,,,4.23
4092,92,sentiment,noun,C1,octanove-c1c2-v1.0,0.95,5,141514,,,4.03
4093,93,charter,noun,C1,octanove-c1c2-v1.0,0.95,5,273535,,,4.23
4094,94,exploit,noun,C1,octanove-c1c2-v1.0,0.95,5,97507,,,3.83
4095,95,revealing,noun,C1,octanove-c1c2-v1.0,0.95,5,142686,,,3.97
4096,96,fuse,noun,C1,octanove-c1c2-v1.0,0.95,5,74186,,,3.62
4097,97,paddle,noun,C1,octanove-c1c2-v1.0,0.95,5,76326,,,3.49
4098,98,mechanism,noun,C1,octanove-c1c2-v1.0,0.95,5,327275,,,4.27
4099,99,acre,noun,C1,octanove-c1c2-v1.0,0.95,5,152941,,,3.93
4100,100,orchard,noun,C1,octanove-c1c2-v1.0,0.95,5,67679,,,3.57
4101,101,spontaneous,adjective,C1,octanove-c1c2-v1.0,0.95,5,70350,,,3.71
4102,102,duration,noun,C1,octanove-c1c2-v1.0,0.95,5,379073,,,4.14
4103,103,injustice,noun,C1,octanove-c1c2-v1.0,0.95,5,78980,,,3.81
4104,104,whilst,other,C1,octanove-c1c2-v1.0,0.95,5,399228,,,4.38
4105,105,continuity,noun,C1,octanove-c1c2-v1.0,0.95,5,110633,,,3.77
4106,106,speculation,noun,C1,octanove-c1c2-v1.0,0.95,5,105945,,,3.99
4107,107,chill,noun,C1,octanove-c1c2-v1.0,0.95,5,109234,,,4.18
4108,108,maternal,adjective,C1,octanove-c1c2-v1.0,0.95,5,108715,,,3.77
4109,109,cast,noun,C1,octanove-c1c2-v1.0,0.95,5,931105,,,4.79
4110,110,trying,verb,C1,octanove-c1c2-v1.0,0.95,5,2246535,,,5.47
4111,111,adolescent,noun,C1,model:multinomial-logit-v1,0.3277,5,71443,,,3.58
4112,112,gem,noun,C1,octanove-c1c2-v1.0,0.95,5,128645,,,3.87
4113,113,plaster,noun,C1,octanove-c1c2-v1.0,0.95,5,55748,,,3.53
4114,114,explicitly,adverb,C1,model:multinomial-logit-v1,0.3397,5,126371,,,3.96
4115,115,corpus,noun,C1,model:multinomial-logit-v1,0.2976,5,76191,,,3.64
4116,116,purity,noun,C1,octanove-c1c2-v1.0,0.95,5,92848,,,3.69
4117,117,transit,noun,C1,octanove-c1c2-v1.0,0.95,5,288632,,,4.2
4118,118,hence,adverb,C1,octanove-c1c2-v1.0,0.95,5,378796,,,4.38
4119,119,lap,noun,C1,octanove-c1c2-v1.0,0.95,5,217612,,,4.18
4120,120,landscape,noun,C1,octanove-c1c2-v1.0,0.95,5,693950,,,4.36
4121,121,indefinitely,adverb,C1,octanove-c1c2-v1.0,0.95,5,47891,,,3.65
4122,122,bald,verb,C1,octanove-c1c2-v1.0,0.95,5,64607,,,3.83
4123,123,gig,noun,C1,octanove-c1c2-v1.0,0.95,5,101383,,,3.98
4124,124,epidemiology,noun,C1,model:multinomial-logit-v1,0.4903,4,43566,,,3.3
4125,125,tailor,noun,C1,octanove-c1c2-v1.0,0.95,5,142862,,,3.61
4126,126,hack,noun,C1,octanove-c1c2-v1.0,0.95,5,118725,,,4.05
4127,127,fusion,noun,C1,octanove-c1c2-v1.0,0.95,5,192207,,,4.02
4128,128,variability,noun,C1,model:multinomial-logit-v1,0.4605,4,59077,,,3.38
4129,129,pathway,noun,C1,model:multinomial-logit-v1,0.331,5,143365,,,3.77
4130,130,discourse,noun,C1,octanove-c1c2-v1.0,0.95,5,110569,,,3.83
4131,131,man,noun,C1,octanove-c1c2-v1.0,0.95,5,6120963,,,5.82
4132,132,swap,noun,C1,octanove-c1c2-v1.0,0.95,5,128205,,,3.94
4133,133,coverage,noun,C1,octanove-c1c2-v1.0,0.95,5,854492,,,4.63
4134,134,plague,noun,C1,octanove-c1c2-v1.0,0.95,5,82348,,,3.89
4135,135,bypass,noun,C1,octanove-c1c2-v1.0,0.95,5,105153,,,3.76
4136,136,scenario,noun,C1,octanove-c1c2-v1.0,0.95,5,267515,,,4.19
4137,137,restoration,noun,C1,octanove-c1c2-v1.0,0.95,5,341606,,,4.11
4138,138,eccentric,noun,C1,octanove-c1c2-v1.0,0.95,5,47284,,,3.58
4139,139,violet,noun,C1,octanove-c1c2-v1.0,0.95,5,83075,,,3.84
4140,140,prophet,noun,C1,octanove-c1c2-v1.0,0.95,5,142355,,,3.98
4141,141,validity,noun,C1,model:multinomial-logit-v1,0.3683,5,102368,,,3.7
4142,142,forensic,adjective,C1,octanove-c1c2-v1.0,0.95,5,95034,,,3.75
4143,143,wicked,adjective,C1,octanove-c1c2-v1.0,0.95,5,110710,,,3.99
4144,144,erase,verb,C1,model:multinomial-logit-v1,0.2678,5,56065,,,3.66
4145,145,demolition,noun,C1,octanove-c1c2-v1.0,0.95,5,82949,,,3.62
4146,146,tread,noun,C1,octanove-c1c2-v1.0,0.95,5,48701,,,3.52
4147,147,pose,noun,C1,octanove-c1c2-v1.0,0.95,5,200319,,,4.1
4148,148,intervene,verb,C1,model:multinomial-logit-v1,0.3471,5,55400,,,3.65
4149,149,tangled,verb,C1,octanove-c1c2-v1.0,0.95,5,34927,,,3.46
4150,150,customary,adjective,C1,octanove-c1c2-v1.0,0.95,5,54162,,,3.53
4151,151,tomb,noun,C1,octanove-c1c2-v1.0,0.95,5,120626,,,3.89
4152,152,thereby,adverb,C1,octanove-c1c2-v1.0,0.95,5,233262,,,4.03
4153,153,wing,noun,C1,octanove-c1c2-v1.0,0.95,5,535435,,,4.61
4154,154,clinical,adjective,C1,octanove-c1c2-v1.0,0.95,5,854363,,,4.51
4155,155,initiation,noun,C1,model:multinomial-logit-v1,0.3581,5,59716,,,3.52
4156,156,lever,noun,C1,model:multinomial-logit-v1,0.2809,5,75245,,,3.64
4157,157,induction,noun,C1,octanove-c1c2-v1.0,0.95,5,93865,,,3.71
4158,158,marvel,noun,C1,octanove-c1c2-v1.0,0.95,5,215935,,,4.16
4159,159,domination,noun,C1,octanove-c1c2-v1.0,0.95,5,52184,,,3.7
4160,160,apt,adjective,C1,octanove-c1c2-v1.0,0.95,5,71610,,,3.69
4161,161,suspension,noun,C1,octanove-c1c2-v1.0,0.95,5,268181,,,4.24
4162,162,apprentice,noun,C1,octanove-c1c2-v1.0,0.95,5,63754,,,3.7
4163,163,plunge,noun,C1,octanove-c1c2-v1.0,0.95,5,53710,,,3.49
4164,164,irony,noun,C1,octanove-c1c2-v1.0,0.95,5,57958,,,3.86
4165,165,conform,verb,C1,octanove-c1c2-v1.0,0.95,5,57494,,,3.53
4166,166,differential,noun,C1,model:multinomial-logit-v1,0.3651,5,109822,,,3.83
4167,167,harassment,noun,C1,octanove-c1c2-v1.0,0.95,5,141769,,,4.01
4168,168,lateral,noun,C1,model:multinomial-logit-v1,0.3057,5,103508,,,3.75
4169,169,lust,noun,C1,octanove-c1c2-v1.0,0.95,5,58292,,,3.72
4170,170,bulk,noun,C1,octanove-c1c2-v1.0,0.95,5,271704,,,4.19
4171,171,superficial,adjective,C1,octanove-c1c2-v1.0,0.95,5,49042,,,3.56
4172,172,carpenter,noun,C1,octanove-c1c2-v1.0,0.95,5,104065,,,3.81
4173,173,waterfront,noun,C1,octanove-c1c2-v1.0,0.95,5,80531,,,3.56
4174,174,inclusion,noun,C1,octanove-c1c2-v1.0,0.95,5,265186,,,4.02
4175,175,vicious,adjective,C1,octanove-c1c2-v1.0,0.95,5,67589,,,3.83
4176,176,salvage,noun,C1,octanove-c1c2-v1.0,0.95,5,47158,,,3.65
4177,177,scramble,noun,C1,octanove-c1c2-v1.0,0.95,5,34850,,,3.39
4178,178,integral,noun,C1,octanove-c1c2-v1.0,0.95,5,196075,,,3.96
4179,179,discrete,adjective,C1,model:multinomial-logit-v1,0.386,5,62096,,,3.56
4180,180,induce,verb,C1,model:multinomial-logit-v1,0.3575,5,65631,,,3.56
4181,181,testament,noun,C1,octanove-c1c2-v1.0,0.95,5,234434,,,4.07
4182,182,amid,other,C1,octanove-c1c2-v1.0,0.95,5,167325,,,3.95
4183,183,collaboration,noun,C1,octanove-c1c2-v1.0,0.95,5,652334,,,4.28
4184,184,boast,noun,C1,octanove-c1c2-v1.0,0.95,5,54742,,,3.51
4185,185,render,noun,C1,octanove-c1c2-v1.0,0.95,5,120081,,,3.78
4186,186,synthesis,noun,C1,model:multinomial-logit-v1,0.3263,5,137970,,,3.84
4187,187,simplicity,noun,C1,octanove-c1c2-v1.0,0.95,5,133903,,,3.77
4188,188,jersey,noun,C1,octanove-c1c2-v1.0,0.95,5,704466,,,4.66
4189,189,turmoil,noun,C1,octanove-c1c2-v1.0,0.95,5,54526,,,3.52
4190,190,comply,verb,C1,octanove-c1c2-v1.0,0.95,5,226439,,,4.04
4191,191,liaison,noun,C1,octanove-c1c2-v1.0,0.95,5,60630,,,3.58
4192,192,facial,noun,C1,octanove-c1c2-v1.0,0.95,5,234081,,,4.1
4193,193,orient,noun,C1,model:multinomial-logit-v1,0.3591,5,46393,,,3.44
4194,194,refreshing,verb,C1,octanove-c1c2-v1.0,0.95,5,134905,,,3.83
4195,195,rendering,noun,C1,octanove-c1c2-v1.0,0.95,5,113587,,,3.79
4196,196,acceleration,noun,C1,model:multinomial-logit-v1,0.3262,5,85212,,,3.73
4197,197,facilitation,noun,C1,octanove-c1c2-v1.0,0.95,4,26571,,,2.92
4198,198,aesthetic,noun,C1,octanove-c1c2-v1.0,0.95,5,221670,,,4.02
4199,199,plausible,adjective,C1,octanove-c1c2-v1.0,0.95,5,44934,,,3.64
4200,200,preach,verb,C1,octanove-c1c2-v1.0,0.95,5,53904,,,3.69
4201,201,awe,noun,C1,octanove-c1c2-v1.0,0.95,5,84395,,,3.8
4202,202,lump,noun,C1,model:multinomial-logit-v1,0.297,5,60120,,,3.71
4203,203,climax,noun,C1,octanove-c1c2-v1.0,0.95,5,52056,,,3.6
4204,204,critique,noun,C1,model:multinomial-logit-v1,0.3737,5,87775,,,3.83
4205,205,endorsement,noun,C1,octanove-c1c2-v1.0,0.95,5,87787,,,3.75
4206,206,usher,noun,C1,octanove-c1c2-v1.0,0.95,5,40625,,,3.51
4207,207,novice,noun,C1,model:multinomial-logit-v1,0.3738,5,66166,,,3.41
4208,208,anchored,verb,C1,octanove-c1c2-v1.0,0.95,5,51622,,,3.46
4209,209,specimen,noun,C1,octanove-c1c2-v1.0,0.95,5,83727,,,3.72
4210,210,stretching,noun,C1,octanove-c1c2-v1.0,0.95,5,122595,,,3.85
4211,211,criteria,noun,C1,octanove-c1c2-v1.0,0.95,5,412803,,,4.21
4212,212,ruthless,adjective,C1,octanove-c1c2-v1.0,0.95,5,42927,,,3.65
4213,213,hostility,noun,C1,octanove-c1c2-v1.0,0.95,5,41831,,,3.61
4214,214,trajectory,noun,C1,model:multinomial-logit-v1,0.3374,5,70120,,,3.61
4215,215,persecution,noun,C1,octanove-c1c2-v1.0,0.95,5,72045,,,3.72
4216,216,beforehand,adjective,C1,octanove-c1c2-v1.0,0.95,5,66863,,,3.62
4217,217,methodology,noun,C1,model:multinomial-logit-v1,0.4724,5,167575,,,3.82
4218,218,specification,noun,C1,octanove-c1c2-v1.0,0.95,5,133635,,,3.75
4219,219,structural,adjective,C1,octanove-c1c2-v1.0,0.95,5,332570,,,4.18
4220,220,algorithm,noun,C1,model:multinomial-logit-v1,0.438,5,187228,,,4.02
4221,221,exploitation,noun,C1,octanove-c1c2-v1.0,0.95,5,103480,,,3.84
4222,222,muscular,adjective,C1,octanove-c1c2-v1.0,0.95,5,74947,,,3.67
4223,223,occupational,adjective,C1,octanove-c1c2-v1.0,0.95,5,131539,,,3.72
4224,224,periodic,adjective,C1,model:multinomial-logit-v1,0.4048,5,88407,,,3.63
4225,225,prospective,adjective,C1,octanove-c1c2-v1.0,0.95,5,188557,,,3.87
4226,226,pioneer,noun,C1,octanove-c1c2-v1.0,0.95,5,187071,,,3.91
4227,227,slab,noun,C1,model:multinomial-logit-v1,0.3275,5,60796,,,3.49
4228,228,accustomed,verb,C1,octanove-c1c2-v1.0,0.95,5,67811,,,3.64
4229,229,citation,noun,C1,octanove-c1c2-v1.0,0.95,5,149882,,,3.82
4230,230,provocative,adjective,C1,octanove-c1c2-v1.0,0.95,5,41769,,,3.44
4231,231,contextual,adjective,C1,octanove-c1c2-v1.0,0.95,4,38304,,,3.14
4232,232,spatial,adjective,C1,model:multinomial-logit-v1,0.3822,5,136118,,,3.76
4233,233,correlation,noun,C1,model:multinomial-logit-v1,0.3872,5,115666,,,3.86
4234,234,coupled,verb,C1,octanove-c1c2-v1.0,0.95,5,166035,,,3.97
4235,235,synthetic,noun,C1,octanove-c1c2-v1.0,0.95,5,205580,,,3.95
4236,236,portable,noun,C1,octanove-c1c2-v1.0,0.95,5,305163,,,3.97
4237,237,intuition,noun,C1,octanove-c1c2-v1.0,0.95,5,63897,,,3.54
4238,238,atmospheric,adjective,C1,octanove-c1c2-v1.0,0.95,5,113274,,,3.84
4239,239,randomly,adverb,C1,model:multinomial-logit-v1,0.3253,5,90220,,,3.97
4240,240,insecure,adjective,C1,octanove-c1c2-v1.0,0.95,5,42050,,,3.72
4241,241,innovation,noun,C1,octanove-c1c2-v1.0,0.95,5,834177,,,4.32
4242,242,intellect,noun,C1,octanove-c1c2-v1.0,0.95,5,43041,,,3.49
4243,243,batter,noun,C1,octanove-c1c2-v1.0,0.95,5,86138,,,3.56
4244,244,confinement,noun,C1,octanove-c1c2-v1.0,0.95,5,38854,,,3.46
4245,245,characterization,noun,C1,model:multinomial-logit-v1,0.5127,5,64660,,,3.53
4246,246,isolate,verb,C1,octanove-c1c2-v1.0,0.95,5,64103,,,3.6
4247,247,amateur,noun,C1,octanove-c1c2-v1.0,0.95,5,279288,,,4.22
4248,248,practitioner,noun,C1,model:multinomial-logit-v1,0.3543,5,131574,,,3.63
4249,249,premise,noun,C1,octanove-c1c2-v1.0,0.95,5,111623,,,3.82
4250,250,converge,verb,C1,model:multinomial-logit-v1,0.4873,5,27547,,,3.23
4251,251,residue,noun,C1,model:multinomial-logit-v1,0.3695,5,65506,,,3.53
4252,252,conceptual,adjective,C1,model:multinomial-logit-v1,0.5583,5,84013,,,3.62
4253,253,deviation,noun,C1,model:multinomial-logit-v1,0.4182,5,47718,,,3.4
4254,254,trauma,noun,C1,octanove-c1c2-v1.0,0.95,5,253249,,,4.14
4255,255,innovative,adjective,C1,octanove-c1c2-v1.0,0.95,5,650821,,,4.1
4256,256,estimation,noun,C1,octanove-c1c2-v1.0,0.95,5,67203,,,3.46
4257,257,elusive,adjective,C1,octanove-c1c2-v1.0,0.95,5,51495,,,3.47
4258,258,ecstasy,noun,C1,octanove-c1c2-v1.0,0.95,5,29975,,,3.48
4259,259,elastic,noun,C1,octanove-c1c2-v1.0,0.95,5,92662,,,3.59
4260,260,candid,adjective,C1,octanove-c1c2-v1.0,0.95,5,38231,,,3.45
4261,261,immense,adjective,C1,octanove-c1c2-v1.0,0.95,5,122283,,,3.88
4262,262,variance,noun,C1,model:multinomial-logit-v1,0.5055,5,53696,,,3.45
4263,263,till,noun,C1,octanove-c1c2-v1.0,0.95,5,588040,,,4.79
4264,264,immensely,adverb,C1,octanove-c1c2-v1.0,0.95,5,53811,,,3.57
4265,265,empirical,adjective,C1,model:multinomial-logit-v1,0.5107,5,77752,,,3.62
4266,266,dominance,noun,C1,model:multinomial-logit-v1,0.3866,5,82182,,,3.83
4267,267,exhaust,noun,C1,octanove-c1c2-v1.0,0.95,5,137466,,,3.81
4268,268,credible,adjective,C1,octanove-c1c2-v1.0,0.95,5,84432,,,3.77
4269,269,oversee,verb,C1,octanove-c1c2-v1.0,0.95,5,68083,,,3.51
4270,270,fixture,noun,C1,octanove-c1c2-v1.0,0.95,5,82938,,,3.67
4271,271,marginal,adjective,C1,octanove-c1c2-v1.0,0.95,5,66113,,,3.71
4272,272,variant,noun,C1,model:multinomial-logit-v1,0.3803,5,178021,,,3.78
4273,273,conditional,adjective,C1,octanove-c1c2-v1.0,0.95,5,63218,,,3.59
4274,274,realism,noun,C1,octanove-c1c2-v1.0,0.95,5,66126,,,3.69
4275,275,goose,noun,C1,octanove-c1c2-v1.0,0.95,5,91938,,,3.84
4276,276,substitution,noun,C1,model:multinomial-logit-v1,0.4159,5,44647,,,3.41
4277,277,contractor,noun,C1,octanove-c1c2-v1.0,0.95,5,255638,,,4.08
4278,278,victorious,adjective,C1,octanove-c1c2-v1.0,0.95,5,50220,,,3.57
4279,279,recess,noun,C1,octanove-c1c2-v1.0,0.95,5,39148,,,3.53
4280,280,diversity,noun,C1,octanove-c1c2-v1.0,0.95,5,475732,,,4.32
4281,281,behavioral,adjective,C1,model:multinomial-logit-v1,0.3656,5,215361,,,3.86
4282,282,derivative,noun,C1,model:multinomial-logit-v1,0.4264,5,63237,,,3.65
4283,283,provoke,verb,C1,octanove-c1c2-v1.0,0.95,5,36503,,,3.5
4284,284,offspring,noun,C1,octanove-c1c2-v1.0,0.95,5,66410,,,3.77
4285,285,adrenaline,noun,C1,octanove-c1c2-v1.0,0.95,5,46986,,,3.52
4286,286,bribery,noun,C1,octanove-c1c2-v1.0,0.95,5,31881,,,3.4
4287,287,peacock,noun,C1,octanove-c1c2-v1.0,0.95,5,48480,,,3.44
4288,288,temperament,noun,C1,octanove-c1c2-v1.0,0.95,5,38279,,,3.36
4289,289,tedious,adjective,C1,octanove-c1c2-v1.0,0.95,5,47320,,,3.5
4290,290,advisory,noun,C1,octanove-c1c2-v1.0,0.95,5,320288,,,4.18
4291,291,terminology,noun,C1,model:multinomial-logit-v1,0.3902,5,83696,,,3.68
4292,292,consultation,noun,C1,octanove-c1c2-v1.0,0.95,5,364263,,,4.02
4293,293,pinnacle,noun,C1,octanove-c1c2-v1.0,0.95,5,45022,,,3.45
4294,294,rotate,verb,C1,octanove-c1c2-v1.0,0.95,5,76337,,,3.58
4295,295,demise,noun,C1,octanove-c1c2-v1.0,0.95,5,62013,,,3.66
4296,296,substantially,adverb,C1,octanove-c1c2-v1.0,0.95,5,147049,,,3.96
4297,297,lapse,noun,C1,octanove-c1c2-v1.0,0.95,5,33966,,,3.49
4298,298,developmental,adjective,C1,model:multinomial-logit-v1,0.5102,5,135836,,,3.78
4299,299,precision,noun,C1,octanove-c1c2-v1.0,0.95,5,320003,,,4.01
4300,300,stimulus,noun,C1,model:multinomial-logit-v1,0.3538,5,90957,,,3.82
4301,301,plaque,noun,C1,octanove-c1c2-v1.0,0.95,5,98414,,,3.69
4302,302,allocation,noun,C1,model:multinomial-logit-v1,0.4291,5,127708,,,3.74
4303,303,exterior,noun,C1,octanove-c1c2-v1.0,0.95,5,304456,,,3.91
4304,304,conceive,verb,C1,octanove-c1c2-v1.0,0.95,5,35852,,,3.4
4305,305,mutually,adverb,C1,octanove-c1c2-v1.0,0.95,5,61831,,,3.68
4306,306,wrench,noun,C1,octanove-c1c2-v1.0,0.95,5,40739,,,3.37
4307,307,manipulation,noun,C1,octanove-c1c2-v1.0,0.95,5,100386,,,3.85
4308,308,unconventional,adjective,C1,octanove-c1c2-v1.0,0.95,5,50356,,,3.42
4309,309,formulation,noun,C1,model:multinomial-logit-v1,0.5618,5,74456,,,3.48
4310,310,remotely,adverb,C1,octanove-c1c2-v1.0,0.95,5,114818,,,3.75
4311,311,meaningless,adjective,C1,octanove-c1c2-v1.0,0.95,5,43732,,,3.7
4312,312,autonomy,noun,C1,model:multinomial-logit-v1,0.3555,5,100697,,,3.86
4313,313,transcription,noun,C1,model:multinomial-logit-v1,0.4092,5,87309,,,3.54
4314,314,pigeon,noun,C1,octanove-c1c2-v1.0,0.95,5,59136,,,3.61
4315,315,chilly,noun,C1,octanove-c1c2-v1.0,0.95,5,50708,,,3.5
4316,316,suburban,adjective,C1,octanove-c1c2-v1.0,0.95,5,109185,,,3.91
4317,317,displacement,noun,C1,model:multinomial-logit-v1,0.3676,5,80868,,,3.63
4318,318,residual,noun,C1,model:multinomial-logit-v1,0.4573,5,63534,,,3.52
4319,319,enormously,adverb,C1,octanove-c1c2-v1.0,0.95,5,29924,,,3.39
4320,320,orphan,noun,C1,octanove-c1c2-v1.0,0.95,5,51736,,,3.58
4321,321,hypocrisy,noun,C1,octanove-c1c2-v1.0,0.95,5,29659,,,3.65
4322,322,collaborate,verb,C1,octanove-c1c2-v1.0,0.95,5,153145,,,3.51
4323,323,conscientious,adjective,C1,octanove-c1c2-v1.0,0.95,5,24830,,,3.24
4324,324,crave,verb,C1,octanove-c1c2-v1.0,0.95,5,43488,,,3.47
4325,325,complexity,noun,C1,octanove-c1c2-v1.0,0.95,5,250076,,,4.02
4326,326,progression,noun,C1,model:multinomial-logit-v1,0.306,5,152300,,,3.9
4327,327,cloak,noun,C1,octanove-c1c2-v1.0,0.95,5,35747,,,3.57
4328,328,withdrawn,verb,C1,octanove-c1c2-v1.0,0.95,5,91311,,,3.9
4329,329,accelerate,verb,C1,model:multinomial-logit-v1,0.3549,5,128601,,,3.66
4330,330,aboard,adverb,C1,octanove-c1c2-v1.0,0.95,5,175057,,,4.14
4331,331,organizational,adjective,C1,octanove-c1c2-v1.0,0.95,5,201344,,,3.83
4332,332,alignment,noun,C1,octanove-c1c2-v1.0,0.95,5,187686,,,3.78
4333,333,exodus,noun,C1,octanove-c1c2-v1.0,0.95,5,59277,,,3.69
4334,334,expire,verb,C1,octanove-c1c2-v1.0,0.95,5,57280,,,3.54
4335,335,aquarium,noun,C1,octanove-c1c2-v1.0,0.95,5,90082,,,3.56
4336,336,staple,noun,C1,octanove-c1c2-v1.0,0.95,5,95900,,,3.68
4337,337,cynical,adjective,C1,octanove-c1c2-v1.0,0.95,5,36049,,,3.59
4338,338,whereby,other,C1,model:multinomial-logit-v1,0.3409,5,83785,,,3.74
4339,339,ingenious,adjective,C1,octanove-c1c2-v1.0,0.95,5,31934,,,3.35
4340,340,unison,noun,C1,octanove-c1c2-v1.0,0.95,5,26052,,,3.27
4341,341,quantitative,adjective,C1,model:multinomial-logit-v1,0.5431,5,118116,,,3.73
4342,342,diagnostic,adjective,C1,model:multinomial-logit-v1,0.3634,5,194815,,,3.83
4343,343,avid,adjective,C1,octanove-c1c2-v1.0,0.95,5,80190,,,3.5
4344,344,niche,noun,C1,octanove-c1c2-v1.0,0.95,5,168141,,,3.85
4345,345,ethical,adjective,C1,octanove-c1c2-v1.0,0.95,5,294772,,,4.07
4346,346,slack,noun,C1,octanove-c1c2-v1.0,0.95,5,72618,,,3.71
4347,347,onset,noun,C1,model:multinomial-logit-v1,0.3412,5,105583,,,3.72
4348,348,rumble,noun,C1,octanove-c1c2-v1.0,0.95,5,33889,,,3.43
4349,349,dictate,noun,C1,model:multinomial-logit-v1,0.3501,5,51206,,,3.58
4350,350,compromised,verb,C1,octanove-c1c2-v1.0,0.95,5,93463,,,3.78
4351,351,reliability,noun,C1,model:multinomial-logit-v1,0.3325,5,266060,,,3.92
4352,352,instability,noun,C1,model:multinomial-logit-v1,0.3596,5,72481,,,3.71
4353,353,degrading,verb,C1,octanove-c1c2-v1.0,0.95,5,22633,,,3.35
4354,354,reassure,verb,C1,octanove-c1c2-v1.0,0.95,5,27073,,,3.3
4355,355,acoustic,noun,C1,octanove-c1c2-v1.0,0.95,5,196643,,,3.98
4356,356,flux,noun,C1,model:multinomial-logit-v1,0.3637,5,65664,,,3.57
4357,357,tract,noun,C1,octanove-c1c2-v1.0,0.95,5,121439,,,3.71
4358,358,heroine,noun,C1,octanove-c1c2-v1.0,0.95,5,47306,,,3.53
4359,359,convergence,noun,C1,model:multinomial-logit-v1,0.6268,5,55656,,,3.46
4360,360,aggregate,noun,C1,model:multinomial-logit-v1,0.4125,5,145965,,,3.94
4361,361,computation,noun,C1,model:multinomial-logit-v1,0.5473,5,41517,,,3.35
4362,362,optimal,adjective,C1,model:multinomial-logit-v1,0.3855,5,310930,,,3.94
4363,363,craving,noun,C1,octanove-c1c2-v1.0,0.95,5,57394,,,3.56
4364,364,dependence,noun,C1,model:multinomial-logit-v1,0.3824,5,88278,,,3.66
4365,365,flourish,noun,C1,octanove-c1c2-v1.0,0.95,5,64035,,,3.53
4366,366,stamina,noun,C1,octanove-c1c2-v1.0,0.95,5,48149,,,3.39
4367,367,peripheral,noun,C1,model:multinomial-logit-v1,0.4109,5,85672,,,3.66
4368,368,discard,noun,C1,octanove-c1c2-v1.0,0.95,5,43208,,,3.37
4369,369,indefinite,adjective,C1,octanove-c1c2-v1.0,0.95,5,29196,,,3.41
4370,370,amino,noun,C1,model:multinomial-logit-v1,0.3845,5,124352,,,3.72
4371,371,psyche,noun,C1,octanove-c1c2-v1.0,0.95,5,36481,,,3.42
4372,372,strap,noun,C1,octanove-c1c2-v1.0,0.95,5,129512,,,3.79
4373,373,expedition,noun,C1,octanove-c1c2-v1.0,0.95,5,184219,,,3.99
4374,374,emission,noun,C1,model:multinomial-logit-v1,0.3965,5,104692,,,3.7
4375,375,bouquet,noun,C1,octanove-c1c2-v1.0,0.95,5,56940,,,3.41
4376,376,succession,noun,C1,octanove-c1c2-v1.0,0.95,5,110232,,,3.97
4377,377,benchmark,noun,C1,model:multinomial-logit-v1,0.3766,4,100674,,,3.6
4378,378,scrutiny,noun,C1,octanove-c1c2-v1.0,0.95,5,91711,,,3.74
4379,379,inequality,noun,C1,model:multinomial-logit-v1,0.3683,5,107312,,,3.92
4380,380,finite,adjective,C1,model:multinomial-logit-v1,0.3831,5,67960,,,3.75
4381,381,physique,noun,C1,octanove-c1c2-v1.0,0.95,5,45193,,,3.29
4382,382,apprenticeship,noun,C1,octanove-c1c2-v1.0,0.95,5,54653,,,3.47
4383,383,ordinarily,adverb,C1,octanove-c1c2-v1.0,0.95,5,31963,,,3.26
4384,384,incidence,noun,C1,model:multinomial-logit-v1,0.3584,5,93582,,,3.64
4385,385,undermine,verb,C1,model:multinomial-logit-v1,0.3576,5,64015,,,3.65
4386,386,regression,noun,C1,model:multinomial-logit-v1,0.4447,5,77088,,,3.5
4387,387,rapport,noun,C1,octanove-c1c2-v1.0,0.95,5,31397,,,3.17
4388,388,psychiatrist,noun,C1,octanove-c1c2-v1.0,0.95,5,61649,,,3.7
4389,389,radiator,noun,C1,octanove-c1c2-v1.0,0.95,5,53308,,,3.34
4390,390,naive,adjective,C1,octanove-c1c2-v1.0,0.95,5,47615,,,3.75
4391,391,imperative,noun,C1,octanove-c1c2-v1.0,0.95,5,107537,,,3.66
4392,392,equivalence,noun,C1,model:multinomial-logit-v1,0.5187,4,16179,,,3.17
4393,393,reconstruct,verb,C1,model:multinomial-logit-v1,0.426,5,23433,,,3.22
4394,394,battered,verb,C1,octanove-c1c2-v1.0,0.95,5,32649,,,3.41
4395,395,fiercely,adverb,C1,octanove-c1c2-v1.0,0.95,5,30406,,,3.35
4396,396,adversary,noun,C1,octanove-c1c2-v1.0,0.95,5,26619,,,3.29
4397,397,cavity,noun,C1,octanove-c1c2-v1.0,0.95,5,76980,,,3.61
4398,398,clutch,noun,C1,octanove-c1c2-v1.0,0.95,5,97433,,,3.88
4399,399,versatile,adjective,C1,octanove-c1c2-v1.0,0.95,5,229385,,,3.66
4400,400,dissertation,noun,C1,model:multinomial-logit-v1,0.3772,5,139530,,,3.7
4401,401,node,noun,C1,model:multinomial-logit-v1,0.4117,5,180687,,,3.88
4402,402,robust,adjective,C1,octanove-c1c2-v1.0,0.95,5,323238,,,3.94
4403,403,occupant,noun,C1,octanove-c1c2-v1.0,0.95,5,24354,,,3.11
4404,404,malfunction,noun,C1,octanove-c1c2-v1.0,0.95,5,33206,,,3.29
4405,405,knowledgeable,adjective,C1,octanove-c1c2-v1.0,0.95,5,145841,,,3.53
4406,406,collaborative,adjective,C1,octanove-c1c2-v1.0,0.95,5,261931,,,3.78
4407,407,problematic,adjective,C1,model:multinomial-logit-v1,0.3393,5,97517,,,3.87
4408,408,parasite,noun,C1,octanove-c1c2-v1.0,0.95,5,42394,,,3.51
4409,409,notwithstanding,adverb,C1,octanove-c1c2-v1.0,0.95,5,53889,,,3.48
4410,410,harass,verb,C1,octanove-c1c2-v1.0,0.95,5,18614,,,3.28
4411,411,complication,noun,C1,model:multinomial-logit-v1,0.4153,5,31955,,,3.31
4412,412,wary,adjective,C1,octanove-c1c2-v1.0,0.95,5,51591,,,3.57
4413,413,standardize,verb,C1,model:multinomial-logit-v1,0.6618,4,12842,,,2.72
4414,414,subjective,adjective,C1,model:multinomial-logit-v1,0.3514,5,80808,,,3.79
4415,415,cite,noun,C1,octanove-c1c2-v1.0,0.95,5,108290,,,3.67
4416,416,paradigm,noun,C1,model:multinomial-logit-v1,0.589,5,85760,,,3.61
4417,417,chart,noun,C1,octanove-c1c2-v1.0,0.95,5,753982,,,4.47
4418,418,linguistic,adjective,C1,model:multinomial-logit-v1,0.3861,5,82910,,,3.71
4419,419,plumbing,noun,C1,octanove-c1c2-v1.0,0.95,5,225153,,,3.59
4420,420,durable,adjective,C1,octanove-c1c2-v1.0,0.95,5,291884,,,3.68
4421,421,coefficient,noun,C1,model:multinomial-logit-v1,0.5147,5,45213,,,3.39
4422,422,differentiate,verb,C1,model:multinomial-logit-v1,0.3738,5,71918,,,3.62
4423,423,empowerment,noun,C1,model:multinomial-logit-v1,0.4154,4,100348,,,3.54
4424,424,outset,noun,C1,octanove-c1c2-v1.0,0.95,5,43473,,,3.44
4425,425,credibility,noun,C1,octanove-c1c2-v1.0,0.95,5,126826,,,3.88
4426,426,sprout,noun,C1,octanove-c1c2-v1.0,0.95,5,25050,,,3.11
4427,427,premier,noun,C1,octanove-c1c2-v1.0,0.95,5,533639,,,4.56
4428,428,speculative,adjective,C1,octanove-c1c2-v1.0,0.95,5,48387,,,3.51
4429,429,canoe,noun,C1,octanove-c1c2-v1.0,0.95,5,61424,,,3.5
4430,430,graft,noun,C1,octanove-c1c2-v1.0,0.95,5,35845,,,3.47
4431,431,reap,verb,C1,octanove-c1c2-v1.0,0.95,5,60861,,,3.53
4432,432,embed,verb,C1,model:multinomial-logit-v1,0.5461,4,68251,,,2.94
4433,433,motif,noun,C1,model:multinomial-logit-v1,0.3889,5,54329,,,3.4
4434,434,traumatic,adjective,C1,octanove-c1c2-v1.0,0.95,5,108294,,,3.79
4435,435,tranquil,adjective,C1,octanove-c1c2-v1.0,0.95,5,41727,,,3.14
4436,436,likelihood,noun,C1,octanove-c1c2-v1.0,0.95,5,151725,,,3.91
4437,437,gadget,noun,C1,octanove-c1c2-v1.0,0.95,5,65469,,,3.45
4438,438,quarry,noun,C1,octanove-c1c2-v1.0,0.95,5,62130,,,3.6
4439,439,compliance,noun,C1,octanove-c1c2-v1.0,0.95,5,678123,,,4.17
4440,440,fatigue,noun,C1,octanove-c1c2-v1.0,0.95,5,185670,,,3.86
4441,441,rarity,noun,C1,octanove-c1c2-v1.0,0.95,5,33252,,,3.36
4442,442,reminiscent,adjective,C1,octanove-c1c2-v1.0,0.95,5,72253,,,3.61
4443,443,processor,noun,C1,model:multinomial-logit-v1,0.4,5,227774,,,3.87
4444,444,demographic,noun,C1,octanove-c1c2-v1.0,0.95,5,123622,,,3.92
4445,445,viable,adjective,C1,model:multinomial-logit-v1,0.3183,5,144948,,,3.96
4446,446,indifference,noun,C1,model:multinomial-logit-v1,0.4223,5,29159,,,3.34
4447,447,startling,verb,C1,octanove-c1c2-v1.0,0.95,5,32948,,,3.4
4448,448,fossil,noun,C1,octanove-c1c2-v1.0,0.95,5,181641,,,3.99
4449,449,implicit,adjective,C1,model:multinomial-logit-v1,0.4797,5,45309,,,3.45
4450,450,ventilation,noun,C1,octanove-c1c2-v1.0,0.95,5,124418,,,3.6
4451,451,profound,adjective,C1,octanove-c1c2-v1.0,0.95,5,198671,,,3.94
4452,452,differentiation,noun,C1,model:multinomial-logit-v1,0.5324,5,66634,,,3.49
4453,453,suffice,verb,C1,octanove-c1c2-v1.0,0.95,5,43912,,,3.46
4454,454,silhouette,noun,C1,octanove-c1c2-v1.0,0.95,5,55578,,,3.31
4455,455,circulate,verb,C1,octanove-c1c2-v1.0,0.95,5,29830,,,3.17
4456,456,commercially,adverb,C1,octanove-c1c2-v1.0,0.95,5,88822,,,3.67
4457,457,preacher,noun,C1,octanove-c1c2-v1.0,0.95,5,58563,,,3.68
4458,458,phenomenal,adjective,C1,octanove-c1c2-v1.0,0.95,5,61027,,,3.76
4459,459,fanatic,noun,C1,octanove-c1c2-v1.0,0.95,5,23051,,,3.23
4460,460,jog,noun,C1,octanove-c1c2-v1.0,0.95,5,26366,,,3.3
4461,461,relational,adjective,C1,model:multinomial-logit-v1,0.5066,4,45341,,,3.23
4462,462,affirm,verb,C1,model:multinomial-logit-v1,0.4777,5,40029,,,3.2
4463,463,vitality,noun,C1,octanove-c1c2-v1.0,0.95,5,74308,,,3.41
4464,464,ghostly,adjective,C1,octanove-c1c2-v1.0,0.95,5,19766,,,3.14
4465,465,receptor,noun,C1,model:multinomial-logit-v1,0.45,5,121095,,,3.79
4466,466,midwife,noun,C1,octanove-c1c2-v1.0,0.95,5,26893,,,3.27
4467,467,vegetation,noun,C1,octanove-c1c2-v1.0,0.95,5,118243,,,3.77
4468,468,anthropology,noun,C1,octanove-c1c2-v1.0,0.95,5,78391,,,3.65
4469,469,explanatory,adjective,C1,octanove-c1c2-v1.0,0.95,5,34700,,,3.31
4470,470,creamy,adjective,C1,octanove-c1c2-v1.0,0.95,5,121149,,,3.43
4471,471,syntax,noun,C1,model:multinomial-logit-v1,0.434,5,60626,,,3.53
4472,472,insensitive,adjective,C1,octanove-c1c2-v1.0,0.95,5,22040,,,3.45
4473,473,retention,noun,C1,octanove-c1c2-v1.0,0.95,5,196156,,,3.81
4474,474,antics,noun,C1,octanove-c1c2-v1.0,0.95,5,28338,,,3.38
4475,475,staggering,verb,C1,octanove-c1c2-v1.0,0.95,5,52488,,,3.5
4476,476,inclusive,adjective,C1,octanove-c1c2-v1.0,0.95,5,256026,,,3.97
4477,477,linear,adjective,C1,octanove-c1c2-v1.0,0.95,5,318210,,,4.12
4478,478,limitless,adjective,C1,octanove-c1c2-v1.0,0.95,5,41107,,,3.27
4479,479,bulky,adjective,C1,octanove-c1c2-v1.0,0.95,5,42018,,,3.3
4480,480,scripture,noun,C1,model:multinomial-logit-v1,0.2928,5,142937,,,3.77
4481,481,complementary,noun,C1,octanove-c1c2-v1.0,0.95,5,89402,,,3.56
4482,482,binary,noun,C1,model:multinomial-logit-v1,0.321,5,233692,,,3.95
4483,483,sentimental,adjective,C1,octanove-c1c2-v1.0,0.95,5,46022,,,3.53
4484,484,administer,verb,C1,model:multinomial-logit-v1,0.355,5,65395,,,3.54
4485,485,speculate,verb,C1,octanove-c1c2-v1.0,0.95,5,33135,,,3.48
4486,486,archaeology,noun,C1,model:multinomial-logit-v1,0.3643,5,86605,,,3.57
4487,487,adaptive,adjective,C1,model:multinomial-logit-v1,0.554,5,119941,,,3.61
4488,488,latent,adjective,C1,octanove-c1c2-v1.0,0.95,5,30960,,,3.27
4489,489,twitch,noun,C1,octanove-c1c2-v1.0,0.95,5,44517,,,3.76
4490,490,refresh,verb,C1,octanove-c1c2-v1.0,0.95,5,120800,,,3.65
4491,491,entrepreneurial,adjective,C1,model:multinomial-logit-v1,0.4431,4,78660,,,3.4
4492,492,fundamentally,adverb,C1,model:multinomial-logit-v1,0.3357,5,81911,,,3.77
4493,493,crumble,verb,C1,octanove-c1c2-v1.0,0.95,5,25820,,,3.29
4494,494,numb,verb,C1,octanove-c1c2-v1.0,0.95,5,31725,,,3.53
4495,495,professionalism,noun,C1,octanove-c1c2-v1.0,0.95,5,88216,,,3.4
4496,496,unmanned,verb,C1,octanove-c1c2-v1.0,0.95,5,35838,,,3.28
4497,497,inherent,adjective,C1,octanove-c1c2-v1.0,0.95,5,124186,,,3.83
4498,498,biodiversity,noun,C1,model:multinomial-logit-v1,0.3518,4,130753,,,3.47
4499,499,economically,adverb,C1,model:multinomial-logit-v1,0.3367,5,89198,,,3.83
4500,500,coronary,noun,C1,model:multinomial-logit-v1,0.377,5,61665,,,3.41
4501,501,inhibition,noun,C1,model:multinomial-logit-v1,0.5277,5,48861,,,3.39
4502,502,wavelength,noun,C1,model:multinomial-logit-v1,0.3449,5,43745,,,3.45
4503,503,statistically,adverb,C1,model:multinomial-logit-v1,0.4332,5,58467,,,3.67
4504,504,portray,verb,C1,octanove-c1c2-v1.0,0.95,5,55289,,,3.63
4505,505,allegation,noun,C1,octanove-c1c2-v1.0,0.95,5,31063,,,3.5
4506,506,antibody,noun,C1,model:multinomial-logit-v1,0.5625,5,82931,,,3.46
4507,507,spacious,adjective,C1,octanove-c1c2-v1.0,0.95,5,143572,,,3.41
4508,508,physiological,adjective,C1,model:multinomial-logit-v1,0.3585,5,79050,,,3.54
4509,509,recollection,noun,C1,octanove-c1c2-v1.0,0.95,5,20586,,,3.28
4510,510,longitudinal,adjective,C1,model:multinomial-logit-v1,0.6145,5,51555,,,3.37
4511,511,depict,verb,C1,octanove-c1c2-v1.0,0.95,5,49392,,,3.41
4512,512,maximize,verb,C1,model:multinomial-logit-v1,0.5085,5,198713,,,3.63
4513,513,contour,noun,C1,model:multinomial-logit-v1,0.496,5,40007,,,3.37
4514,514,sponsorship,noun,C1,octanove-c1c2-v1.0,0.95,5,125595,,,3.72
4515,515,replicate,verb,C1,model:multinomial-logit-v1,0.5202,5,64369,,,3.55
4516,516,eclectic,noun,C1,octanove-c1c2-v1.0,0.95,5,58067,,,3.37
4517,517,bureaucratic,adjective,C1,octanove-c1c2-v1.0,0.95,5,31816,,,3.4
4518,518,accumulation,noun,C1,model:multinomial-logit-v1,0.4155,5,86375,,,3.59
4519,519,embark,verb,C1,octanove-c1c2-v1.0,0.95,5,78173,,,3.4
4520,520,panorama,noun,C1,octanove-c1c2-v1.0,0.95,5,49342,,,3.39
4521,521,peninsula,noun,C1,octanove-c1c2-v1.0,0.95,5,184288,,,4.03
4522,522,panoramic,adjective,C1,octanove-c1c2-v1.0,0.95,5,58583,,,3.21
4523,523,gourmet,noun,C1,octanove-c1c2-v1.0,0.95,5,87545,,,3.36
4524,524,bearded,verb,C1,octanove-c1c2-v1.0,0.95,5,27679,,,3.34
4525,525,intuitive,adjective,C1,octanove-c1c2-v1.0,0.95,5,148068,,,3.57
4526,526,conformity,noun,C1,octanove-c1c2-v1.0,0.95,5,36190,,,3.2
4527,527,acoustics,noun,C1,octanove-c1c2-v1.0,0.95,5,27339,,,3.1
4528,528,remorse,noun,C1,octanove-c1c2-v1.0,0.95,5,25121,,,3.49
4529,529,exhilarating,verb,C1,octanove-c1c2-v1.0,0.95,5,32220,,,3.12
4530,530,posture,noun,C1,octanove-c1c2-v1.0,0.95,5,117820,,,3.65
4531,531,elevation,noun,C1,octanove-c1c2-v1.0,0.95,5,167675,,,3.9
4532,532,loom,noun,C1,octanove-c1c2-v1.0,0.95,5,29888,,,3.34
4533,533,diffusion,noun,C1,model:multinomial-logit-v1,0.4967,5,55259,,,3.4
4534,534,assertion,noun,C1,octanove-c1c2-v1.0,0.95,5,52026,,,3.63
4535,535,migrate,verb,C1,model:multinomial-logit-v1,0.4496,5,57437,,,3.43
4536,536,recharge,verb,C1,octanove-c1c2-v1.0,0.95,5,57153,,,3.4
4537,537,notable,noun,C1,octanove-c1c2-v1.0,0.95,5,534759,,,4.07
4538,538,dispense,verb,C1,octanove-c1c2-v1.0,0.95,5,20108,,,3.11
4539,539,quirky,adjective,C1,octanove-c1c2-v1.0,0.95,5,56907,,,3.53
4540,540,con,noun,C1,octanove-c1c2-v1.0,0.95,5,625950,,,4.28
4541,541,compel,verb,C1,octanove-c1c2-v1.0,0.95,5,27678,,,3.28
4542,542,comprise,verb,C1,octanove-c1c2-v1.0,0.95,5,76081,,,3.62
4543,543,marrow,noun,C1,model:multinomial-logit-v1,0.3316,5,49446,,,3.53
4544,544,corps,noun,C1,octanove-c1c2-v1.0,0.95,5,412696,,,4.27
4545,545,multinational,adjective,C1,model:multinomial-logit-v1,0.5166,5,57532,,,3.56
4546,546,tangle,noun,C1,octanove-c1c2-v1.0,0.95,5,18446,,,3.1
4547,547,compliant,adjective,C1,octanove-c1c2-v1.0,0.95,5,134335,,,3.42
4548,548,extortion,noun,C1,octanove-c1c2-v1.0,0.95,5,21856,,,3.29
4549,549,abstraction,noun,C1,octanove-c1c2-v1.0,0.95,5,35384,,,3.3
4550,550,sustainable,adjective,C1,octanove-c1c2-v1.0,0.95,5,800517,,,4.19
4551,551,artifact,noun,C1,model:multinomial-logit-v1,0.4477,5,36354,,,3.41
4552,552,ethanol,noun,C1,model:multinomial-logit-v1,0.4243,4,58461,,,3.46
4553,553,hedgehog,noun,C1,octanove-c1c2-v1.0,0.95,5,24583,,,3.25
4554,554,woo,verb,C1,octanove-c1c2-v1.0,0.95,5,74454,,,3.87
4555,555,flicker,noun,C1,octanove-c1c2-v1.0,0.95,5,18248,,,3.1
4556,556,sarcastic,adjective,C1,octanove-c1c2-v1.0,0.95,5,20900,,,3.6
4557,557,correlate,noun,C1,model:multinomial-logit-v1,0.6142,5,26005,,,3.2
4558,558,deceit,noun,C1,octanove-c1c2-v1.0,0.95,5,20697,,,3.24
4559,559,competitiveness,noun,C1,model:multinomial-logit-v1,0.4389,4,58486,,,3.45
4560,560,simulate,verb,C1,model:multinomial-logit-v1,0.3944,5,50678,,,3.44
4561,561,ecstatic,adjective,C1,octanove-c1c2-v1.0,0.95,5,26714,,,3.37
4562,562,conserve,noun,C1,octanove-c1c2-v1.0,0.95,5,58156,,,3.37
4563,563,intrigue,noun,C1,model:multinomial-logit-v1,0.3982,5,38689,,,3.36
4564,564,degradation,noun,C1,octanove-c1c2-v1.0,0.95,5,87100,,,3.6
4565,565,gradient,noun,C1,model:multinomial-logit-v1,0.5208,5,60752,,,3.48
4566,566,optimum,noun,C1,model:multinomial-logit-v1,0.4651,5,87185,,,3.54
4567,567,tranquility,noun,C1,octanove-c1c2-v1.0,0.95,5,36393,,,3.02
4568,568,ornamental,noun,C1,octanove-c1c2-v1.0,0.95,5,45205,,,3.34
4569,569,transparency,noun,C1,model:multinomial-logit-v1,0.4058,5,269988,,,3.9
4570,570,elevate,verb,C1,octanove-c1c2-v1.0,0.95,5,111506,,,3.38
4571,571,recite,verb,C1,octanove-c1c2-v1.0,0.95,5,26657,,,3.28
4572,572,mingle,verb,C1,octanove-c1c2-v1.0,0.95,5,25924,,,3.21
4573,573,carpentry,noun,C1,octanove-c1c2-v1.0,0.95,5,21993,,,2.97
4574,574,indispensable,adjective,C1,octanove-c1c2-v1.0,0.95,5,62936,,,3.34
4575,575,pertinent,adjective,C1,octanove-c1c2-v1.0,0.95,5,53358,,,3.36
4576,576,peasant,noun,C1,octanove-c1c2-v1.0,0.95,5,45459,,,3.62
4577,577,forfeit,noun,C1,octanove-c1c2-v1.0,0.95,5,21039,,,3.32
4578,578,onwards,adverb,C1,model:multinomial-logit-v1,0.3104,5,77849,,,3.61
4579,579,clan,noun,C1,octanove-c1c2-v1.0,0.95,5,158544,,,3.97
4580,580,unsettling,verb,C1,octanove-c1c2-v1.0,0.95,5,26085,,,3.29
4581,581,constraint,noun,C1,octanove-c1c2-v1.0,0.95,5,35313,,,3.28
4582,582,advantageous,adjective,C1,octanove-c1c2-v1.0,0.95,5,47562,,,3.33
4583,583,mediate,verb,C1,model:multinomial-logit-v1,0.562,5,20525,,,3.13
4584,584,sap,noun,C1,octanove-c1c2-v1.0,0.95,5,153425,,,3.6
4585,585,buffer,noun,C1,octanove-c1c2-v1.0,0.95,5,114634,,,3.78
4586,586,chloride,noun,C1,model:multinomial-logit-v1,0.4334,5,53219,,,3.39
4587,587,replication,noun,C1,model:multinomial-logit-v1,0.5425,5,62438,,,3.42
4588,588,respite,noun,C1,octanove-c1c2-v1.0,0.95,5,33457,,,3.18
4589,589,stately,adjective,C1,octanove-c1c2-v1.0,0.95,5,17743,,,3.13
4590,590,synergy,noun,C1,model:multinomial-logit-v1,0.4655,4,43277,,,3.22
4591,591,absorption,noun,C1,model:multinomial-logit-v1,0.3636,5,121428,,,3.66
4592,592,prop,noun,C1,octanove-c1c2-v1.0,0.95,5,98901,,,3.77
4593,593,incline,noun,C1,model:multinomial-logit-v1,0.5055,5,25122,,,3.15
4594,594,exert,verb,C1,octanove-c1c2-v1.0,0.95,5,33422,,,3.36
4595,595,flick,noun,C1,octanove-c1c2-v1.0,0.95,5,51771,,,3.63
4596,596,qualitative,adjective,C1,model:multinomial-logit-v1,0.6096,5,83622,,,3.45
4597,597,reconcile,verb,C1,model:multinomial-logit-v1,0.3713,5,40326,,,3.5
4598,598,subtly,adverb,C1,octanove-c1c2-v1.0,0.95,5,31151,,,3.3
4599,599,gruesome,adjective,C1,octanove-c1c2-v1.0,0.95,5,23328,,,3.27
4600,600,profoundly,adverb,C1,octanove-c1c2-v1.0,0.95,5,49873,,,3.51
4601,601,roundup,noun,C1,octanove-c1c2-v1.0,0.95,5,46380,,,3.29
4602,602,amplitude,noun,C1,model:multinomial-logit-v1,0.5326,5,34315,,,3.28
4603,603,individuality,noun,C1,octanove-c1c2-v1.0,0.95,5,37265,,,3.2
4604,604,grapefruit,noun,C1,octanove-c1c2-v1.0,0.95,5,35416,,,3.17
4605,605,predominantly,adverb,C1,model:multinomial-logit-v1,0.4149,5,105604,,,3.8
4606,606,negligent,adjective,C1,octanove-c1c2-v1.0,0.95,5,34601,,,3.33
4607,607,ingenuity,noun,C1,octanove-c1c2-v1.0,0.95,5,33192,,,3.23
4608,608,approximation,noun,C1,model:multinomial-logit-v1,0.5203,5,27183,,,3.32
4609,609,abdominal,noun,C1,model:multinomial-logit-v1,0.3396,5,86039,,,3.58
4610,610,tycoon,noun,C1,octanove-c1c2-v1.0,0.95,5,19564,,,3.16
4611,611,adjustable,adjective,C1,octanove-c1c2-v1.0,0.95,5,201700,,,3.6
4612,612,prophetic,adjective,C1,octanove-c1c2-v1.0,0.95,5,30379,,,3.19
4613,613,classy,adjective,C1,octanove-c1c2-v1.0,0.95,5,52468,,,3.72
4614,614,fetal,adjective,C1,model:multinomial-logit-v1,0.4935,5,51823,,,3.4
4615,615,agreeable,adjective,C1,octanove-c1c2-v1.0,0.95,5,22110,,,3.19
4616,616,reactive,adjective,C1,model:multinomial-logit-v1,0.5053,5,72827,,,3.54
4617,617,hostess,noun,C1,octanove-c1c2-v1.0,0.95,5,34605,,,3.35
4618,618,timid,noun,C1,octanove-c1c2-v1.0,0.95,5,20558,,,3.25
4619,619,planner,noun,C1,model:multinomial-logit-v1,0.4428,5,111347,,,3.53
4620,620,duly,adverb,C1,model:multinomial-logit-v1,0.3723,5,37767,,,3.44
4621,621,query,noun,C1,octanove-c1c2-v1.0,0.95,5,209244,,,3.64
4622,622,diagnose,verb,C1,model:multinomial-logit-v1,0.3582,5,91545,,,3.41
4623,623,dismal,adjective,C1,octanove-c1c2-v1.0,0.95,5,24228,,,3.26
4624,624,yeast,noun,C1,model:multinomial-logit-v1,0.3195,5,113596,,,3.67
4625,625,fiddle,noun,C1,octanove-c1c2-v1.0,0.95,5,43835,,,3.43
4626,626,norms,noun,C1,octanove-c1c2-v1.0,0.95,5,108892,,,3.76
4627,627,protagonist,noun,C1,octanove-c1c2-v1.0,0.95,5,92928,,,3.67
4628,628,unsustainable,other,C1,octanove-c1c2-v1.0,0.95,4,24761,,,3.15
4629,629,complimentary,adjective,C1,octanove-c1c2-v1.0,0.95,5,132695,,,3.35
4630,630,prolific,adjective,C1,octanove-c1c2-v1.0,0.95,5,64695,,,3.6
4631,631,cessation,noun,C1,octanove-c1c2-v1.0,0.95,5,33584,,,3.25
4632,632,tinker,noun,C1,octanove-c1c2-v1.0,0.95,5,23817,,,3.28
4633,633,connoisseur,noun,C1,octanove-c1c2-v1.0,0.95,5,12901,,,2.89
4634,634,pendulum,noun,C1,octanove-c1c2-v1.0,0.95,5,23474,,,3.27
4635,635,blockbuster,noun,C1,octanove-c1c2-v1.0,0.95,5,42095,,,3.48
4636,636,gypsy,noun,C1,octanove-c1c2-v1.0,0.95,5,47788,,,3.55
4637,637,spontaneously,adverb,C1,octanove-c1c2-v1.0,0.95,5,27393,,,3.34
4638,638,benign,adjective,C1,octanove-c1c2-v1.0,0.95,5,44981,,,3.51
4639,639,collaborator,noun,C1,octanove-c1c2-v1.0,0.95,5,34117,,,3.16
4640,640,consortium,noun,C1,model:multinomial-logit-v1,0.3934,5,102415,,,3.68
4641,641,proton,noun,C1,model:multinomial-logit-v1,0.4315,5,36877,,,3.42
4642,642,inhibit,verb,C1,model:multinomial-logit-v1,0.4942,5,44183,,,3.34
4643,643,stabilize,verb,C1,model:multinomial-logit-v1,0.4104,5,49408,,,3.46
4644,644,repel,verb,C1,octanove-c1c2-v1.0,0.95,5,20588,,,3.2
4645,645,genome,noun,C1,octanove-c1c2-v1.0,0.95,5,113101,,,3.7
4646,646,debut,noun,C1,octanove-c1c2-v1.0,0.95,5,794334,,,4.52
4647,647,appliance,noun,C1,octanove-c1c2-v1.0,0.95,5,119400,,,3.35
4648,648,nocturnal,adjective,C1,octanove-c1c2-v1.0,0.95,5,28443,,,3.24
4649,649,relapse,noun,C1,octanove-c1c2-v1.0,0.95,5,37813,,,3.32
4650,650,bubbly,noun,C1,octanove-c1c2-v1.0,0.95,5,23760,,,3.2
4651,651,closeness,noun,C1,octanove-c1c2-v1.0,0.95,5,22285,,,3.14
4652,652,primer,noun,C1,model:multinomial-logit-v1,0.412,5,86162,,,3.5
4653,653,postgraduate,noun,C1,model:multinomial-logit-v1,0.5304,5,66567,,,3.28
4654,654,notation,noun,C1,model:multinomial-logit-v1,0.4053,5,38881,,,3.47
4655,655,profitability,noun,C1,model:multinomial-logit-v1,0.3992,4,90728,,,3.5
4656,656,upheaval,noun,C1,octanove-c1c2-v1.0,0.95,5,20941,,,3.13
4657,657,flask,noun,C1,octanove-c1c2-v1.0,0.95,5,21747,,,3.2
4658,658,structurally,adverb,C1,octanove-c1c2-v1.0,0.95,5,24323,,,3.19
4659,659,customize,verb,C1,model:multinomial-logit-v1,0.4189,4,174796,,,3.27
4660,660,readable,adjective,C1,octanove-c1c2-v1.0,0.95,5,55489,,,3.29
4661,661,substrate,noun,C1,model:multinomial-logit-v1,0.3422,5,86657,,,3.64
4662,662,sustainably,other,C1,octanove-c1c2-v1.0,0.95,4,33034,,,2.68
4663,663,bacterial,adjective,C1,model:multinomial-logit-v1,0.3747,5,125291,,,3.73
4664,664,sarcasm,noun,C1,octanove-c1c2-v1.0,0.95,5,18155,,,3.62
4665,665,geological,adjective,C1,octanove-c1c2-v1.0,0.95,5,99255,,,3.82
4666,666,mythology,noun,C1,octanove-c1c2-v1.0,0.95,5,103818,,,3.64
4667,667,drawback,noun,C1,octanove-c1c2-v1.0,0.95,5,31589,,,3.21
4668,668,predecessor,noun,C1,octanove-c1c2-v1.0,0.95,5,98024,,,3.82
4669,669,confer,verb,C1,model:multinomial-logit-v1,0.4033,5,28310,,,3.19
4670,670,liquidity,noun,C1,model:multinomial-logit-v1,0.3947,4,84450,,,3.45
4671,671,linguistics,noun,C1,model:multinomial-logit-v1,0.5168,5,53878,,,3.43
4672,672,consultancy,noun,C1,octanove-c1c2-v1.0,0.95,5,82127,,,3.46
4673,673,exponential,noun,C1,model:multinomial-logit-v1,0.6326,5,34942,,,3.33
4674,674,formulate,verb,C1,octanove-c1c2-v1.0,0.95,5,36414,,,3.23
4675,675,versatility,noun,C1,octanove-c1c2-v1.0,0.95,5,108910,,,3.32
4676,676,uplift,noun,C1,model:multinomial-logit-v1,0.5441,5,32525,,,3.27
4677,677,deprivation,noun,C1,octanove-c1c2-v1.0,0.95,5,43747,,,3.44
4678,678,wares,noun,C1,octanove-c1c2-v1.0,0.95,5,21962,,,3.18
4679,679,insightful,adjective,C1,octanove-c1c2-v1.0,0.95,5,62107,,,3.41
4680,680,clutter,noun,C1,octanove-c1c2-v1.0,0.95,5,61305,,,3.21
4681,681,revere,noun,C1,octanove-c1c2-v1.0,0.95,5,19934,,,3.09
4682,682,itinerary,noun,C1,octanove-c1c2-v1.0,0.95,5,75824,,,3.23
4683,683,ferocious,adjective,C1,octanove-c1c2-v1.0,0.95,5,19592,,,3.21
4684,684,nationalism,noun,C1,model:multinomial-logit-v1,0.3995,5,57337,,,3.83
4685,685,negligible,adjective,C1,octanove-c1c2-v1.0,0.95,5,25299,,,3.39
4686,686,transatlantic,adjective,C1,octanove-c1c2-v1.0,0.95,5,22461,,,3.2
4687,687,blister,noun,C1,octanove-c1c2-v1.0,0.95,5,17645,,,3.0
4688,688,resilient,adjective,C1,octanove-c1c2-v1.0,0.95,5,115441,,,3.5
4689,689,swiftly,adverb,C1,model:multinomial-logit-v1,0.339,5,67265,,,3.54
4690,690,demo,noun,C1,octanove-c1c2-v1.0,0.95,5,292234,,,4.06
4691,691,macroeconomic,adjective,C1,model:multinomial-logit-v1,0.543,4,23289,,,3.05
4692,692,frosty,adjective,C1,octanove-c1c2-v1.0,0.95,5,19312,,,3.2
4693,693,hepatitis,noun,C1,model:multinomial-logit-v1,0.3709,5,70059,,,3.52
4694,694,magnetism,noun,C1,octanove-c1c2-v1.0,0.95,5,15380,,,3.03
4695,695,parameter,noun,C1,model:multinomial-logit-v1,0.4912,5,128238,,,3.57
4696,696,periodically,adverb,C1,model:multinomial-logit-v1,0.3927,5,81041,,,3.59
4697,697,inherently,adverb,C1,octanove-c1c2-v1.0,0.95,5,63573,,,3.59
4698,698,stochastic,adjective,C1,model:multinomial-logit-v1,0.5184,4,22145,,,3.11
4699,699,grammatical,adjective,C1,model:multinomial-logit-v1,0.5,5,28309,,,3.35
4700,700,portrayal,noun,C1,octanove-c1c2-v1.0,0.95,5,57690,,,3.55
4701,701,otter,noun,C1,octanove-c1c2-v1.0,0.95,5,28258,,,3.37
4702,702,amplification,noun,C1,octanove-c1c2-v1.0,0.95,5,30122,,,3.12
4703,703,crumb,noun,C1,octanove-c1c2-v1.0,0.95,5,20044,,,2.97
4704,704,remedial,adjective,C1,octanove-c1c2-v1.0,0.95,5,24765,,,3.08
4705,705,facet,noun,C1,model:multinomial-logit-v1,0.5395,5,42565,,,3.18
4706,706,chisel,noun,C1,octanove-c1c2-v1.0,0.95,5,14733,,,2.96
4707,707,prudent,adjective,C1,model:multinomial-logit-v1,0.3609,5,40371,,,3.41
4708,708,sanctity,noun,C1,octanove-c1c2-v1.0,0.95,5,15764,,,3.04
4709,709,adjoining,verb,C1,octanove-c1c2-v1.0,0.95,5,46642,,,3.5
4710,710,realist,noun,C1,octanove-c1c2-v1.0,0.95,5,18841,,,3.26
4711,711,cleanly,adjective,C1,octanove-c1c2-v1.0,0.95,5,16053,,,3.02
4712,712,descent,noun,C1,octanove-c1c2-v1.0,0.95,5,284953,,,3.93
4713,713,fragmentation,noun,C1,octanove-c1c2-v1.0,0.95,5,31221,,,3.23
4714,714,resilience,noun,C1,octanove-c1c2-v1.0,0.95,5,236937,,,3.58
4715,715,conceivable,adjective,C1,octanove-c1c2-v1.0,0.95,5,21106,,,3.17
4716,716,memorandum,noun,C1,model:multinomial-logit-v1,0.4009,5,57284,,,3.47
4717,717,impoverished,verb,C1,octanove-c1c2-v1.0,0.95,5,28838,,,3.35
4718,718,locus,noun,C1,model:multinomial-logit-v1,0.6575,5,26680,,,3.18
4719,719,succulent,noun,C1,octanove-c1c2-v1.0,0.95,5,26099,,,3.0
4720,720,flashback,noun,C1,octanove-c1c2-v1.0,0.95,5,30081,,,3.47
4721,721,sediment,noun,C1,model:multinomial-logit-v1,0.4499,5,54499,,,3.42
4722,722,methodical,adjective,C1,octanove-c1c2-v1.0,0.95,5,15808,,,3.02
4723,723,morphology,noun,C1,model:multinomial-logit-v1,0.5917,5,43999,,,3.41
4724,724,appalling,noun,C1,octanove-c1c2-v1.0,0.95,5,23893,,,3.46
4725,725,invoice,noun,C1,octanove-c1c2-v1.0,0.95,5,114270,,,3.27
4726,726,alleviate,verb,C1,octanove-c1c2-v1.0,0.95,5,93281,,,3.52
4727,727,expedite,verb,C1,octanove-c1c2-v1.0,0.95,5,23515,,,3.05
4728,728,domestically,adverb,C1,octanove-c1c2-v1.0,0.95,5,29368,,,3.26
4729,729,sequel,noun,C1,octanove-c1c2-v1.0,0.95,5,134144,,,3.98
4730,730,consolidate,verb,C1,model:multinomial-logit-v1,0.4261,5,47098,,,3.47
4731,731,fatality,noun,C1,octanove-c1c2-v1.0,0.95,5,20452,,,3.16
4732,732,evoke,verb,C1,octanove-c1c2-v1.0,0.95,5,46281,,,3.27
4733,733,spartan,noun,C1,octanove-c1c2-v1.0,0.95,5,30377,,,3.37
4734,734,lexical,adjective,C1,model:multinomial-logit-v1,0.5456,4,14648,,,2.98
4735,735,allocate,verb,C1,model:multinomial-logit-v1,0.5602,5,53509,,,3.31
4736,736,contingency,noun,C1,model:multinomial-logit-v1,0.3886,5,43165,,,3.44
4737,737,depiction,noun,C1,octanove-c1c2-v1.0,0.95,5,47075,,,3.45
4738,738,proprietary,noun,C1,model:multinomial-logit-v1,0.4964,5,134373,,,3.67
4739,739,hurdle,noun,C1,model:multinomial-logit-v1,0.3784,5,42791,,,3.41
4740,740,segmentation,noun,C1,model:multinomial-logit-v1,0.4635,4,46203,,,3.23
4741,741,quasi,adjective,C1,model:multinomial-logit-v1,0.4587,5,45537,,,3.49
4742,742,automate,verb,C1,model:multinomial-logit-v1,0.4752,4,89942,,,3.08
4743,743,phosphate,noun,C1,model:multinomial-logit-v1,0.4355,5,56140,,,3.42
4744,744,pleasurable,adjective,C1,octanove-c1c2-v1.0,0.95,5,23615,,,3.09
4745,745,designate,verb,C1,model:multinomial-logit-v1,0.4547,5,42462,,,3.37
4746,746,sauna,noun,C1,octanove-c1c2-v1.0,0.95,5,57284,,,3.25
4747,747,compulsion,noun,C1,octanove-c1c2-v1.0,0.95,5,16171,,,3.1
4748,748,wooded,adjective,C1,octanove-c1c2-v1.0,0.95,5,36955,,,3.38
4749,749,reluctantly,adverb,C1,octanove-c1c2-v1.0,0.95,5,33431,,,3.45
4750,750,supple,verb,C1,octanove-c1c2-v1.0,0.95,5,20728,,,2.87
4751,751,screenplay,noun,C1,octanove-c1c2-v1.0,0.95,5,85495,,,3.54
4752,752,circa,other,C1,model:multinomial-logit-v1,0.4353,5,70543,,,3.57
4753,753,auditor,noun,C1,model:multinomial-logit-v1,0.385,5,60848,,,3.48
4754,754,discontinue,verb,C1,model:multinomial-logit-v1,0.4877,5,28110,,,3.11
4755,755,inversion,noun,C1,model:multinomial-logit-v1,0.5182,5,23137,,,3.26
4756,756,intermediary,noun,C1,model:multinomial-logit-v1,0.4703,5,27715,,,3.18
4757,757,refurbishment,noun,C1,octanove-c1c2-v1.0,0.95,5,28757,,,3.11
4758,758,aesthetically,adverb,C1,octanove-c1c2-v1.0,0.95,5,35190,,,3.19
4759,759,restrain,verb,C1,model:multinomial-logit-v1,0.3998,5,21217,,,3.27
4760,760,interestingly,adverb,C1,model:multinomial-logit-v1,0.411,5,85710,,,3.6
4761,761,detrimental,adjective,C1,octanove-c1c2-v1.0,0.95,5,56313,,,3.55
4762,762,degrade,verb,C1,octanove-c1c2-v1.0,0.95,5,26854,,,3.28
4763,763,encode,verb,C1,model:multinomial-logit-v1,0.6126,5,21001,,,2.95
4764,764,subordinate,noun,C1,octanove-c1c2-v1.0,0.95,5,39384,,,3.45
4765,765,convict,noun,C1,octanove-c1c2-v1.0,0.95,5,37040,,,3.56
4766,766,abound,verb,C1,octanove-c1c2-v1.0,0.95,5,33094,,,3.27
4767,767,impersonation,noun,C1,octanove-c1c2-v1.0,0.95,5,9593,,,2.87
4768,768,cumulative,adjective,C1,model:multinomial-logit-v1,0.49,5,70243,,,3.55
4769,769,withhold,verb,C1,model:multinomial-logit-v1,0.3886,5,24739,,,3.28
4770,770,dissection,noun,C1,octanove-c1c2-v1.0,0.95,5,17587,,,3.01
4771,771,chromosome,noun,C1,model:multinomial-logit-v1,0.4195,5,47023,,,3.48
4772,772,globalization,noun,C1,model:multinomial-logit-v1,0.4612,5,55918,,,3.46
4773,773,censor,noun,C1,model:multinomial-logit-v1,0.3939,5,19936,,,3.36
4774,774,dynamically,adverb,C1,octanove-c1c2-v1.0,0.95,5,34989,,,3.03
4775,775,endowment,noun,C1,model:multinomial-logit-v1,0.4081,5,59770,,,3.52
4776,776,conservatory,noun,C1,octanove-c1c2-v1.0,0.95,5,64161,,,3.3
4777,777,restorative,noun,C1,octanove-c1c2-v1.0,0.95,5,44776,,,2.96
4778,778,saloon,noun,C1,octanove-c1c2-v1.0,0.95,5,50230,,,3.43
4779,779,outperform,verb,C1,model:multinomial-logit-v1,0.5585,4,22017,,,3.01
4780,780,daunting,verb,C1,octanove-c1c2-v1.0,0.95,5,84449,,,3.4
4781,781,precipitation,noun,C1,model:multinomial-logit-v1,0.3854,5,75010,,,3.64
4782,782,commend,verb,C1,octanove-c1c2-v1.0,0.95,5,20429,,,3.25
4783,783,seeker,noun,C1,model:multinomial-logit-v1,0.39,5,34065,,,3.41
4784,784,riveting,verb,C1,octanove-c1c2-v1.0,0.95,5,18271,,,2.99
4785,785,incision,noun,C1,octanove-c1c2-v1.0,0.95,5,29865,,,3.16
4786,786,torment,noun,C1,octanove-c1c2-v1.0,0.95,5,26659,,,3.36
4787,787,contend,verb,C1,model:multinomial-logit-v1,0.3616,5,48526,,,3.56
4788,788,divergent,adjective,C1,octanove-c1c2-v1.0,0.95,5,23751,,,3.38
4789,789,reassurance,noun,C1,octanove-c1c2-v1.0,0.95,5,26847,,,3.27
4790,790,munch,noun,C1,octanove-c1c2-v1.0,0.95,5,16416,,,3.08
4791,791,devise,noun,C1,model:multinomial-logit-v1,0.4445,5,29584,,,3.19
4792,792,contractual,adjective,C1,model:multinomial-logit-v1,0.4778,5,58349,,,3.43
4793,793,impede,verb,C1,octanove-c1c2-v1.0,0.95,5,23971,,,3.14
4794,794,aqua,noun,C1,octanove-c1c2-v1.0,0.95,5,65592,,,3.43
4795,795,liquidation,noun,C1,model:multinomial-logit-v1,0.4326,5,30096,,,3.26
4796,796,effortless,adjective,C1,octanove-c1c2-v1.0,0.95,5,60801,,,3.14
4797,797,principally,adverb,C1,octanove-c1c2-v1.0,0.95,5,36707,,,3.4
4798,798,dismantle,verb,C1,model:multinomial-logit-v1,0.4229,5,21800,,,3.24
4799,799,renown,noun,C1,octanove-c1c2-v1.0,0.95,5,16344,,,3.11
4800,800,align,verb,C1,octanove-c1c2-v1.0,0.95,5,1619008,,,3.63
4801,801,soluble,adjective,C1,model:multinomial-logit-v1,0.5116,5,58212,,,3.44
4802,802,ploy,noun,C1,octanove-c1c2-v1.0,0.95,5,15453,,,3.22
4803,803,astray,adverb,C1,octanove-c1c2-v1.0,0.95,5,17922,,,3.13
4804,804,connector,noun,C1,model:multinomial-logit-v1,0.4822,5,125727,,,3.47
4805,805,disdain,noun,C1,octanove-c1c2-v1.0,0.95,5,20420,,,3.33
4806,806,trampoline,noun,C1,octanove-c1c2-v1.0,0.95,5,23487,,,3.14
4807,807,specialization,noun,C1,model:multinomial-logit-v1,0.5039,5,46947,,,3.29
4808,808,monotonous,adjective,C1,octanove-c1c2-v1.0,0.95,5,14638,,,2.95
4809,809,daydream,noun,C1,octanove-c1c2-v1.0,0.95,5,12218,,,2.98
4810,810,arbitration,noun,C1,model:multinomial-logit-v1,0.3984,5,115482,,,3.72
4811,811,reluctance,noun,C1,model:multinomial-logit-v1,0.3965,5,29725,,,3.42
4812,812,devotee,noun,C1,octanove-c1c2-v1.0,0.95,5,14956,,,2.93
4813,813,slump,noun,C1,model:multinomial-logit-v1,0.4103,5,29448,,,3.36
4814,814,enterprising,adjective,C1,octanove-c1c2-v1.0,0.95,5,12844,,,2.95
4815,815,impersonate,verb,C1,octanove-c1c2-v1.0,0.95,5,8755,,,2.75
4816,816,firewall,noun,C1,octanove-c1c2-v1.0,0.95,5,69305,,,3.24
4817,817,counterpart,noun,C1,model:multinomial-logit-v1,0.3739,5,66224,,,3.7
4818,818,innovate,verb,C1,octanove-c1c2-v1.0,0.95,5,54518,,,3.13
4819,819,toughness,noun,C1,octanove-c1c2-v1.0,0.95,5,30073,,,3.31
4820,820,synopsis,noun,C1,octanove-c1c2-v1.0,0.95,5,71982,,,3.38
4821,821,dismay,noun,C1,octanove-c1c2-v1.0,0.95,5,22250,,,3.26
4822,822,rediscover,verb,C1,octanove-c1c2-v1.0,0.95,5,14414,,,2.8
4823,823,calorie,noun,C1,octanove-c1c2-v1.0,0.95,5,93449,,,3.59
4824,824,pragmatic,noun,C1,model:multinomial-logit-v1,0.3416,5,68114,,,3.49
4825,825,resonate,verb,C1,octanove-c1c2-v1.0,0.95,5,61129,,,3.19
4826,826,tact,noun,C1,octanove-c1c2-v1.0,0.95,5,13678,,,3.08
4827,827,watershed,noun,C1,model:multinomial-logit-v1,0.4698,5,70343,,,3.53
4828,828,relinquish,verb,C1,octanove-c1c2-v1.0,0.95,5,14541,,,3.12
4829,829,incorporation,noun,C1,model:multinomial-logit-v1,0.517,5,60148,,,3.4
4830,830,unveil,verb,C1,model:multinomial-logit-v1,0.4407,5,28114,,,3.2
4831,831,accountability,noun,C1,model:multinomial-logit-v1,0.4222,5,195177,,,3.91
4832,832,migrant,noun,C1,model:multinomial-logit-v1,0.3952,5,62750,,,3.75
4833,833,impersonal,adjective,C1,octanove-c1c2-v1.0,0.95,5,13662,,,2.92
4834,834,adhere,verb,C1,model:multinomial-logit-v1,0.3586,5,110630,,,3.57
4835,835,dispensary,noun,C1,octanove-c1c2-v1.0,0.95,5,24799,,,3.09
4836,836,divergence,noun,C1,octanove-c1c2-v1.0,0.95,5,23949,,,3.17
4837,837,baseline,noun,C1,model:multinomial-logit-v1,0.441,5,111212,,,3.7
4838,838,dependency,noun,C1,model:multinomial-logit-v1,0.414,5,70262,,,3.52
4839,839,routinely,adverb,C1,model:multinomial-logit-v1,0.4353,5,84450,,,3.71
4840,840,neuron,noun,C1,model:multinomial-logit-v1,0.5998,5,23598,,,3.16
4841,841,elasticity,noun,C1,model:multinomial-logit-v1,0.6246,5,40246,,,3.1
4842,842,formality,noun,C1,octanove-c1c2-v1.0,0.95,5,16444,,,3.15
4843,843,flatter,verb,C1,octanove-c1c2-v1.0,0.95,5,23569,,,3.27
4844,844,contested,verb,C1,octanove-c1c2-v1.0,0.95,5,112329,,,3.77
4845,845,procurement,noun,C1,model:multinomial-logit-v1,0.4062,5,137381,,,3.68
4846,846,redesign,verb,C1,model:multinomial-logit-v1,0.4543,5,54030,,,3.42
4847,847,conjure,verb,C1,octanove-c1c2-v1.0,0.95,5,16006,,,3.1
4848,848,macabre,adjective,C1,octanove-c1c2-v1.0,0.95,5,12122,,,2.93
4849,849,faction,noun,C1,octanove-c1c2-v1.0,0.95,5,62534,,,3.79
4850,850,subsidy,noun,C1,model:multinomial-logit-v1,0.4073,5,44780,,,3.56
4851,851,linearly,adverb,C1,octanove-c1c2-v1.0,0.95,4,8614,,,2.85
4852,852,biologist,noun,C1,model:multinomial-logit-v1,0.3941,5,38484,,,3.35
4853,853,salve,noun,C1,octanove-c1c2-v1.0,0.95,5,13672,,,2.81
4854,854,billiards,noun,C1,octanove-c1c2-v1.0,0.95,5,15945,,,2.84
4855,855,antiquity,noun,C1,octanove-c1c2-v1.0,0.95,5,37690,,,3.43
4856,856,supervisory,adjective,C1,model:multinomial-logit-v1,0.5108,5,44782,,,3.32
4857,857,cynicism,noun,C1,octanove-c1c2-v1.0,0.95,5,15403,,,3.13
4858,858,inexplicable,adjective,C1,octanove-c1c2-v1.0,0.95,5,14375,,,3.13
4859,859,stimuli,noun,C1,octanove-c1c2-v1.0,0.95,5,44855,,,3.39
4860,860,instinctively,adverb,C1,octanove-c1c2-v1.0,0.95,5,19292,,,3.25
4861,861,syllabus,noun,C1,model:multinomial-logit-v1,0.5249,5,60032,,,3.34
4862,862,churn,noun,C1,octanove-c1c2-v1.0,0.95,5,24565,,,3.07
4863,863,antibiotic,noun,C1,model:multinomial-logit-v1,0.4284,5,65916,,,3.5
4864,864,denote,verb,C1,model:multinomial-logit-v1,0.5377,5,24142,,,3.29
4865,865,helix,noun,C1,model:multinomial-logit-v1,0.5767,5,29631,,,3.26
4866,866,omit,verb,C1,model:multinomial-logit-v1,0.4685,5,20001,,,3.07
4867,867,apprehensive,adjective,C1,octanove-c1c2-v1.0,0.95,5,14425,,,3.03
4868,868,issuer,noun,C1,model:multinomial-logit-v1,0.4938,4,29717,,,3.07
4869,869,bilateral,adjective,C1,model:multinomial-logit-v1,0.4289,5,77833,,,3.72
4870,870,allege,verb,C1,octanove-c1c2-v1.0,0.95,5,19995,,,3.18
4871,871,enhancement,noun,C1,model:multinomial-logit-v1,0.442,5,207209,,,3.63
4872,872,telecom,noun,C1,model:multinomial-logit-v1,0.5041,5,83221,,,3.58
4873,873,stylistic,adjective,C1,octanove-c1c2-v1.0,0.95,5,24657,,,3.14
4874,874,unwavering,adjective,C1,octanove-c1c2-v1.0,0.95,5,37538,,,3.01
4875,875,contemplate,verb,C1,model:multinomial-logit-v1,0.371,5,39358,,,3.41
4876,876,defer,verb,C1,model:multinomial-logit-v1,0.4321,5,21352,,,3.2
4877,877,annum,noun,C1,model:multinomial-logit-v1,0.5325,5,35270,,,3.23
4878,878,dissent,noun,C1,model:multinomial-logit-v1,0.4268,5,41075,,,3.56
4879,879,arguably,adverb,C1,model:multinomial-logit-v1,0.4651,5,99970,,,3.9
4880,880,instinctive,adjective,C1,octanove-c1c2-v1.0,0.95,5,14404,,,3.04
4881,881,restrictive,adjective,C1,model:multinomial-logit-v1,0.5181,5,54257,,,3.54
4882,882,enlarge,verb,C1,model:multinomial-logit-v1,0.4107,5,50153,,,3.2
4883,883,tariff,noun,C1,model:multinomial-logit-v1,0.4115,5,65156,,,3.49
4884,884,ethically,adverb,C1,octanove-c1c2-v1.0,0.95,5,29432,,,3.11
4885,885,fanciful,adjective,C1,octanove-c1c2-v1.0,0.95,5,11605,,,2.97
4886,886,legitimacy,noun,C1,model:multinomial-logit-v1,0.4349,5,54097,,,3.63
4887,887,macro,noun,C1,model:multinomial-logit-v1,0.4319,5,89491,,,3.71
4888,888,credential,noun,C1,octanove-c1c2-v1.0,0.95,5,34148,,,2.75
4889,889,uniformity,noun,C1,octanove-c1c2-v1.0,0.95,5,24802,,,3.03
4890,890,rationale,noun,C1,model:multinomial-logit-v1,0.5126,5,53018,,,3.53
4891,891,determinant,noun,C1,model:multinomial-logit-v1,0.5843,4,13961,,,2.9
4892,892,descriptor,noun,C1,model:multinomial-logit-v1,0.5593,4,11365,,,2.81
4893,893,outsource,verb,C1,model:multinomial-logit-v1,0.5641,4,26303,,,2.92
4894,894,deflection,noun,C1,model:multinomial-logit-v1,0.5222,5,16044,,,3.22
4895,895,detriment,noun,C1,octanove-c1c2-v1.0,0.95,5,20017,,,3.26
4896,896,expiration,noun,C1,model:multinomial-logit-v1,0.4464,5,70979,,,3.48
4897,897,farce,noun,C1,octanove-c1c2-v1.0,0.95,5,18924,,,3.33
4898,898,valuation,noun,C1,model:multinomial-logit-v1,0.4258,5,114056,,,3.75
4899,899,bribe,noun,C1,octanove-c1c2-v1.0,0.95,5,28826,,,3.5
4900,900,unfavorable,adjective,C1,model:multinomial-logit-v1,0.4988,5,28639,,,3.21
4901,901,formats,noun,C1,model:multinomial-logit-v1,0.3163,4,218571,,,3.76
4902,902,acidic,adjective,C1,octanove-c1c2-v1.0,0.95,5,50002,,,3.34
4903,903,marginally,adverb,C1,octanove-c1c2-v1.0,0.95,5,19087,,,3.25
4904,904,referral,noun,C1,model:multinomial-logit-v1,0.4211,5,130987,,,3.6
4905,905,demonstrator,noun,C1,model:multinomial-logit-v1,0.5855,5,11065,,,2.9
4906,906,inefficient,adjective,C1,model:multinomial-logit-v1,0.3942,5,40834,,,3.46
4907,907,macroeconomics,noun,C1,model:multinomial-logit-v1,0.5911,4,8934,,,2.68
4908,908,analytic,adjective,C1,model:multinomial-logit-v1,0.6196,5,35355,,,3.31
4909,909,intuitively,adverb,C1,octanove-c1c2-v1.0,0.95,5,18701,,,3.04
4910,910,cheaply,adverb,C1,model:multinomial-logit-v1,0.4327,5,19739,,,3.28
4911,911,morphological,adjective,C1,model:multinomial-logit-v1,0.4998,5,25028,,,3.15
4912,912,enact,verb,C1,model:multinomial-logit-v1,0.4324,5,34621,,,3.43
4913,913,impediment,noun,C1,octanove-c1c2-v1.0,0.95,5,13299,,,3.05
4914,914,proliferation,noun,C1,model:multinomial-logit-v1,0.5051,5,75068,,,3.61
4915,915,poise,noun,C1,octanove-c1c2-v1.0,0.95,5,12562,,,3.04
4916,916,sentient,adjective,C1,octanove-c1c2-v1.0,0.95,5,18281,,,3.12
4917,917,advertiser,noun,C1,model:multinomial-logit-v1,0.4896,5,42831,,,3.38
4918,918,cyclic,adjective,C1,model:multinomial-logit-v1,0.6312,5,22543,,,3.16
4919,919,hypocritical,adjective,C1,octanove-c1c2-v1.0,0.95,5,13619,,,3.31
4920,920,prolong,verb,C1,model:multinomial-logit-v1,0.4227,5,30603,,,3.21
4921,921,rudimentary,adjective,C1,octanove-c1c2-v1.0,0.95,5,17678,,,3.17
4922,922,reinvestment,other,C1,model:multinomial-logit-v1,0.6034,4,10951,,,2.75
4923,923,dilute,verb,C1,model:multinomial-logit-v1,0.5224,5,24382,,,3.18
4924,924,empower,verb,C1,model:multinomial-logit-v1,0.553,5,148422,,,3.51
4925,925,issuance,noun,C1,model:multinomial-logit-v1,0.6121,5,44383,,,3.34
4926,926,symptomatic,adjective,C1,octanove-c1c2-v1.0,0.95,5,22951,,,3.09
4927,927,rationality,noun,C1,model:multinomial-logit-v1,0.5781,5,18043,,,3.1
4928,928,stoke,verb,C1,octanove-c1c2-v1.0,0.95,5,56797,,,3.73
4929,929,emit,verb,C1,model:multinomial-logit-v1,0.4048,5,33691,,,3.25
4930,930,bolster,noun,C1,model:multinomial-logit-v1,0.4788,5,48900,,,3.31
4931,931,justly,adverb,C1,octanove-c1c2-v1.0,0.95,5,12512,,,2.84
4932,932,deduct,verb,C1,model:multinomial-logit-v1,0.4182,5,24247,,,3.09
4933,933,refine,verb,C1,model:multinomial-logit-v1,0.4516,5,93646,,,3.28
4934,934,capitalize,verb,C1,model:multinomial-logit-v1,0.4806,5,45007,,,3.34
4935,935,impairment,noun,C1,model:multinomial-logit-v1,0.4717,5,74999,,,3.55
4936,936,concerto,noun,C1,octanove-c1c2-v1.0,0.95,5,59262,,,3.26
4937,937,exuberant,adjective,C1,octanove-c1c2-v1.0,0.95,5,13432,,,2.97
4938,938,intangible,noun,C1,model:multinomial-logit-v1,0.5127,5,32574,,,3.22
4939,939,mythological,adjective,C1,octanove-c1c2-v1.0,0.95,5,26449,,,3.06
4940,940,managerial,adjective,C1,model:multinomial-logit-v1,0.4505,5,53190,,,3.56
4941,941,antiquated,verb,C1,octanove-c1c2-v1.0,0.95,5,12945,,,3.06
4942,942,intensify,verb,C1,model:multinomial-logit-v1,0.4979,5,25659,,,3.16
4943,943,concur,verb,C1,octanove-c1c2-v1.0,0.95,5,15546,,,3.18
4944,944,enlargement,noun,C1,model:multinomial-logit-v1,0.4651,5,51056,,,3.2
4945,945,pursuant,adjective,C1,model:multinomial-logit-v1,0.4019,5,93818,,,3.56
4946,946,denominator,noun,C1,model:multinomial-logit-v1,0.4918,5,15590,,,3.13
4947,947,placid,adjective,C1,octanove-c1c2-v1.0,0.95,5,14488,,,3.01
4948,948,unoccupied,adjective,C1,octanove-c1c2-v1.0,0.95,5,11237,,,2.93
4949,949,imp,noun,C1,octanove-c1c2-v1.0,0.95,5,21789,,,3.23
4950,950,splatter,noun,C1,octanove-c1c2-v1.0,0.95,5,8611,,,2.77
4951,951,scorn,noun,C1,octanove-c1c2-v1.0,0.95,5,14375,,,3.13
4952,952,importer,noun,C1,model:multinomial-logit-v1,0.4878,5,23748,,,3.08
4953,953,parity,noun,C1,model:multinomial-logit-v1,0.5482,5,31023,,,3.41
4954,954,template,noun,C1,model:multinomial-logit-v1,0.4399,5,340628,,,3.71
4955,955,telecommunication,noun,C1,model:multinomial-logit-v1,0.5151,5,29962,,,3.16
4956,956,deter,verb,C1,model:multinomial-logit-v1,0.4018,5,51387,,,3.48
4957,957,aerosol,noun,C1,model:multinomial-logit-v1,0.5168,5,25327,,,3.03
4958,958,pesticide,noun,C1,model:multinomial-logit-v1,0.486,5,40750,,,3.25
4959,959,attributable,adjective,C1,model:multinomial-logit-v1,0.587,5,31941,,,3.31
4960,960,utilization,noun,C1,model:multinomial-logit-v1,0.5568,5,102785,,,3.5
4961,961,diminish,verb,C1,model:multinomial-logit-v1,0.3886,5,44995,,,3.46
4962,962,axiom,noun,C1,model:multinomial-logit-v1,0.5504,5,14962,,,3.02
4963,963,corrective,noun,C1,model:multinomial-logit-v1,0.4722,5,42879,,,3.29
4964,964,privatization,noun,C1,model:multinomial-logit-v1,0.4499,4,26773,,,3.27
4965,965,intrinsic,adjective,C1,model:multinomial-logit-v1,0.4607,5,57421,,,3.47
4966,966,antitrust,adjective,C1,model:multinomial-logit-v1,0.5404,5,35412,,,3.37
4967,967,capillary,noun,C1,model:multinomial-logit-v1,0.6484,5,17661,,,2.88
4968,968,wayside,noun,C1,octanove-c1c2-v1.0,0.95,5,14532,,,2.99
4969,969,artistically,adverb,C1,octanove-c1c2-v1.0,0.95,5,13344,,,2.92
4970,970,sprawl,noun,C1,octanove-c1c2-v1.0,0.95,5,14160,,,2.99
4971,971,negotiable,adjective,C1,model:multinomial-logit-v1,0.4095,5,27192,,,3.22
4972,972,proportional,noun,C1,model:multinomial-logit-v1,0.4436,5,52998,,,3.6
4973,973,sketchbook,noun,C1,octanove-c1c2-v1.0,0.95,5,12663,,,2.78
4974,974,tonne,noun,C1,model:multinomial-logit-v1,0.5585,5,23216,,,3.21
4975,975,ludicrous,adjective,C1,octanove-c1c2-v1.0,0.95,5,16643,,,3.34
4976,976,paywall,other,C1,octanove-c1c2-v1.0,0.95,4,6651,,,2.35
4977,977,aversion,noun,C1,model:multinomial-logit-v1,0.4328,5,21324,,,3.25
4978,978,perceptive,adjective,C1,octanove-c1c2-v1.0,0.95,5,12529,,,2.99
4979,979,competency,noun,C1,model:multinomial-logit-v1,0.5572,5,47754,,,3.27
4980,980,monotony,noun,C1,octanove-c1c2-v1.0,0.95,5,9747,,,2.75
4981,981,shortlist,noun,C1,octanove-c1c2-v1.0,0.95,5,26153,,,3.07
4982,982,acutely,adverb,C1,octanove-c1c2-v1.0,0.95,5,17651,,,3.13
4983,983,deteriorate,verb,C1,model:multinomial-logit-v1,0.4826,5,24275,,,3.15
4984,984,extremist,noun,C1,model:multinomial-logit-v1,0.4508,5,31686,,,3.46
4985,985,convoluted,verb,C1,octanove-c1c2-v1.0,0.95,5,15678,,,3.05
4986,986,collaborations,noun,C1,model:multinomial-logit-v1,0.4499,4,95268,,,3.32
4987,987,downside,noun,C1,model:multinomial-logit-v1,0.4229,5,65646,,,3.54
4988,988,encompass,verb,C1,model:multinomial-logit-v1,0.5049,5,48892,,,3.27
4989,989,incremental,adjective,C1,model:multinomial-logit-v1,0.4687,5,45699,,,3.38
4990,990,peacekeeping,noun,C1,model:multinomial-logit-v1,0.5554,4,20657,,,3.15
4991,991,redundancy,noun,C1,model:multinomial-logit-v1,0.5326,5,32228,,,3.32
4992,992,motley,noun,C1,octanove-c1c2-v1.0,0.95,5,30804,,,3.09
4993,993,homeowner,noun,C1,model:multinomial-logit-v1,0.5597,5,76003,,,3.2
4994,994,paternalistic,adjective,C1,octanove-c1c2-v1.0,0.95,3,3299,,,2.46
4995,995,creditor,noun,C1,model:multinomial-logit-v1,0.4706,5,30940,,,3.1
4996,996,industrialization,noun,C1,model:multinomial-logit-v1,0.6195,5,20753,,,3.07
4997,997,gusto,noun,C1,octanove-c1c2-v1.0,0.95,5,17465,,,3.0
4998,998,perpetuate,verb,C1,octanove-c1c2-v1.0,0.95,5,19666,,,3.19
4999,999,brokerage,noun,C1,model:multinomial-logit-v1,0.4222,5,68706,,,3.37
5000,1000,extravagance,noun,C1,octanove-c1c2-v1.0,0.95,5,8488,,,2.81
